Country_ISO,Year,DeathRate,Population (GPWv4.11),CO Population-Weighted (ppm),VOCs Population-Weighted (ppm),SO2 Population-Weighted (ppm),NOx Population-Weighted (ppm),O3 Population-Weighted (ppm),PM Pop.-Weighted (kg m^-3),HospitalBeds
SLE,2018,99.59,15.648840912423921,0.23809623111521255,0.06162137477546757,0.001599217569644205,0.004354085198553592,0.0512185362135107,4.936919878134109e-08,
GIN,2018,100.7,16.41588071909455,0.23546459218862612,0.07255047331042222,0.0020741973645734485,0.004857592769559627,0.0500226381651389,4.56858989563993e-08,0.262364264467491
CAF,2018,103.6,15.467492656614823,0.29500004713906575,0.2610919592765459,0.0010546916172093988,0.004215628737643568,0.0365379233166061,3.3124799451373825e-08,0.6931471805599453
LSO,2018,104.4,14.589626220613274,0.17333817931565218,0.030221398210324404,0.023579623691850675,0.017575243615927726,0.0519240836526349,1.1726199931248117e-08,
TCD,2018,104.4,16.550888943938283,0.1694583197876723,0.10191986128921886,0.0006056485578802196,0.0033739438448496108,0.047605978127042,4.279679908421698e-08,0.3750059006234558
EGY,2018,104.7,18.373053255333687,0.29439584034055727,0.014203969312089516,0.046013968387307425,0.03672623337008233,0.0645564677550749,5.854709828611861e-08,0.8064758658669485
CMR,2018,105.6,17.031354475643468,0.23100399135123653,0.07478940521118391,0.004733265404515291,0.00393091083659593,0.0458276286787577,3.966969921315747e-08,1.2947271675944
YEM,2018,108.4,17.15870949800309,0.1748403396441625,0.031488874375763906,0.017229325074562925,0.013220494865242727,0.0617612909282802,3.860839925469574e-08,0.45107561936021673
NZL,2018,11.17,15.249051764378011,0.05889688826165825,0.007434532250381479,0.005619071407282505,0.0026950052089350783,0.048008624024577,5.337039985758002e-09,1.2781522025001875
FRA,2018,10.68,17.99861323687647,0.14385733003267642,0.006126696407753781,0.0027475240965016117,0.014373636566653239,0.0547233753525702,1.256449992106667e-08,1.951608170169951
ESP,2018,10.88,17.600963290655493,0.12424552560136091,0.011045947277924278,0.006167285140777193,0.011232897122217107,0.0595549601732858,9.786259952114557e-09,1.3737155789130306
PRT,2018,11.22,16.02341820093828,0.1174376542413108,0.009949187288157775,0.006099117511313226,0.011601493665942902,0.0588881183555556,9.083249958747285e-09,1.4883995840570443
OMN,2018,110.6,15.383855814252566,0.1573344889808988,0.017818978812837876,0.014468872198367918,0.014609071948100244,0.068959347179406,5.224909863501582e-08,0.7371640659767197
PAK,2018,112.9,19.105904487074632,0.5637206451836477,0.03915015201005614,0.03522286026289382,0.03548294987282627,0.0613948657685005,1.1037199390901127e-07,0.4054651081081644
BHS,2018,12.26,12.555264853497734,0.08071548530790204,0.0014819313970495095,0.001463359766627163,0.0007839086633010802,0.0633926069789191,1.0438399945519904e-08,1.3297240096314962
CHE,2018,11.53,15.951133572335195,0.1500615208868672,0.008958743353134438,0.0015760523767255352,0.015264716142142217,0.0534890923212327,1.1570099933066394e-08,1.728109442151599
JPN,2018,12.35,18.61317319935184,0.1559496199066903,0.011252166265924471,0.010391462253274579,0.019656287177222103,0.06063050360881,1.7173299852538887e-08,2.6340447877917144
AZE,2018,120.3,16.107433211646097,0.12945036555008604,0.012501854135471908,0.00742467575296361,0.005328507256209191,0.0566126145574554,1.7372599849096386e-08,1.599387576580599
MNG,2018,120.4,14.944797841233378,0.11785732711892664,0.005685452143603088,0.0128033847443217,0.006007609124823923,0.0587439228508843,1.2266299924768943e-08,2.1815467646169897
UZB,2018,124.4,17.231682817036365,0.1524862190950049,0.013679077360074992,0.011833857882117098,0.02571587229617807,0.0539310759501095,3.08649995236759e-08,1.747459210331475
IRL,2018,13.49,15.348177061520913,0.10800121324487041,0.001739153794933824,0.0026562420634016846,0.005468527311358305,0.0608504813820065,7.782329969717671e-09,1.3787660946990992
LUX,2018,13.2,13.317606802752625,0.15527011359883724,0.005834489217215343,0.0020834560972526556,0.018572922499454317,0.0509878119371906,1.326679991199601e-08,1.706564623164823
NLD,2018,13.77,16.63725325556712,0.13685667660940581,0.003352031659310635,0.0024500212453620026,0.019260840360061014,0.0525673121172349,1.1335999935747553e-08,1.423108334242607
DNK,2018,13.99,15.463085386840733,0.12317499200868698,0.0019670510858735535,0.0019041160199311984,0.009914945078584094,0.0573101109865414,8.356029965088382e-09,1.2837077723447896
GBR,2018,14.44,17.964898509744053,0.1290867112713662,0.0031061758370527627,0.004994610142772655,0.02111000759611278,0.0404531028202377,9.987149950128417e-09,1.247032293786383
ISR,2018,15.28,15.924560177370626,0.3096995033469688,0.012952729042526132,0.08817284863688618,0.053088718798104034,0.0591738037688228,5.034029873292714e-08,1.410986973710262
EST,2018,15.21,14.002347870037102,0.1373657912880068,0.003183501278228714,0.00850485893904557,0.009511535586703647,0.05544370638378,9.319449956573926e-09,1.7101878155342434
AFG,2018,150.4,17.364794739525365,0.16830676849627937,0.014455949450465497,0.002260907221997079,0.003886974915709028,0.0593662165082749,2.7943599609577617e-08,0.33647223662121295
USA,2018,15.97,19.60427269594084,0.15439671241590153,0.017420466713124215,0.010057975554318853,0.017182505616418237,0.0477100599059891,1.3026499915155149e-08,1.324418957401803
CYP,2018,16.05,13.925790502365757,0.11701097413802064,0.011017615557615974,0.007941679218943445,0.002853812002073427,0.0705388319730666,1.514989988524027e-08,1.1568811967920856
ITA,2018,16.31,17.868916786086434,0.16781951195663208,0.011359740139416026,0.004366086756486186,0.01986779674123275,0.0573235111137285,1.647429986429872e-08,1.423108334242607
URY,2018,16.69,15.010774974106878,0.08221770526587897,0.013613367201692485,0.0014578558116205833,0.0033512094197689912,0.0475419264794198,6.792069976933892e-09,1.2584609896100056
BEL,2018,16.52,16.26571711750193,0.15391543273025823,0.0038707589374783594,0.0043039377579735865,0.023363831615245332,0.050271951777424,1.4158099899774104e-08,1.890095369948917
CRI,2018,16.71,15.407839415656321,0.11484142536002484,0.034225610296347624,0.00394282882454921,0.008510595922141534,0.0485190059506622,1.3801799904755158e-08,0.7514160886839212
TJK,2018,170.1,16.028836990718194,0.16124080169031152,0.017551435460303466,0.008699209913799522,0.009057982333579379,0.0562226987954905,2.6588699646520523e-08,1.6752256529721035
PAN,2018,18.01,15.199839010451473,0.11584430063468239,0.02127078432014845,0.0020251899178467835,0.005735089887809538,0.0539231268624845,1.682899985839238e-08,1.085189268335969
DEU,2018,18.07,18.202673053746313,0.14702529675768064,0.005347771147915025,0.00290116953495803,0.019062261135916456,0.053452858126043,1.2171199925930945e-08,2.190535589185423
BRN,2018,19.49,12.875546639333617,0.22087189625853582,0.10934890863392892,0.003058878856232405,0.006992065438235273,0.0507641928025364,1.8764499823946772e-08,1.4861396960896067
BRB,2018,19.06,12.315404873486372,0.07346964124960739,0.0008624090184167381,0.0004355891172843257,0.0003317299715282987,0.0561886180549533,1.825819983331907e-08,1.9501867058225735
CHL,2018,19.19,16.71374098105743,0.33367157270645326,0.023657318809880902,0.06005313337154642,0.026997060674941047,0.0529587815082788,3.492619939008029e-08,1.1151415906193203
ATG,2018,20.37,11.211642248215066,0.07329892803720166,0.0011398641080015812,0.0019937771048432035,0.00038723101639162485,0.0582845175801998,1.488259988925411e-08,1.4955223883042061
AUT,2018,19.56,15.978241070192357,0.15547835693097053,0.008654517392002244,0.002752700840279874,0.016390572656615806,0.0532854036609869,1.399219990210917e-08,2.1126345090356
KOR,2018,20.41,17.67410340817469,0.4291623031584186,0.033125663518964815,0.07178503629754748,0.06815203421568526,0.0586492959140346,7.776579697624033e-08,2.5974910105351463
LCA,2018,21.01,11.977953423571966,0.07376794585133034,0.0013393057295529546,0.000874658374816373,0.00046084779334127805,0.0565635174228697,1.7239599851398097e-08,0.8576017355254755
TTO,2018,21.05,14.002115063159875,0.07937435360547584,0.006596281620345673,0.0007272934579836484,0.003513443622111231,0.0571451882514775,1.863979982627893e-08,1.235471471385307
BLZ,2018,21.34,12.85336011145615,0.09521223773542975,0.034572364763596895,0.0006626144225677895,0.00100741838365377,0.0518261901846596,1.5482199880150744e-08,0.712949807856125
MLT,2018,21.77,12.768569792646122,0.1041088756832148,0.0017376883447190125,0.005148224123284724,0.0047395465837344625,0.0687799882292686,1.3384399910428919e-08,1.6695918352538475
JAM,2018,22.34,14.818875494187713,0.11259664064196362,0.01073808287129495,0.006639373500010179,0.0065945153083781585,0.0602433609211071,2.0623599787333567e-08,0.9895411936137477
SVN,2018,22.07,14.545658947129327,0.17646327636228804,0.016467275109553006,0.006278305132068826,0.01640595336047937,0.0532560898463379,1.6448099864730008e-08,1.6937790608678513
SGP,2018,22.66,15.404649462525738,0.1614863127325484,0.021130636278244602,0.042810555222185354,0.01339921226206417,0.0601924331764127,2.6671899644304882e-08,1.275362800412609
BRA,2018,23.48,19.139981252470054,0.13750688860811588,0.0484768265128868,0.005985769483831841,0.00806846918250257,0.046143672493889,1.457759989374679e-08,1.1939224684724346
ECU,2018,23.39,16.606523375653833,0.16039886434697945,0.04573023306600165,0.0014225986265637468,0.00792539690903944,0.0422508588034268,1.634519986641722e-08,0.8754687373538999
TON,2018,24.32,11.125752432083992,0.04951250226805934,0.0005065656739413815,0.00026605360460078457,2.3399726224270892e-05,0.0512590171390729,6.2514499804596865e-09,1.247032293786383
COL,2018,24.47,17.70689457622481,0.1777538079951239,0.056453834515555454,0.0027996792381110936,0.008620475700523648,0.0395081412703721,2.0498499789905753e-08,1.0043016091968684
PRY,2018,24.73,15.72482949415539,0.13798706473302938,0.11117116131076443,0.0005607687398160645,0.003068482388959136,0.0395806063595009,1.1207699937193732e-08,0.6418538861723948
GRC,2018,24.81,16.121294192167156,0.13430865410354217,0.010024588492040975,0.009425217757891523,0.009625874262424646,0.0610649293846369,1.3295999911608193e-08,1.6486586255873816
VCT,2018,25.94,10.91180526221878,0.07366049940986787,0.0011151419979768017,0.0010810524521745147,0.0003644725718020284,0.0564408761925005,1.77019998433196e-08,1.4154485507724637
PER,2018,26.13,17.277006879865358,0.13969880472984558,0.05235352973936234,0.002945337232683026,0.00720570444327001,0.0409251300342371,1.346479990934958e-08,0.9593502213346021
ARG,2018,28.14,17.608630807908703,0.11259258141328167,0.04257599232634394,0.001558480937448517,0.009972251404990239,0.0438662233229662,9.769989952273647e-09,1.545432582458188
MUS,2018,29.39,13.975923906281015,0.06484203694698747,0.0007674274522095964,0.0009397453010339191,0.0007038062702524689,0.0514619531673621,8.326369965335782e-09,1.5173226235262947
THA,2018,28.58,18.024231288387995,0.2831140953625289,0.05667599577284036,0.02382765227856853,0.016023479618431792,0.0527039074771846,4.050119917982642e-08,1.1314021114911006
DOM,2018,29.68,16.182274118846998,0.12125630708197191,0.021645000652261857,0.002723161826888572,0.011205297508440857,0.0542562773811346,2.0845099782740907e-08,0.8064758658669485
MDV,2018,29.65,7.967460405334763,0.0987563531038679,0.0010503362037559264,0.00037061731291840414,0.00012350537289743991,0.0561717662665992,1.2659499919868531e-08,1.7833912195575383
GRD,2018,31.01,11.340319478802149,0.0735575558453111,0.0010031276991320057,0.0004991514032083121,0.00027040443742462394,0.0562067017978719,1.790149983976815e-08,1.4678743481123135
MEX,2018,30.76,18.689153114286587,0.21899577878647478,0.05549695849820562,0.22626020868804678,0.022197394805036637,0.0532625934562438,4.0972399160631245e-08,0.6830968447064438
CUB,2018,32.03,16.212188084155574,0.09393860416981058,0.01214524896990538,0.0029620737249343113,0.003183146409690143,0.0593973463912242,1.3726899905786109e-08,1.6467336971777973
SLV,2018,32.08,15.624700742420622,0.19190622756730008,0.08585669426671533,0.009791097384112915,0.01541801814665315,0.0534979297046932,2.5624599671689945e-08,0.7323678937132266
WSM,2018,34.38,12.05783159439868,0.05005958097602514,0.0005583440969202125,0.0002988233478557978,8.589631080626632e-05,0.0449267178614482,5.705089983725974e-09,
KEN,2018,33.5,17.718261977769583,0.3133632153094609,0.044006195407483274,0.004513683984660883,0.01082113278320798,0.0457821865017164,3.742449929970341e-08,0.8754687373538999
VEN,2018,34.1,17.27405882870109,0.12724003472042078,0.05311806527999981,0.0022958515148723134,0.0060721759679345615,0.051311345931797,1.9963999800719355e-08,0.7371640659767197
TZA,2018,36.42,17.878419796764753,0.14611144848525914,0.03895380830658223,0.0011974427791469262,0.0021751077371264978,0.042736429920007,1.4217199898935614e-08,0.3646431135879093
HRV,2018,35.78,15.18382327144768,0.1622364548055553,0.01696172909685184,0.007524241762692649,0.011951237604428759,0.0559853785126687,1.5183899884724593e-08,1.9021075263969205
SVK,2018,35.87,15.504179954349674,0.15554653545306646,0.009753583776959073,0.01001830874063894,0.014567755113196185,0.0521775975198686,1.4135099900099474e-08,1.9021075263969205
LKA,2018,37.48,16.794768839912408,0.23773578412829507,0.03304123927974079,0.019017638881220423,0.012654297580502518,0.0557326034811065,3.7848199283756894e-08,1.5706970841176697
CZE,2018,37.59,16.171086062677233,0.16551489779950182,0.00667298006266785,0.008046263821969803,0.01836075300074991,0.0528122695903387,1.6040399871352783e-08,2.0438143640366846
PNG,2018,37.84,15.882057685352203,0.08623030127940139,0.10994260991160658,0.005105927537962717,0.0008724023463866891,0.0326341342321303,8.80094996127164e-09,
JOR,2018,37.72,15.882884327355768,0.2632256572083697,0.016482632993379234,0.062181522159056174,0.03893765675044338,0.0589061947807281,4.3851799038509843e-08,0.8796267475025636
FJI,2018,38.12,13.56663182952811,0.05787553264878042,0.00906871561195812,0.002030069014809556,0.0005281754907647725,0.0475637845548587,6.480779978999745e-09,1.0769507918869303
SUR,2018,39.24,13.221197540678734,0.08639468737567223,0.03169958582733184,0.0006092783522429386,0.00027602690106958035,0.0494848760874582,1.5900499873587053e-08,1.3480731482996928
NIC,2018,38.72,15.64533686976472,0.10010064355217681,0.04614223769488278,0.006203562057279007,0.0027336172614391007,0.0480035947171921,1.5564899878866945e-08,0.6678293725756554
TUR,2018,39.95,18.171126922878333,0.1365052791123314,0.013412269047679167,0.00845699757397159,0.013459218983628264,0.0570107087216061,1.627759986751987e-08,1.3217558399823195
LTU,2018,40.5,14.845764759341593,0.14565116334235068,0.0032123359197924906,0.004064083414034604,0.006850409275039219,0.0545669287779943,1.1984199928189476e-08,2.005525858729668
LVA,2018,40.91,14.447484306451482,0.14913338939229584,0.0036239645011294517,0.0030910617425037924,0.006332831227781984,0.0550874213577044,1.187389992950525e-08,1.8702625307159986
RUS,2018,42.12,18.790664910978176,0.1434516920861589,0.005926920057321237,0.011421697367315433,0.019820928109110972,0.0515379845648983,1.1390399935129394e-08,2.096790180014449
GTM,2018,42.07,16.668127006611527,0.20499583147099082,0.08522076880723464,0.00735369716946643,0.012436536690446327,0.0474172595118578,2.5080399685486772e-08,0.3646431135879093
SYC,2018,42.72,11.101919987319764,0.06795668349621736,0.0007289252694138141,0.0003449504977354741,0.00014610732580482006,0.0472693839016843,7.806199969531621e-09,1.3609765531356006
NAM,2018,43.94,14.7757824999777,0.13362263533677976,0.055522125015936716,0.0015599087095372443,0.003021513626719583,0.0477236805792875,1.3207399912782293e-08,
MWI,2018,44.61,16.75379545905144,0.2002001627790089,0.043615756171366996,0.0018772688277307256,0.005134673970110035,0.0402535292740586,2.2999499735511504e-08,0.832909122935104
KWT,2018,44.72,15.162603134751732,0.2741169464994662,0.05340312617635529,0.12774608194026127,0.061860808951584384,0.0734198317778498,8.592939630806932e-08,1.1019400787607843
SSD,2018,45.54,16.409131028044385,0.24561486782286132,0.1558376306966098,0.0011703189095929054,0.005946858333906904,0.0414847714161119,3.0924799521828384e-08,
POL,2018,45.77,17.466391484851346,0.14954955658991773,0.004441377465232783,0.011231104371899352,0.014426539251888283,0.0522410823110515,1.3651999906811449e-08,2.0135687975291283
COM,2018,47.12,13.316517848314684,0.07850587504330762,0.001464545030187009,0.0004945267015116208,0.000427494611156434,0.0504772589795502,8.571229963267008e-09,1.1505720275988207
ETH,2018,48.4,18.486853300607688,0.25385193796721056,0.05002799488364693,0.0013527046823495457,0.006524087782144786,0.0459808404220085,3.2364799476259876e-08,0.28517894223366236
HUN,2018,47.82,16.092953305528294,0.15292981544696185,0.009204419066761246,0.013190058451962276,0.013686685542747204,0.0522983857248582,1.4200399899174321e-08,2.0731719286662407
KIR,2018,49.23,9.548817026979437,0.0516453129217555,0.0004906865936402874,0.00017506867458526917,1.1899929195561714e-05,0.0395600567841087,5.709749983699378e-09,0.9516578757114464
DZA,2018,48.67,17.521459272815598,0.18549961640847773,0.022723427211988716,0.013474026231317694,0.025105967147604193,0.0644283696981126,3.0096699547094334e-08,0.973143543466938
ZAF,2018,49.6,17.8321483612118,0.39744678040109316,0.03493621123083203,0.046593022697085165,0.034643912291174576,0.050220974766117,5.192419865193877e-08,1.1786549963416462
SRB,2018,50.0,15.738487352134642,0.14894146223932173,0.014227431400120753,0.018944019582362987,0.009549100866230668,0.0544681875295967,1.3509899908741302e-08,1.888583653863595
HND,2018,50.65,15.938107029952233,0.14164671377277546,0.09627121967571824,0.0030085368111871613,0.0055889725554233525,0.0451196465936859,1.9813299803716575e-08,0.5007752879124893
ROU,2018,51.11,16.74372799434311,0.1472473894248663,0.009212157480130809,0.008106326771708762,0.012000790589382557,0.0529237077124506,1.1895499929248541e-08,2.0693912058263346
FSM,2018,52.48,10.420449013493128,0.0609189624939672,0.0007349968236457491,0.00014718916714305132,2.7199630086707746e-05,0.0475498044851104,5.768769983360646e-09,
VNM,2018,51.55,18.350501340886577,0.3245296780209684,0.04248353244130234,0.010173535644095571,0.016561680115556733,0.0562779087716958,4.657069891558498e-08,1.205970806988609
IRN,2018,51.76,18.217362707662605,0.318305762353515,0.03119898553144027,0.03818823898906697,0.04688828054431911,0.06385096304649,4.6500498918851785e-08,1.0750024230289759
GUY,2018,53.17,13.52762762534144,0.08474816944975186,0.03173528344335132,0.0003157331510424816,0.0001868295462733793,0.0491359302260822,1.6681199860868783e-08,0.9858167945227653
ZMB,2018,53.09,16.694499312377324,0.17461578847453738,0.05039109057405712,0.005758502950347354,0.004370166894941598,0.0448493588593087,1.8985599819773498e-08,1.0986122886681098
HTI,2018,53.57,16.169388723095846,0.13945857636434325,0.018283855919142424,0.0010813621171813876,0.0066988087959072495,0.0588330401038952,2.1192199775445332e-08,1.8389610707123492
BOL,2018,54.13,16.235002381882953,0.13243934530784912,0.13177879472163817,0.00035230193438511617,0.001866851348144516,0.0317009519781184,7.460369972171441e-09,0.8153648132841945
GAB,2018,55.57,14.374002657655614,0.17646516153879474,0.06029244335716119,0.0013507483285928688,0.0019870884314563647,0.0420011555709002,2.1304399773061274e-08,1.0818051703517284
LBY,2018,55.74,15.68723146848692,0.12634713705040282,0.008285357435050184,0.007234460073933536,0.009291515862420606,0.0649372831815,4.142979914178586e-08,1.4350845252893227
TUN,2018,56.07,16.21572447789435,0.17786534427766193,0.010854740563264834,0.019722711357888143,0.015705421671432507,0.0626572116128567,2.8660199589296475e-08,1.0367368849500223
ZWE,2018,56.76,16.625081115140805,0.17148275445853037,0.040624169194115545,0.003054487300363676,0.004812167925035438,0.0457213863378126,1.5622299877971873e-08,1.0420419371797154
IDN,2018,57.45,19.356852187721078,0.23604486630178007,0.05202030260302394,0.01999445301409725,0.014420716840753507,0.0551600796585743,3.5291999377237385e-08,0.7654678421395714
BWA,2018,58.2,14.669929252072123,0.12492921765443997,0.05009991369198411,0.005101957850812163,0.0036677824548336808,0.0512519635029288,6.240669980527019e-09,1.252762968495368
SLB,2018,58.84,13.015475829759728,0.05595501804959903,0.01786887841624697,0.00026957266202477624,5.329857960547113e-05,0.0433787325443826,7.073029974986124e-09,
VUT,2018,58.93,12.23494038379929,0.054611605697760156,0.0035226212779595804,0.0007665051598480947,0.00016686407741545184,0.0502560455337036,8.185519966498631e-09,
TLS,2018,59.15,14.030998358661398,0.10265457269414208,0.03293649432426485,0.0005009245163627179,0.0007195960286632428,0.0489649561200789,1.0430399945603379e-08,0.35065687161316933
LBN,2018,58.65,15.373091554047907,0.26876165514890327,0.010258753583017501,0.03625354719777705,0.03429437847579654,0.0609776752953191,3.9586199216466405e-08,1.3164082336557241
KHM,2018,59.13,16.603352727615285,0.2050864311896329,0.07240754431683971,0.005196801206741439,0.006975139059053398,0.0509318313027765,2.7197099630158883e-08,0.5481214085096876
AGO,2018,60.18,17.105431208367683,0.21076557041377222,0.06443877116270784,0.0021619493025285454,0.005418668462955186,0.0477316272305844,2.467259969563141e-08,
CPV,2018,60.0,13.029358043401066,0.08317196612553199,0.0009251649029412373,0.0005239637070390571,0.0003626572319158861,0.0626641422494447,3.045289953631045e-08,1.1600209167967532
MDG,2018,60.22,17.078412152803082,0.1297045015337467,0.040260871039916754,0.000622390274984032,0.0027905986551078057,0.043409610625643,1.1151099937826485e-08,0.2795238847503174
MAR,2018,60.05,17.393438352565596,0.1669869800270851,0.017514892818238717,0.015946984240436387,0.014036225669978624,0.06012562248168,1.977229980452808e-08,0.5364933705145685
BTN,2018,59.99,13.780580764035568,0.38266462882068136,0.05025183540736528,0.005958263243035496,0.009991791379807184,0.0592033781762213,3.7169899309199285e-08,1.000631880307906
MYS,2018,60.22,17.216120683558668,0.22299322401562757,0.10297454429062727,0.007866186274446116,0.016116226155346806,0.0546307438889459,2.7265399628298988e-08,1.0647107369924282
DJI,2018,60.76,13.630552364296223,0.13233957681912906,0.005913255194439454,0.0021728785885518306,0.0030436394266943833,0.0599220431683611,2.9222399573025677e-08,0.8754687373538999
UGA,2018,60.86,17.579683722787465,0.3114628008655394,0.07067062194288996,0.016278632175511593,0.007107793679516938,0.0473861610908062,3.718549930861931e-08,0.4054651081081644
LBR,2018,61.14,15.317990497262274,0.16804318257528084,0.044324548131594095,0.0007919862960424947,0.001652288219702203,0.0480895549382715,3.005909954822526e-08,0.9707789171582247
BIH,2018,60.66,15.153350758959052,0.14185381201984823,0.017291808218584045,0.012502724189522448,0.007540610004609229,0.0561702873649503,1.2649099920000135e-08,1.220829921392359
GNQ,2018,61.81,13.675803219098317,0.15951610899159727,0.040614498114364773,0.0018202373623602583,0.001143302180914371,0.0465794020318899,2.1742999763620982e-08,1.1314021114911006
MDA,2018,62.49,15.188886603292934,0.12802258760739,0.0045284530614842665,0.01187290824894544,0.007020221480313243,0.0558457062805809,9.944059950557835e-09,1.9095425048844386
ALB,2018,61.54,14.85524342565002,0.13042456530569274,0.009797310235219382,0.006541159891404538,0.00735980705480932,0.0605773051506406,1.2558299921144552e-08,1.3428648031925547
RWA,2018,62.5,16.331337658581248,0.4376290234790439,0.048157355416772414,0.11583891864051953,0.013451269666457818,0.0460586386135879,6.975549756708523e-08,0.5481214085096876
MRT,2018,64.11,15.266553700146819,0.10661431841854113,0.02107751232401633,0.0012848901749588615,0.0020002202250845222,0.0539570457778618,8.040959676714828e-08,
SWZ,2018,65.39,14.081658784976147,0.21904694527027546,0.040642779422188746,0.007894415937375244,0.010837443193229506,0.0475115571157521,2.5139699683997745e-08,1.1052568313867783
MOZ,2018,65.74,17.218645654044657,0.13520530272996575,0.04129680945779944,0.0008102066938973014,0.0027598321573562784,0.0441293824698919,1.575919987582381e-08,0.5709795465857378
SOM,2018,65.84,16.27176304630816,0.08481679999948953,0.031819975899272906,0.0003329385698029226,0.00036436461115206596,0.0482471330299263,1.3055599914775654e-08,0.6259384308664953
LAO,2018,66.26,15.780544032213758,0.2920328650125718,0.1094984270816904,0.004239020643158583,0.006533311367128243,0.0512797503165076,3.100729951927368e-08,0.9001613499442714
COG,2018,67.42,15.34361087972559,0.24274061395401142,0.1651321967884584,0.00407136772311797,0.0033569441527407638,0.0383099494280213,2.8077599605824195e-08,
SEN,2018,66.86,16.602718034244955,0.14220786952460418,0.020149724893975634,0.026822779246714473,0.003909418256408874,0.05492737105031,6.271679803330158e-08,0.5306282510621704
MNE,2018,67.02,13.337920270668556,0.1296541696504087,0.012312809289199337,0.006406976422560342,0.005299605251895454,0.0599074255301595,1.1353799935545613e-08,1.599387576580599
CHN,2018,66.53,21.037790006663457,0.5267717785396041,0.02375151038037707,0.07534780074851226,0.06873975358865222,0.0542144354094085,9.217919575149781e-08,1.7209792871670078
MKD,2018,68.25,14.55607708736502,0.1440106983972707,0.01535941199509867,0.02316695864030794,0.011766013187087173,0.0554769522434883,1.3085499914384846e-08,1.715598108262491
BHR,2018,68.4,13.616845327989022,0.21884759208100862,0.028256783137766653,0.036480523799729825,0.03570878817292125,0.0791460829476236,6.03780981772426e-08,1.0331844833456545
UKR,2018,69.09,17.545290900206282,0.13150903979688672,0.004315317609221211,0.009917785769127134,0.011453218772932774,0.0527706544430796,1.0191499948066665e-08,2.038619547159581
BGR,2018,68.55,15.807336059882786,0.1478622634023785,0.012483635168024176,0.0272376872361273,0.012325096981484195,0.0535233209833037,1.2286999924514815e-08,2.1482677326096886
BGD,2018,69.08,18.898817928165908,0.5514328260680488,0.047449521147130976,0.02136420641620624,0.02778960512515767,0.0587163239249231,9.590459540115414e-08,0.6312717768418579
MLI,2018,70.12,16.779978643422552,0.15477424137234194,0.06020781402295735,0.0006645671263415454,0.0035543607691153247,0.0447656681544493,4.324529906492204e-08,0.22314355131420976
GEO,2018,70.45,15.185430329247751,0.12499965488467754,0.017083213431950184,0.005349743569644702,0.0061114221583317965,0.0540038422044099,1.2245699925021416e-08,1.6524974018945473
BLR,2018,71.26,16.060851351783274,0.12703940167924052,0.003948013329090693,0.004274249367727632,0.00868166405942891,0.0519294531454373,9.044979959094168e-09,2.391511302188447
MMR,2018,70.94,17.810584747459185,0.24664951904680962,0.09861391373329415,0.003929366916356211,0.004810242212357725,0.0492022663731827,2.8689999588441958e-08,0.7227059828014898
SDN,2018,71.78,17.580615798490076,0.1436654191046159,0.031656836720433255,0.0017839268558709897,0.00392753512660581,0.0562180499557802,3.610559934819284e-08,0.5068176023684519
ARE,2018,72.1,16.00850451215446,0.246684707867595,0.05203128700399801,0.029197446669220903,0.05635222812622328,0.079093051361621,7.205509740403141e-08,0.9555114450274363
BDI,2018,73.44,16.323569812374632,0.36008492832778194,0.04013565120055527,0.009922858198570441,0.010051537612779328,0.0440976761239773,4.60515989396251e-08,0.585933096252796
KAZ,2018,72.86,16.71579605143455,0.12745827741088822,0.007145420569670165,0.010474649809601009,0.008455174059149138,0.0552777638648835,1.5649099877552833e-08,1.824549292051046
COD,2018,73.79,18.26008609689383,0.30840303089398424,0.19126191905462667,0.01290004547129087,0.005691717401587552,0.0380649299359593,3.684989932104245e-08,
ARM,2018,77.09,14.93466374708949,0.14334168483610416,0.011558667479213915,0.009273165985218353,0.009599305884775396,0.0567498891290269,1.8667799825756625e-08,1.6448050562713916
FIN,2018,7.81,15.474821790599599,0.12472079984059714,0.0024563377308671744,0.0016693997764622972,0.020694716521138422,0.0511358521145165,6.379409979651564e-09,1.5282278570085572
AUS,2018,7.99,16.999030140503763,0.07930059298992458,0.03837235917201241,0.008048092050534762,0.014168907262642543,0.0487824942625143,7.83105996933725e-09,1.5611476233063195
NOR,2018,8.22,15.410459340080992,0.1252383074820233,0.005627375579527947,0.004302197263575457,0.010661204855035045,0.0558825951408008,6.08366998149448e-09,1.5085119938441398
NPL,2018,79.64,17.234183000108658,0.6416734951660734,0.06301141163668349,0.014347786470762474,0.017346388700632945,0.0608657999999637,9.231509573896142e-08,0.2546422183735807
ERI,2018,80.7,15.558535900952743,0.1806558243984019,0.032020956030334696,0.0017960092094768051,0.00449371412572778,0.0584524947045626,2.6585099646616238e-08,0.7701082216960736
BEN,2018,81.44,16.283063459552523,0.22996822456336705,0.034490846873820404,0.0023674374072654657,0.005164246295838908,0.0522155334287789,4.602049894105682e-08,0.3646431135879093
SYR,2018,82.62,16.806261155550022,0.21736587825944045,0.014703840744699397,0.02529644683114207,0.025082332737169876,0.059001128070523,3.699079931584038e-08,0.8153648132841945
NGA,2018,84.91,19.091186310836225,0.3463077963905538,0.04075236841641422,0.003530432682201755,0.010738080892656219,0.0538995918557057,7.089659748683617e-08,
IRQ,2018,85.79,17.492667875250966,0.26048249890287095,0.029819152813412297,0.031190424790161674,0.03039563064374402,0.0627211333112799,6.291399802091439e-08,0.7227059828014898
STP,2018,86.62,11.90344044135904,0.10330201169158629,0.0012871602537023565,0.00014610432624310548,0.00012956660588479133,0.0512712755661205,1.386529990387673e-08,
BFA,2018,88.07,16.797792883627636,0.17188433550387264,0.04703521944007185,0.001017507163966574,0.00416823084332018,0.0455036882195451,3.879249924757099e-08,
PHL,2018,88.47,18.368744354191726,0.1447761121278127,0.03558545977297288,0.034345019329364145,0.008642626675703242,0.0531406483052186,1.9825099803482708e-08,0.6626879730752367
IND,2018,87.79,21.020017683724735,0.5646204687452122,0.038962591381184346,0.03606548102418894,0.033231005810043755,0.0600357427162392,1.0095199490434719e-07,0.9707789171582247
PRK,2018,88.52,17.02691024160226,0.4829810477287838,0.016343811306261575,0.04049824003742793,0.037270366308897844,0.0579232056515107,7.339239730677794e-08,2.624668592163159
SWE,2018,8.68,16.036615342097868,0.11965411254420581,0.0023118097075167537,0.00116542362998901,0.006091928466131121,0.0585811201921707,6.610919978147868e-09,1.1410330045520618
ISL,2018,8.8,12.594627680869786,0.10156223762405601,0.0009429223090008897,0.000657321916606118,0.0007726834032771916,0.0582199990999992,5.408309985375091e-09,1.3532545070416904
CAN,2018,9.37,17.363424871775646,0.14726964456929062,0.005863453310659188,0.006960317690940839,0.013118370677813549,0.0457640240797626,1.1762499930821797e-08,1.264126727145683
CIV,2018,90.37,16.976105436412038,0.18124398725771682,0.04843802789101527,0.0014701997265509758,0.0024000824963844227,0.046797347140799,3.0850999524107915e-08,
TKM,2018,90.22,15.550674636589754,0.12474357789006942,0.009239450514831448,0.0028920779081580954,0.005237644561021925,0.0577631266820209,4.536159897116265e-08,1.5727739280625088
GMB,2018,92.82,14.460383361563693,0.1577518039893438,0.021909073845734314,0.012614680300015862,0.004070093918999996,0.0539702527521766,5.667629839389857e-08,0.7178397931503169
GHA,2018,93.08,17.18085254872527,0.22178909124717314,0.04053096113414736,0.00224107691014951,0.004202528991710189,0.0487416516361397,4.082669916659031e-08,0.5335651107354801
QAT,2018,93.64,14.626831413426713,0.22717647851999637,0.03738290329943969,0.01717064215025169,0.03345691123777149,0.0808050060405339,5.670379839233959e-08,0.708035793053696
SAU,2018,93.93,17.315977805274695,0.15537569005289556,0.012675291999640246,0.04412849641291575,0.016418903070593148,0.067774070724167,5.781729832857997e-08,1.247032293786383
GNB,2018,95.11,14.43563849887074,0.16907597173275868,0.04879196226305353,0.004009253192780158,0.002506316563042128,0.0526514481615089,4.778759885817268e-08,
TGO,2018,94.63,15.857877665385587,0.22281833923849476,0.03443111613166983,0.0024282703636895457,0.00477370770494663,0.0497589618999092,4.28461990821016e-08,0.48858001481867097
KGZ,2018,95.54,15.691259431786174,0.13261747175103766,0.010256750238586403,0.007207394221813205,0.012459222534887368,0.0593277249139913,1.6863199857816247e-08,1.6486586255873816
NER,2018,97.98,16.929164908174666,0.17496304842356736,0.030941593317951918,0.001464623914569522,0.005741818166896468,0.051569712353085,5.7959998320319264e-08,0.2151113796169455
KGZ,2017,100.1,15.676847607481545,0.13541301601040032,0.01153501319445806,0.0073252805005435415,0.012441476855911834,0.0593744224137588,1.534609988224861e-08,1.673351238177753
NER,2017,100.8,16.889339518305437,0.16892309781558681,0.030476134761441388,0.0013593137143623696,0.005341830981918003,0.0505912922136797,6.508009788229038e-08,0.16551443847757338
SLE,2017,100.9,15.628561592855048,0.2780135811106261,0.06848718458221156,0.0019410090225983423,0.005685322880606404,0.0510765730009533,5.463899850728989e-08,
GIN,2017,103.0,16.389795558539596,0.26404902139028374,0.08365304961569707,0.002153769971433648,0.005688110980305236,0.0499460612473946,4.9653098767284874e-08,0.262364264467491
EGY,2017,104.3,18.35421584010383,0.297517283065007,0.014548175241219785,0.04636202433674314,0.03675134658340228,0.0643466956587269,5.844419829213781e-08,0.8197798314933114
CAF,2017,105.6,15.447583330193753,0.2661379850187302,0.14543802463748148,0.0009894553275876794,0.003998792162949564,0.0393042613283154,3.229429947853911e-08,0.6931471805599453
LSO,2017,106.7,14.578748865374576,0.1719725509221279,0.0289967647163899,0.023490585078823897,0.017701010642233044,0.0510098154875563,1.15547999332433e-08,
TCD,2017,108.1,16.519544139907754,0.16398886096896886,0.08146458309862663,0.0006246448687668354,0.0032176468178245414,0.0480961443356707,4.985119875742897e-08,0.3646431135879093
YEM,2017,109.1,17.13628842955512,0.17654387056327867,0.034392820883200864,0.01625213567533432,0.012382806617398677,0.0614673305804315,3.825529926826603e-08,0.45107561936021673
CMR,2017,108.5,17.00740382540864,0.23339537730720963,0.07124440727684597,0.004715220853044723,0.0040829533900669426,0.0455564661130504,4.3746999043100025e-08,1.2947271675944
NZL,2017,11.38,15.240592276333107,0.058864537305464225,0.006265511623934709,0.005758609335952558,0.002695789093205564,0.0472721661760128,4.808289988440173e-09,1.308332819650179
FRA,2017,10.84,17.99427728739684,0.15123966321245086,0.006317952638966879,0.0030270189519483095,0.015338999724144287,0.053372021227805,1.3089599914331187e-08,1.9629077254238845
ESP,2017,11.34,17.600818897715936,0.13462261864578148,0.011910264373600335,0.006992158783269202,0.01222423466230679,0.0588945839382677,1.066929994308302e-08,1.3762440252663892
PAK,2017,111.6,19.086245920657234,0.5579997199435595,0.03677754836295727,0.034778660869591305,0.0353224179336281,0.0597271829257887,1.029439947012668e-07,0.4054651081081644
CHE,2017,11.69,15.94277496160376,0.1603730270952745,0.00917674062027817,0.0016860967396484215,0.015823732767937197,0.0528500977959155,1.1335499935753222e-08,1.7316555451583497
OMN,2017,121.4,15.369478167602747,0.15662160828190563,0.017152148270033796,0.01368173475601118,0.014553170032321868,0.0677368590581983,4.988999875549399e-08,0.7466879474879752
MNG,2017,121.8,14.930475126358708,0.16175632373790613,0.006838735451443234,0.014407322307971532,0.008256858133376356,0.0591364915184873,1.5128599885562733e-08,2.1633230256605382
AZE,2017,127.8,16.097655527704767,0.13361801137301052,0.01384810287841869,0.00787472083852833,0.005508330255146,0.056728712890083,1.695329985629281e-08,1.6054298910365616
UZB,2017,128.7,17.219497871145624,0.15671021171477278,0.013614900188690188,0.012182324240285263,0.02594870630108718,0.0541417733593252,2.9290299571039172e-08,1.6601310267496185
JPN,2017,13.21,18.615550874034394,0.15786242875644338,0.011043460891537548,0.010928471129836715,0.02100550648801586,0.0610013223421156,1.7873599840267215e-08,2.6397713603489157
BHS,2017,12.83,12.545268740507257,0.08470809672499091,0.001531679380011735,0.0015239332236833222,0.0009049544052166898,0.0629919196386414,1.0065199949345875e-08,1.3837912309017721
EST,2017,13.32,14.005667132355233,0.13313753807400067,0.0026435098469373567,0.00795254452710529,0.008163903468253507,0.0555702885485483,8.192089966444832e-09,1.724550719534605
PRT,2017,12.84,16.027138303219903,0.19354206165757062,0.012024729285382993,0.0073919093970951566,0.015932242107105647,0.0570325512106874,1.743429984802259e-08,1.4770487243883548
LUX,2017,13.4,13.305207997376884,0.1641962251007135,0.005923636570647475,0.0020472699120960445,0.01938372976693788,0.0488927598018419,1.4274099898125036e-08,1.7334238922150915
DNK,2017,13.9,15.459459048646384,0.11995347854020731,0.0018334172629517575,0.0018774285276367158,0.009276080825419433,0.0571708611704255,8.385709964839934e-09,1.2837077723447896
IRL,2017,13.76,15.340190140300454,0.10545275770339801,0.0014942660282367271,0.002662756714631412,0.0048640990664633585,0.0606684596739454,7.289029973435021e-09,1.3787660946990992
AFG,2017,146.8,17.34217622043291,0.17845060849812222,0.01474552343926617,0.0022343170535970326,0.004006759208742258,0.058393366022432,2.0575899788316173e-08,0.35065687161316933
NLD,2017,14.6,16.634046685536912,0.14137383909309384,0.0034507423344024555,0.002683959954936123,0.02078670175956526,0.0516973585228511,1.2167199925979622e-08,1.4445632692438664
GBR,2017,14.84,17.958757230787985,0.1328379835219883,0.002929784985527573,0.0053957885151483176,0.02161808913193815,0.0397391302265741,1.0276899947192663e-08,1.2612978709452054
ISR,2017,15.48,15.908174862326026,0.30042761508772275,0.012026401059981403,0.08752959852298624,0.0511147468988963,0.0591793799474512,4.574969895348251e-08,1.420695787837223
USA,2017,15.52,19.597120634295653,0.15799285264753923,0.017862237132698282,0.01069905741815854,0.018111299768585817,0.0478066745832214,1.3186599913056792e-08,1.33500106673234
URY,2017,16.56,15.007237129339678,0.08645347564161016,0.010620386513745687,0.0014862160336122667,0.0034768577190854794,0.0484545941371973,7.099749974796775e-09,1.244154593958768
ITA,2017,16.61,17.869015485753593,0.18884560135897255,0.013507899156498021,0.00487041425389974,0.021116912264803236,0.0580756047604338,1.577949987550369e-08,1.4327007339340463
BEL,2017,16.93,16.26005885746853,0.16189789564616666,0.004044137441346657,0.00465922493448251,0.024864044724311783,0.0480999030685706,1.5144599885320546e-08,1.8961194845522977
CYP,2017,17.36,13.916968591835785,0.12068777813749983,0.015107705732453434,0.008740853195200867,0.003109199426066951,0.0699704567735203,1.2547499921280123e-08,1.1817271953786161
DEU,2017,18.3,18.203404030042293,0.1532742490168104,0.005171564378787485,0.00297324153347595,0.02013151732357196,0.0516912038341664,1.2708299919249557e-08,2.192770226986839
TJK,2017,181.6,16.008075072945633,0.166647786673777,0.01786821929955831,0.008899088392374837,0.00915465399023407,0.0553534736224172,2.4304299704650507e-08,1.6882490928583902
CRI,2017,18.52,15.398262681000185,0.11597927385573266,0.03529343552244462,0.0038692746926599062,0.00910803463712724,0.0465986650613293,1.4253599898417444e-08,0.7654678421395714
PAN,2017,18.84,15.185142447932996,0.11686195381293424,0.022365619435772963,0.002032677710189242,0.005805135548136506,0.0522067216422289,1.662969986172654e-08,1.1474024528375417
BRB,2017,19.52,12.31357802432363,0.07543505055266916,0.0008940632063534702,0.00046717285776504895,0.0003588566032663121,0.0537088974540388,1.913289981696607e-08,1.958685340544036
AUT,2017,19.56,15.975608427475821,0.15925873518495404,0.009163610578821951,0.0026376064557839603,0.016907450116311194,0.053180154520678,1.2799299918088962e-08,2.124653884501384
CHL,2017,19.76,16.70384463787071,0.3574945672557546,0.023706784382360624,0.06128979442243029,0.027418418107188335,0.0527030572239933,3.882869924616605e-08,1.128171090909654
ATG,2017,20.51,11.201637622434067,0.07460156067600546,0.0011361713128600034,0.0021093886745897615,0.0003987175016115058,0.0555007904310838,1.4990599887640957e-08,1.449269160281279
BRN,2017,20.75,12.863435148997949,0.1425167210075936,0.10060026893986852,0.0027044975473569524,0.006894647201524214,0.0472292290808097,1.4715099891732917e-08,1.4678743481123135
MLT,2017,20.55,12.76802752422998,0.10881090710507964,0.0016447157132889565,0.00556713172513167,0.004730900621384023,0.069042589869156,9.680209953146768e-09,1.7029282555214393
KOR,2017,20.73,17.670232422190935,0.42016089413031243,0.03203639648799172,0.07154702658727853,0.06590543398638932,0.0592843574813029,7.888349688869689e-08,2.5847519847577165
LCA,2017,21.82,11.971354301513815,0.07570943134742275,0.001394974570390088,0.0009466797572822997,0.0004968905294512689,0.0543801283097301,1.8165699835003672e-08,0.8415671856782186
BLZ,2017,21.79,12.833144417879739,0.10561283382292064,0.04274175220570214,0.0007304871292990494,0.0013096460391252946,0.0504408149790948,1.5673699877167566e-08,0.712949807856125
TTO,2017,22.55,13.998892102772386,0.0819748988662142,0.007664597782249187,0.0007649353623341823,0.0036893639196371618,0.0545095697147235,1.92831998140791e-08,1.244154593958768
JAM,2017,22.57,14.815561905825234,0.11935336293575112,0.013593011002907879,0.007063807463927341,0.0074590589235079795,0.0592502230070091,1.997279980054363e-08,0.9969486348916096
SVN,2017,23.07,14.545030313040083,0.18639953884418992,0.018284349805807152,0.006665203101267894,0.01729338570256334,0.0538350629193216,1.54898998800315e-08,1.706564623164823
ECU,2017,23.83,16.592252884533885,0.16159793831556732,0.04445691873145386,0.0014486961328390607,0.008204128911774971,0.0413195322896618,1.6279199867493826e-08,0.8754687373538999
TON,2017,24.53,11.113883434661837,0.05049392812945693,0.0005087895446453837,0.0002603701007632622,2.4299704759782883e-05,0.0504582447788755,6.203309980759473e-09,1.247032293786383
SGP,2017,24.64,15.390229541312499,0.15026895768254872,0.019066971473660127,0.043668655413753754,0.013703222511843078,0.0594598042785431,2.6164699657704242e-08,1.2499017362143359
GRC,2017,25.71,16.123692465531295,0.13874705711851043,0.011462598680732582,0.010015203996384977,0.010467884028128099,0.0610907631197503,1.1896999929230697e-08,1.6505798557652755
COL,2017,25.79,17.69876244080579,0.17460040107432495,0.05689189443791895,0.002774592256465092,0.008595734593859289,0.0373612821889215,2.0301099793932673e-08,1.007957920399979
PER,2017,25.93,17.264878782214566,0.13334929304540064,0.04508406219250626,0.00262718891502016,0.006041659365386606,0.0414065850104765,1.287629991710045e-08,0.9669838461896731
VCT,2017,26.8,10.911224280591671,0.07565039279689444,0.0011604474203662314,0.001140002949641098,0.0003927738542497616,0.0541779766275347,1.8607799826874892e-08,1.4154485507724637
MUS,2017,27.54,13.97322387548333,0.06404063658862659,0.0007466172119910545,0.0009154398570437695,0.0006584931457920813,0.0497361020908315,7.805829969534509e-09,1.5085119938441398
THA,2017,28.34,18.02269670860714,0.27414278074889986,0.054089110399128094,0.022622185857333898,0.015278145482918918,0.051746290074192,3.7398699300668635e-08,1.1378330018213911
BRA,2017,28.82,19.132286525431116,0.14003512331871626,0.049633320993746205,0.005946857339836114,0.007935056005688137,0.0462300444978108,1.485309988969271e-08,1.205970806988609
ARG,2017,30.1,17.59916307788991,0.11389437616661097,0.03496719610824199,0.0015828925643008379,0.009891526153908616,0.044657066734396,9.886379951129746e-09,1.7900914121273581
MDV,2017,31.09,7.971921039915879,0.10140284449871705,0.0010579601627359314,0.00034428772617858014,0.0001278358286522631,0.053741920511609,1.4187099899363098e-08,1.7817091333745536
PRY,2017,30.94,15.712478781334958,0.1418556646603289,0.07636435574739574,0.0006433540034248268,0.0032860270943669482,0.042979597366283,1.2074499927103226e-08,0.636576829071551
DOM,2017,31.97,16.171810788464906,0.12709514660892282,0.026659918126423036,0.0028266283194648854,0.011979911444556908,0.0524898659092737,2.0239399795183346e-08,0.9082585601768908
MEX,2017,32.33,18.67714957243733,0.22606850625976702,0.06490891534566652,0.22945208262047856,0.022954007457835286,0.0536617180435064,4.124139914957349e-08,0.688134638736401
KEN,2017,32.81,17.693316674968848,0.30149552021721127,0.04818326004037251,0.004415780076667986,0.01029601070296413,0.0457902805134634,3.418829941558008e-08,0.8754687373538999
CUB,2017,33.13,16.212660445759525,0.09768406898936269,0.01379887608951531,0.002868778118276585,0.003148683688631732,0.0591325711452098,1.2874199917127487e-08,1.6428726885203377
SLV,2017,33.22,15.621182644674445,0.18946452329209676,0.08731798806298346,0.009540570675308153,0.015148305864104242,0.0522103805433647,2.3864499715242824e-08,0.7275486072772778
GRD,2017,33.65,11.335603986922154,0.07573822806412957,0.0010833849265607543,0.0005304033112908663,0.00032667463603036027,0.053813109152983,1.8702999825098895e-08,1.4655675420143985
WSM,2017,34.54,12.05227842716298,0.05121731625128504,0.0005576554812748223,0.0002800527815587782,8.899603973497398e-05,0.0442785490559967,5.7022199837423434e-09,
TZA,2017,36.83,17.847975904404283,0.13865352221748295,0.034705463585226845,0.001186093313141003,0.002066350626298973,0.0420484705077969,1.3127099913839623e-08,0.5197853651374625
VEN,2017,36.54,17.26183837419514,0.13373101194925943,0.070489474351322,0.002423648589537573,0.007042014709587537,0.0487673397176623,2.1122699776915775e-08,0.6471032420585385
HRV,2017,37.28,15.187725926047614,0.1696034762779406,0.019839849152457435,0.007726487668661882,0.012227031262249579,0.0567136298372605,1.4224699898828956e-08,1.888583653863595
JOR,2017,36.73,15.868352258668144,0.26494466467712996,0.018197618389578875,0.06381848634972913,0.03848392448346661,0.0597761091816978,4.0551199177800114e-08,0.8960880245566356
PNG,2017,37.86,15.8617114825203,0.08694339567895282,0.11098045000218063,0.005158818384606462,0.0010017121188493213,0.0315414738663844,9.094379958646127e-09,
SUR,2017,37.87,13.213076132501248,0.08855054303228678,0.039937751212345475,0.0006198018831234212,0.00027777541683649855,0.0444648162765965,1.6142099869716303e-08,1.3428648031925547
CZE,2017,37.93,16.17049947133356,0.17290261079750907,0.006873812129792693,0.007722793316708057,0.019486467519022443,0.0517858703268339,1.5528799879428184e-08,2.0425181875752383
LKA,2017,38.05,16.79022118590107,0.22693523299519958,0.03409436701894159,0.018156300294254232,0.011819854481553609,0.0544988242027918,3.5338499375595226e-08,1.56234630490025
SVK,2017,38.08,15.50386916608258,0.16246306743751907,0.010311229087901741,0.009986370797780884,0.015786230204064115,0.0512309492686375,1.3673299906520436e-08,1.9198594718553708
FJI,2017,38.16,13.560492597208365,0.05832866671575405,0.008437167787275308,0.002059100596555482,0.0005444677505298522,0.0473888444187831,6.596969978239993e-09,1.0612565021243408
RUS,2017,39.18,18.791508815913474,0.13760938118980207,0.004994336512828618,0.011078561488295259,0.017926561722407062,0.0514949585568496,1.122649993698285e-08,2.105352923464337
LVA,2017,38.6,14.452872729367442,0.14510544215651053,0.0029814729889713894,0.002894637491643368,0.005839261281821157,0.0554358893373962,1.1097099938427187e-08,1.8825138324965192
LTU,2017,39.39,14.851605630613859,0.14025708151267224,0.002691731039365493,0.003853635200603194,0.006347846722009024,0.0553572650827228,1.1103699938353923e-08,2.0228711901914416
NIC,2017,41.12,15.634604134952339,0.10608321264943442,0.054026235798803855,0.0072954444123510395,0.003353236612763051,0.0463612322897179,1.442649989593805e-08,0.6523251860396903
TUR,2017,40.69,18.162083362016173,0.14033424727311683,0.014478493923866976,0.009105041023093103,0.014799625283274756,0.056589332034624,1.5514899879643942e-08,1.3137236682850553
SYC,2017,42.88,11.098438885485335,0.07117473269570793,0.0007367655216152019,0.0003339052474376818,0.00013442396469400862,0.0465388276807987,7.1043399747641765e-09,1.3056264580524357
SSD,2017,43.63,16.38222902270923,0.2258395689903464,0.11786921327631905,0.0011093144831092233,0.0055100248933190755,0.0401765864646071,2.979619955609324e-08,
GTM,2017,44.43,16.648723360255637,0.21655429778706567,0.09575789411077039,0.007551383401092126,0.013052721379945552,0.0466852138987473,2.6679699644096808e-08,0.37156355643248307
KWT,2017,44.24,15.141749257566618,0.28807336363739894,0.056745161018318065,0.13698800029195027,0.07055143509545483,0.074073663235526,8.446309643299257e-08,1.1151415906193203
MWI,2017,46.02,16.723498659008662,0.19037897510585375,0.03525793517153935,0.0017790575382538368,0.004695516786417205,0.0414574218930023,2.2340699750446566e-08,0.832909122935104
NAM,2017,46.01,14.754942002269072,0.13355688379961986,0.04250517589537973,0.0015406915250464324,0.003171226342193671,0.0482860455147797,1.44127998961356e-08,
COM,2017,47.31,13.293595371667061,0.07937889078046209,0.001353418715564638,0.00048526224123142647,0.0004116842464104552,0.0497049798008559,8.141679966856524e-09,1.1505720275988207
POL,2017,47.03,17.467466160697224,0.15184364208959358,0.004212777777520433,0.011393346630665576,0.01483945562054673,0.0519253451861856,1.3502499908841247e-08,2.0255131996542803
HUN,2017,48.19,16.096564447294462,0.15765293120755933,0.010141303705800901,0.013156345497567562,0.014079453685948911,0.0525726726253997,1.346309990937247e-08,2.081938421878423
ETH,2017,48.71,18.463046753068365,0.2547379959573042,0.05448235666859853,0.0013947029495217555,0.006484181185948579,0.0451591824918506,3.233829947711718e-08,0.28517894223366236
DZA,2017,49.09,17.505574711794296,0.20346394552257444,0.023297149628578543,0.012834228815097002,0.024201107431253862,0.0656007879673904,3.2424499474325914e-08,0.9593502213346021
KIR,2017,50.79,9.535155643701025,0.054950933313319746,0.0005165925430922523,0.00017744125636909297,1.1399935020493843e-05,0.0397798030445732,5.973339982159604e-09,0.9516578757114464
ROU,2017,51.34,16.7548510476836,0.15094069791492745,0.009423743715643269,0.00888273741566312,0.012147376964998829,0.0529940412272019,1.2375199923427212e-08,2.061786606441115
IRN,2017,51.12,18.2068301062023,0.3276522654921399,0.03277362720797164,0.038663709978888,0.04825875347196596,0.0644966999938425,4.054249917815287e-08,1.0647107369924282
FSM,2017,52.13,10.412010326778363,0.05999299085017668,0.0006751420403138643,0.00015168349547692523,2.5199682485334235e-05,0.0447710056630682,6.154619981060326e-09,
CPV,2017,51.81,13.017542827050107,0.08365349569449719,0.0009311173756417744,0.0005698096276551384,0.0003860044906799185,0.0613851891892028,3.66808993272558e-08,1.1314021114911006
VNM,2017,51.85,18.340544497145846,0.32978166385746377,0.04172305852013029,0.010410485361880856,0.01639673775512971,0.0547839909133971,4.6528298917558684e-08,1.2584609896100056
SRB,2017,51.85,15.748329957251668,0.1515998337553967,0.015909574878083522,0.02083425087190071,0.00984542634098116,0.0550334429722277,1.2812799917916078e-08,1.8825138324965192
ZMB,2017,54.19,16.663877926406165,0.16896383922819053,0.03426835892700861,0.005656915440265616,0.004263521262668254,0.0448345790534764,1.898809981972603e-08,1.0986122886681098
GUY,2017,54.46,13.522120881418605,0.08627863610058173,0.03652962137328805,0.00030683692073694074,0.00018011877763900159,0.0442714459667155,1.6843599858146572e-08,1.0043016091968684
LBY,2017,53.72,15.674212342837047,0.12981166739155428,0.008187897491373353,0.006977905690104573,0.009190234132039966,0.0652142615096362,3.5293699377177384e-08,1.4350845252893227
BOL,2017,53.86,16.22020518901032,0.14526372845138755,0.12174214093488177,0.0003687390074152893,0.0019087312130259054,0.0318179233996874,8.458419964227565e-09,0.8153648132841945
HND,2017,53.53,15.924384600220614,0.14212424732569076,0.10432496245764596,0.003185058312294332,0.00559077644367903,0.0443581420564372,1.7244599851311888e-08,0.49469624183610705
ZAF,2017,54.08,17.824310845748034,0.38598636791489377,0.034324983215892245,0.04612049711072169,0.033976473635627884,0.0496721137371508,5.005189874740369e-08,1.1786549963416462
HTI,2017,55.33,16.157609900833176,0.14411335341294326,0.02051897066099558,0.0010483712667521284,0.007132675880170423,0.0580351740087871,2.0448899790921247e-08,1.1704160207970933
GAB,2017,55.82,14.352382850830747,0.1760841076236843,0.05978258928888092,0.00135448227458309,0.0018470970654192963,0.0423519246946182,2.0503599789801198e-08,1.0818051703517284
TUN,2017,55.58,16.205764449632284,0.18207768789368478,0.010574434080029647,0.019120422098101768,0.015374800689054476,0.0623772800515679,2.5901999664543202e-08,1.0331844833456545
TLS,2017,57.36,14.010159733134428,0.09916685598611791,0.03032503094343902,0.00048038259780153517,0.0007628099864709653,0.0464330736335171,9.246769957248622e-09,0.35065687161316933
ALB,2017,57.28,14.852663604533985,0.13902221493121983,0.011294241262286045,0.0064845478009590085,0.007384623427130714,0.0611168016540805,1.1936499928759985e-08,1.3402504226184837
SLB,2017,57.52,12.995389500059852,0.05444723084696337,0.015705780983669804,0.0002582036625650981,2.9699558963732496e-05,0.0433907368828213,6.866689976424284e-09,
ZWE,2017,58.45,16.602460600994608,0.1737388084899988,0.033017149240447304,0.0032295204803213166,0.005022456324395456,0.0438211164946675,1.630899986700826e-08,1.0420419371797154
IDN,2017,57.95,19.346251125506512,0.23678944988981607,0.04971811539424973,0.020218620170909325,0.015583206675330264,0.0532333470916976,3.555489936792456e-08,0.7030975114131134
BTN,2017,58.09,13.770728681366345,0.36680226704863894,0.04645101143597607,0.005827910689985226,0.010023826172122942,0.0568666819346344,3.4578399402167146e-08,0.9895411936137477
VUT,2017,58.74,12.212551065179646,0.055234169279413194,0.003243430388315464,0.0007555794779192602,0.00014309876088392095,0.0497812412287882,7.862779969088345e-09,
BWA,2017,59.26,14.653317449832418,0.12360827948594919,0.04053872208240629,0.00523653637989044,0.003745964107526419,0.0498730202221684,7.010769975424552e-09,1.264126727145683
KHM,2017,58.56,16.58841819996874,0.1913169962398383,0.08037282733189165,0.004960524230652756,0.006393836791252424,0.048311075723414,2.2561899745480336e-08,0.5850050219402422
AGO,2017,60.18,17.076266813875115,0.21549853208311184,0.06495798158923416,0.0020322465873212196,0.005236608003842702,0.0488183275161601,2.507829968553944e-08,
MDA,2017,60.37,15.191849987770414,0.12898300826423956,0.004382253883825897,0.011751284399968927,0.0068174095644138715,0.0566503161482157,9.667989953264985e-09,1.9110228900548727
MDG,2017,60.13,17.051144486147642,0.12601896486923073,0.041720705758304444,0.0005899389517923226,0.0026617882962599905,0.0423673304627264,1.0238899947582464e-08,0.2795238847503174
LBN,2017,59.68,15.372404164348259,0.2784753556516385,0.011139105169023764,0.037720669419248364,0.03539743102341752,0.0605332488887553,3.746289929826558e-08,1.3164082336557241
MYS,2017,60.44,17.20291227757469,0.20587531056162453,0.09716387428697319,0.0076197438766015275,0.01616587132813744,0.0534896127520254,2.5583199672749945e-08,1.0612565021243408
MAR,2017,60.88,17.381670956042303,0.17311179096313903,0.01920877354896257,0.0165679759574599,0.014446960299973848,0.0601510399927494,2.194609975918435e-08,0.5423242908253617
UGA,2017,61.13,17.547543824436858,0.29864867088848623,0.058270863782440833,0.016766824887945283,0.007087924211890022,0.045544236959134,3.5690699363086984e-08,0.4054651081081644
BIH,2017,61.0,15.156091140733583,0.15112560977024977,0.02163972213697068,0.012807442449614093,0.00791495097118339,0.056272081795367,1.2612099920467467e-08,1.220829921392359
GNQ,2017,61.52,13.648189552226302,0.1612703756787465,0.03737493768038471,0.001802155142486036,0.001105264969577408,0.0457883055398055,2.24855997471989e-08,1.1314021114911006
DJI,2017,61.86,13.617085996941322,0.14116057253150208,0.006018260883545239,0.002336442391474621,0.0033972787081852345,0.0597519082923538,3.352929943789303e-08,0.883767540168595
RWA,2017,61.93,16.30861416984419,0.42579994081673994,0.03936222140974645,0.118576366219792,0.013193377379549471,0.0460356364149293,6.880989763259894e-08,0.5423242908253617
LBR,2017,62.21,15.29435861007973,0.18573881298408643,0.05363739638247646,0.000869432933627116,0.001979774951639161,0.0469495137029256,3.2320799477682954e-08,0.7047463164032972
MRT,2017,64.07,15.243103673536341,0.11121809976604427,0.021554129774691476,0.0013560681238638107,0.0021254845564712033,0.0529729144350229,8.713889620340628e-08,
MOZ,2017,65.36,17.191862217115332,0.1271022657571934,0.036196349179296865,0.0007352916068579005,0.0023346076814934904,0.0434490066305406,1.3881199903656144e-08,0.5709795465857378
UKR,2017,65.34,17.55068674141157,0.13236153460739283,0.0042011577655097256,0.010231318105225679,0.0108251342396966,0.0531680713639426,1.037429994618695e-08,2.0541237336955462
BHR,2017,64.93,13.60089570865575,0.22861313304310318,0.029470319686301864,0.03770837687982338,0.035644554197177936,0.0792344775571103,6.098099814065889e-08,1.007957920399979
SOM,2017,66.12,16.243092963692668,0.08603933621102922,0.03368955600618725,0.00032876894956569485,0.0003246652905204071,0.0479721449068713,1.3985399902204293e-08,0.6259384308664953
LAO,2017,65.82,15.764084870696122,0.30777311550507847,0.10327862993686787,0.004291197627365389,0.00710475931931765,0.0515516551067543,3.1497599503950606e-08,0.9477893989335261
SWZ,2017,67.24,14.069729756645081,0.20834236905032516,0.03851962417859913,0.007907140009128498,0.010450302876026791,0.0477077453889777,2.2952099736600558e-08,1.1052568313867783
BGD,2017,66.55,18.88728703866185,0.4982586717676344,0.03830310285461737,0.019498983161749472,0.025731539060783532,0.0566899742294863,8.556659633917869e-08,0.6097655716208943
COG,2017,68.08,15.314391722121702,0.22863744659658725,0.09454516725683153,0.004046714992932,0.003085444117965342,0.0396637185616216,2.6077199659989825e-08,
BLR,2017,68.25,16.063603612354825,0.1260276538626233,0.0032336012716648707,0.004235527476068241,0.008325906249046592,0.0520316633109686,8.490199963958251e-09,2.3978952727983707
SEN,2017,68.22,16.573896183309536,0.150482404496063,0.022440572308728396,0.027834231557988864,0.004278167576773687,0.0539284370151312,6.87418976372757e-08,0.5306282510621704
MNE,2017,67.87,13.337550238043479,0.1382484184450138,0.014018273267288116,0.006563508971947049,0.005454589641009742,0.0608047882376648,1.0974799939776882e-08,1.5851452198650557
MKD,2017,68.41,14.555222504521437,0.15055815643581594,0.01749799425662905,0.023858492125673876,0.01208066305361125,0.0559503074139233,1.2839499917573621e-08,1.7173950539391927
BGR,2017,70.3,15.802694004487346,0.15351887599553,0.013851805244083108,0.029399396333214166,0.013068488106350843,0.0533581466667285,1.3108799914079682e-08,2.1341664413690826
MLI,2017,71.39,16.74994246668894,0.1624529603218567,0.06393517822533586,0.0006789434657148847,0.0036520790335709337,0.0444243799458012,4.6089398937883634e-08,0.19885085874516517
MMR,2017,71.09,17.80195616764427,0.24030138461623338,0.10860719947144241,0.003807881806947018,0.005009617884269576,0.0472863229513732,2.7093499632971135e-08,0.7227059828014898
GEO,2017,72.24,15.18691816416369,0.1291937895614752,0.02160468986055396,0.0053684848633037754,0.0061468692308855,0.0533637073130919,1.219099992568976e-08,1.6054298910365616
CHN,2017,72.0,21.03411233268236,0.5243435128139524,0.024828854040790917,0.07610304723868501,0.06904862499936217,0.0536085725154933,9.383209559776877e-08,1.673351238177753
COD,2017,73.16,18.229361282153718,0.2848552184121884,0.10169578563026663,0.013218433298974071,0.005493374749862419,0.040006760314618,3.658069933092621e-08,
SDN,2017,73.19,17.556938226399257,0.13750244031754247,0.023006606715053293,0.0017792242414014579,0.0035228345254220803,0.0567352778470426,4.334699906051882e-08,0.5538851132264376
BDI,2017,73.66,16.292236064105747,0.33554162445028546,0.03386833779077304,0.009347019194312807,0.009294918097341991,0.0447103926264066,4.4100199027586214e-08,0.585933096252796
ARE,2017,73.69,15.994068684977405,0.250257626284558,0.054375158063400736,0.029402925044781692,0.060531489950385466,0.0783952226869749,7.298719733643445e-08,0.9001613499442714
KAZ,2017,75.39,16.704859928400445,0.12893653240409275,0.006699460415962249,0.010437700188249176,0.008385546820920041,0.0559085485927537,1.564379987763576e-08,1.8453002361560848
NPL,2017,76.18,17.222542669767176,0.613331353938623,0.06047992993730505,0.013969090355429488,0.0169079053538638,0.059661577006001,8.480749640384417e-08,0.2546422183735807
ARM,2017,77.29,14.93326556996532,0.15102085101895554,0.016529567852814554,0.009910128064848799,0.010934232801474429,0.05530244453307,1.7855999840581634e-08,1.6620303625532709
FIN,2017,7.57,15.47193579519097,0.11979944045623425,0.001945245782031345,0.0015143777509639793,0.01769739814965859,0.0515551024895338,5.548059984609515e-09,1.55814461804655
AUS,2017,8.44,16.985887377832096,0.08056334135106906,0.03950158332094723,0.008690061800104813,0.014987234231452429,0.0479012879678485,7.485469971983869e-09,1.5611476233063195
SWE,2017,8.5,16.030016420015553,0.1156871964745409,0.0020586545159269882,0.001137188156377433,0.00559228200172749,0.0586587666402546,6.032629981803687e-09,1.1662709371419244
ERI,2017,81.99,15.534700483102354,0.18297387398882362,0.029526477447259208,0.001911754432423329,0.004585081430366788,0.0583498564602818,2.9646399560545494e-08,0.8020015854720274
SYR,2017,82.38,16.78114966734081,0.22230973258397144,0.016359058936100616,0.025878136895720338,0.025366015072309536,0.0591612548610408,3.5662299364100194e-08,0.8754687373538999
BEN,2017,82.96,16.257801007384696,0.2377453719481899,0.043311368655759186,0.0023327839425155367,0.005102391631929353,0.0514500073195143,4.8989998799989985e-08,0.35065687161316933
IRQ,2017,84.65,17.464377529918558,0.2688715591027641,0.030489345850543435,0.03154919291470141,0.030972015806042714,0.0627181691144026,5.843469829269298e-08,0.7227059828014898
IND,2017,84.88,21.008477756839312,0.5488717431232226,0.03753566637442206,0.034931465931871214,0.03202701583066706,0.0593719765564365,9.549389544045782e-08,0.9783261227936076
NGA,2017,86.49,19.06584496627949,0.34001181420465015,0.04418704414469845,0.0033765490368283966,0.010199013790389205,0.0532697434223009,7.451079722407049e-08,
PHL,2017,87.36,18.35385055329159,0.146787832469571,0.035371989385397186,0.03528246843775904,0.00969681951396301,0.0521580769103451,2.131589977281621e-08,0.6830968447064438
STP,2017,87.64,11.883492525065115,0.10724379467412522,0.0012321156336889333,0.00015810950003422036,0.00013644569086333004,0.0515148385847523,1.3596599907566235e-08,
NOR,2017,8.6,15.399767768911994,0.12412417252875337,0.005472082808409886,0.004565245391408919,0.010833547633066883,0.0553182343221039,6.359479979778507e-09,1.5260563034950494
ISL,2017,8.61,12.586421805620834,0.10092304633783565,0.0008957556910549925,0.0007710296802069018,0.0009179775296706123,0.0567154044970367,4.9172399879103755e-09,1.4011829736136412
CAN,2017,9.34,17.35421521867917,0.1488399359005164,0.0054241228124676365,0.007314635705875259,0.013832692644978247,0.0455458693039586,1.1870899929540868e-08,1.2556160374777743
BFA,2017,90.95,16.769523082053272,0.17551200265053862,0.05980494291262659,0.0010182853714288105,0.004122896171179349,0.0449751919386411,4.281779908331803e-08,
CIV,2017,92.46,16.952274656815913,0.1888540750261942,0.05974578021885212,0.00145653274099692,0.0022704006887023665,0.046294907867528,3.18790994918615e-08,
TKM,2017,91.89,15.539266403738154,0.12712078199827503,0.007937332864204297,0.0028140618113802326,0.005174016660781004,0.0578382431603574,4.0453399181761236e-08,1.5810384379124023
GMB,2017,94.39,14.427269239846739,0.15949213482293417,0.0229082195564152,0.011781602556079483,0.004115539537256474,0.0537128762711384,6.134859811817471e-08,0.7178397931503169
GHA,2017,95.57,17.15925977475388,0.23205975001323356,0.05007647271024421,0.0022295187749212784,0.004236120956856245,0.0481461320765328,4.295809907730085e-08,0.5335651107354801
QAT,2017,96.13,14.608334986969997,0.23129029708121462,0.038533536717011437,0.01688974780247122,0.03281686374770435,0.0811208895967725,5.761339834034814e-08,0.6626879730752367
SAU,2017,96.29,17.29894684036308,0.15857294944872422,0.013060784412631065,0.044616227306637286,0.016182443114114094,0.0676474703974988,5.7479398348059353e-08,1.2149127443642704
TGO,2017,96.79,15.832450904414673,0.2340304462265863,0.045340029770775614,0.0024008676094762,0.004791135159897754,0.0496578794886138,4.5796598951335745e-08,0.49469624183610705
PRK,2017,97.37,17.02221433713761,0.4775972390487893,0.016181131510850967,0.04039855864393664,0.03629532684175412,0.0586697867141209,7.443869722944011e-08,2.669540346340334
GNB,2017,97.76,14.412478809466515,0.16431029429534874,0.046489280117107123,0.0033563262303657176,0.002369336903192122,0.052591025355126,5.163829866674303e-08,
NER,2016,101.8,16.847862044953654,0.17506349819623462,0.03490186476234735,0.0014211347095390747,0.005530976907849226,0.0495050069539451,6.598029782330011e-08,0.262364264467491
SLE,2016,102.2,15.607862496647634,0.32614887215680083,0.07009761756355871,0.0026116795939218587,0.008404690431544012,0.0520142785085527,5.97814982130862e-08,
PRK,2016,101.6,17.017496276665916,0.49108411375411165,0.017156556988909506,0.0408438614811714,0.03590552880487185,0.056531270859807,7.526789716737176e-08,2.669540346340334
GIN,2016,105.4,16.36301169595047,0.3079117534005087,0.081265734855415,0.0026347709405984037,0.008024058960356097,0.0509680835925085,5.3837298550772616e-08,0.262364264467491
KGZ,2016,104.7,15.66222504004848,0.1321708444985281,0.010100118644317747,0.0073896908546413065,0.012513062072339385,0.0575187771508361,1.5032399887013478e-08,1.6956156086751528
YEM,2016,107.1,17.11335310457918,0.15561700653031824,0.03208745008796898,0.01581793915661754,0.011559071778853992,0.0593033257312355,3.5020499386782305e-08,0.45107561936021673
CAF,2016,107.9,15.427269558587849,0.29036991945245416,0.16594522533660588,0.0012269879423286243,0.004783847134907366,0.0414919963101101,3.709769931188035e-08,0.6931471805599453
TCD,2016,108.4,16.487184957232706,0.17402852278206438,0.08681068301860861,0.000740594692038235,0.00382803870162508,0.0473869802795001,4.998699875064996e-08,0.3750059006234558
EGY,2016,109.0,18.335016752685316,0.28920661499600664,0.013857204913705297,0.044896156161199824,0.034090531051287586,0.0598890649126681,5.8164398308451354e-08,0.8109302162163288
NZL,2016,10.62,15.232060611936175,0.061076786868525815,0.010245518964038764,0.005720905369836616,0.0036263239323288984,0.0446882056899095,5.71493998366973e-09,1.3137236682850553
FRA,2016,10.88,17.98992245555665,0.15617395163174178,0.006144667802017531,0.0033043486219122512,0.016754357607892865,0.0505022431716285,1.3641299906957467e-08,1.9754689512968577
ESP,2016,10.93,17.60067448392405,0.13519157326170037,0.01169616342597433,0.007674697026807073,0.013737371745224292,0.0564867409338908,1.0496799944908595e-08,1.3737155789130306
CHE,2016,11.47,15.934345896375257,0.16405749290185842,0.009360641178798708,0.0018190505239496489,0.01791354901279577,0.0499584946875291,1.248379992207737e-08,1.7387102481382397
CMR,2016,111.1,16.98286543600776,0.2399403424705994,0.07472270459558233,0.004756258050663493,0.004447519108269627,0.0447199424082396,4.375689904266688e-08,1.2947271675944
LSO,2016,112.0,14.567751890946091,0.17158087412005302,0.03472476670785447,0.024102063616500292,0.017421172313296977,0.0512968485463918,1.0614299943668318e-08,
PAK,2016,114.3,19.066193132216174,0.5759346323321596,0.037675261866093164,0.03591822458987921,0.035632316204948694,0.0603267225453484,1.0410599458097076e-07,0.3987761199573678
BHS,2016,11.82,12.535171695464737,0.08957219354823437,0.0022246516265546513,0.0022866985109662157,0.00177397557447076,0.0614128765854728,8.914229960268252e-09,1.350343296834232
OMN,2016,123.2,15.354890787200597,0.14318083130824122,0.01572512754208814,0.013291639488722291,0.013927587310144237,0.0640092819857216,4.799759884811524e-08,0.7654678421395714
MNG,2016,123.6,14.915944283475362,0.1289000256320583,0.005563417453698679,0.013845490305799568,0.006010017609123876,0.0578621978415768,1.4502299894841648e-08,2.145931282948669
LUX,2016,13.0,13.292653529579134,0.16374281669220564,0.005397431623961195,0.0020919533389904092,0.02017589585809548,0.0466690048670584,1.457669989375991e-08,1.7595805708638197
PRT,2016,12.75,16.03084461870821,0.14628271930097958,0.01029561282064664,0.007229999451121108,0.013536708936013114,0.0560850231643915,1.3879299903682516e-08,1.47932922708708
AZE,2016,129.6,16.087781296899372,0.1334935806596593,0.01338851155005285,0.008512741581057703,0.00587174352402612,0.0528903136192105,1.3735999905661153e-08,1.6331544390514163
UZB,2016,133.0,17.207162619328745,0.15410630141397966,0.013463552257377772,0.012319160583082725,0.025330031834578312,0.0509889147548092,2.8279499600134945e-08,1.6524974018945473
DNK,2016,14.05,15.455819512247668,0.12587933378105995,0.0021726271354911546,0.0021700886534327577,0.012246807771944547,0.0528427383826116,8.333519965276221e-09,1.2809338454620642
JPN,2016,14.41,18.61792290886942,0.1654403120014605,0.011892086009986244,0.011797255919733046,0.023815784386413196,0.0564209894732716,1.901089981929284e-08,2.645465325910589
IRL,2016,14.1,15.332138912032521,0.11029234994560504,0.0016901129541315632,0.002950595708002218,0.0062386153081714895,0.0578937430817257,7.598249971133299e-09,1.3737155789130306
AFG,2016,148.8,17.319034241208925,0.17473522403579259,0.013813243358564407,0.0022530230364247172,0.003872970358557767,0.0575296425192838,2.067059978636315e-08,0.37156355643248307
NLD,2016,14.99,16.630829799731284,0.14668856825309126,0.003578523440494655,0.0029195748904976334,0.02329628403089343,0.0473731437701913,1.2865299917242028e-08,1.4770487243883548
GBR,2016,15.42,17.952578003512187,0.14120368343642864,0.003213489208418007,0.006313711509992412,0.025592125955674505,0.0358374394503254,1.1423599934750682e-08,1.269760544863939
USA,2016,14.83,19.58991705199543,0.15794115460667602,0.020522682699936262,0.0113766152060873,0.019107544605696466,0.0459181689346583,1.3285899911742431e-08,1.3137236682850553
ITA,2016,16.03,17.86911417568009,0.18967951550071072,0.011300805680117874,0.005354511980084528,0.023208698475679804,0.0543157752810585,1.7129899853283266e-08,1.430311246536665
ISR,2016,16.19,15.89151659003323,0.3301493269492806,0.014536723001698,0.10474538160166023,0.059389824944938926,0.0528103635644446,5.0827098708303e-08,1.4134230285081433
EST,2016,15.6,14.008975421850998,0.14163587416336726,0.0035486769910484804,0.008684184082983895,0.011075390805117874,0.052580799802599,8.994289959551375e-09,1.7387102481382397
BEL,2016,16.75,16.25436839925646,0.16530578365982343,0.0038620436993130614,0.004876439817086374,0.02596221605879977,0.0456451714035678,1.6247299868012622e-08,1.9110228900548727
CYP,2016,17.88,13.908068171112289,0.12769001067421135,0.02847091361786498,0.011555351029786222,0.00538502767707447,0.066541397218754,1.0420699945704506e-08,1.2119409739751128
DEU,2016,18.43,18.2041344724022,0.15533952800998635,0.0054813310197166015,0.0031953803302112267,0.021449388287763268,0.049122760099296,1.2970299915885659e-08,2.199444334074532
TJK,2016,186.8,15.986872943268656,0.16411776273247208,0.017048803708113923,0.008671463946421503,0.009206578100022723,0.0535133732378317,2.3211099730622424e-08,1.7029282555214393
BRB,2016,18.9,12.311747786688207,0.0759001220789906,0.0010520673829803873,0.0006766790011147257,0.0006516826087540024,0.0513251082478075,1.6188399868967855e-08,1.9459101490553132
AUT,2016,19.45,15.972968835653075,0.1622606149374414,0.008884830736206134,0.0028601947404939556,0.018066362036107578,0.0506266784185245,1.3375999910541314e-08,2.130609828254235
URY,2016,19.4,15.00368672682335,0.08205406906780113,0.010350423082824575,0.0015345230170847792,0.0037572925276825745,0.0454286367813919,7.257149973666887e-09,1.2556160374777743
PAN,2016,19.7,15.17022667075829,0.11645437827083834,0.022562809583878123,0.0020877261823078613,0.005670394880764115,0.0509162724147389,1.6995399855578192e-08,1.1184149159642893
CRI,2016,19.58,15.388593342889907,0.11775637752328082,0.03767683544872022,0.004215381780888425,0.00873772465622702,0.0458279050729286,1.4643799892779561e-08,0.7701082216960736
ATG,2016,20.56,11.191531753842634,0.07652010875454678,0.0015716113716238744,0.003480687373389361,0.0007454071150748868,0.0534512511274042,1.4024299901659506e-08,1.4770487243883548
LCA,2016,20.73,11.964711341592169,0.07775241865506022,0.002141921447584457,0.0014771854241908246,0.0009816680062563704,0.052295713292166,1.5854599874315832e-08,0.8576017355254755
CHL,2016,20.55,16.693849377902442,0.3424610165977593,0.024542889187260206,0.058853095000759234,0.028605978546274127,0.0485862967326443,3.6934399317925065e-08,1.1346227261911428
BLZ,2016,20.96,12.812511575880198,0.10535867235612742,0.042127667518163964,0.0007798278552030678,0.0011756366683203033,0.0498695998960347,1.497139988792859e-08,0.6678293725756554
BRN,2016,22.15,12.85117519644075,0.258484483997181,0.121003763539699,0.0035488424029984115,0.0076870795518186675,0.04838588321415,2.709409963295488e-08,1.410986973710262
MLT,2016,21.65,12.767484990119396,0.11160967830356436,0.001861272756683239,0.007087439658450317,0.007314138357013963,0.0652521764673873,1.2563399921080491e-08,1.7351891177396608
KOR,2016,21.6,17.666346393425442,0.4523293235904019,0.03469942482356319,0.07521969253498376,0.07086612704767103,0.054213764162709,8.5168596373155e-08,2.5626389983283526
TTO,2016,23.0,13.995658721315491,0.08798272674333928,0.012330090048028538,0.001142373243146348,0.006127389150261204,0.0531549908797511,1.8170999834907383e-08,1.2412685890696329
JAM,2016,22.62,14.812237297390197,0.13425839167166384,0.02049585362594149,0.008114565678786935,0.009056746577117577,0.0592881256812414,1.9607599807771015e-08,1.0043016091968684
SVN,2016,22.82,14.54440127869699,0.1882948262458839,0.014893837110644192,0.0071180802509459165,0.0177683025973989,0.0512798746810642,1.593849987298211e-08,1.7047480922384253
SGP,2016,24.68,15.37559863994498,0.18956717462548023,0.026942067984532893,0.061081865970274415,0.02090565501188687,0.0574777643854052,3.546959937095375e-08,1.252762968495368
ECU,2016,24.77,16.57777579467484,0.17342958849416953,0.052683968701615846,0.001502758292935161,0.007955096151020656,0.0415545491422717,1.739549984869829e-08,0.8671004876833833
GRC,2016,24.92,16.126085000938748,0.14356659462850793,0.010544739305970477,0.010090043865127914,0.011251987291135086,0.0586596323733088,1.2553799921201053e-08,1.6486586255873816
TON,2016,24.89,11.101871870319725,0.0484216000675507,0.0005463657150658817,0.00031443755932877615,2.7099632801634036e-05,0.0477634628277461,6.378989979654243e-09,1.247032293786383
VCT,2016,26.09,10.910642961228687,0.0766471881857396,0.0015262147415452054,0.001701740218414441,0.0006711307413741469,0.0522585955337229,1.6218399868481752e-08,1.6974487897568136
COL,2016,26.72,17.690563630978687,0.18957551891134378,0.06909143836241072,0.0027577588849878524,0.008412220845436994,0.037138298798602,2.228799975162253e-08,1.000631880307906
BRA,2016,26.77,19.12453213014037,0.14105869861454048,0.05192187713801306,0.006075779016499899,0.007848494829701161,0.0446546933115239,1.5081599886272672e-08,1.2119409739751128
PRY,2016,27.49,15.699973618856129,0.13870546885130766,0.06254675357233486,0.0006268944605999598,0.0034753818582814807,0.0411590896702872,1.2656199919910302e-08,0.636576829071551
PER,2016,26.65,17.252601786430198,0.13412353202537894,0.05647329886894119,0.0023424353548905682,0.005249896147777893,0.0417074699919322,1.207099992714548e-08,0.9707789171582247
MUS,2016,28.99,13.970516526213805,0.07612696005385941,0.0009025066183562528,0.0013172270753731808,0.001250557726627502,0.0487895027209637,1.004429994955602e-08,1.506297153514587
CUB,2016,30.41,16.21313258434333,0.10055898252515615,0.014410839264995597,0.003232094151837933,0.003345581296536509,0.0583688779095443,1.251899992163732e-08,1.6389967146756448
THA,2016,30.22,18.021159770271325,0.2956504258807028,0.0669316450184957,0.02238744358231231,0.014997284421255155,0.0512899600380364,4.205129911584411e-08,1.0986122886681098
DOM,2016,32.23,16.16123681715976,0.12641111009544723,0.027279976621698385,0.003146659071501447,0.011870252959284181,0.0514349000927357,1.8752399824173748e-08,0.8628899551470398
KEN,2016,32.37,17.667733149223526,0.31448727293171336,0.04805889399942165,0.0045485765232882525,0.010327701224170415,0.0460486827781837,3.709159931210662e-08,0.8754687373538999
GRD,2016,32.19,11.330866033818346,0.07570629037664847,0.0012856372141991652,0.0007311836200928889,0.00048005075719519737,0.0521588608465644,1.6190499868933856e-08,1.4655675420143985
MDV,2016,33.04,7.976361865563841,0.10639551615997218,0.001138200004548668,0.00040593859577825464,0.00014535943480544581,0.0538383953568256,1.209979992679742e-08,1.7817091333745536
SLV,2016,33.47,15.617652127855798,0.19891920640941035,0.10236034524396335,0.010144882223852505,0.01553957003303886,0.0518137305501451,2.5850699665870663e-08,0.7323678937132266
MEX,2016,32.99,18.665000193234018,0.22239022923837232,0.06532029047627469,0.2256226964926895,0.02144680528660965,0.0509380393232848,3.945869922150552e-08,0.6931471805599453
ARG,2016,33.6,17.58960485226156,0.1114352608740507,0.032601221813132006,0.001620733900972067,0.010702784322701386,0.0408161892242111,1.054359994441625e-08,1.7817091333745536
WSM,2016,34.75,12.04669430861644,0.04943006700698111,0.0006950374055332998,0.0004733719418213131,0.00026014116035404686,0.040414405309943,5.369179985585953e-09,
HRV,2016,35.01,15.191613409124654,0.17207228196148747,0.015249472499099066,0.008189409062821758,0.0131210374599026,0.0535400995089236,1.4265199898252035e-08,1.8779371654691073
SUR,2016,35.55,13.204888226629569,0.09029064115411005,0.03739099601057501,0.0006224752220937103,0.00030549033307622145,0.0450493930543732,1.5664899877305454e-08,1.33500106673234
JOR,2016,35.96,15.853605889621916,0.25740805967314423,0.01890242812080831,0.06125601209469429,0.03656201270865813,0.0571369538967678,3.856139925650923e-08,0.8628899551470398
CZE,2016,36.52,16.169912535698515,0.17721946657246251,0.007531610085201522,0.008468287624886925,0.02074711152265512,0.0489960099744223,1.5921799873248145e-08,2.0451088625993306
PNG,2016,37.47,15.840942697605048,0.08211273814288171,0.11517776666616562,0.00522227117380648,0.0009030011716947178,0.0300370080718778,8.09294996725208e-09,
TZA,2016,37.84,17.816576000598783,0.153107717845731,0.03543578723417519,0.0012459295073797832,0.002452251771332307,0.0433853727304276,1.551379987966101e-08,0.37843643572024505
VEN,2016,38.0,17.249466730355028,0.13790308707799848,0.07673177782026559,0.002585812902311187,0.007196430466830924,0.0472085052001838,2.2151599754653314e-08,0.6312717768418579
FJI,2016,38.27,13.554315441776502,0.05828104672954788,0.012501862036079633,0.002170214380290154,0.000526823204283183,0.0442117414489886,6.195169980809934e-09,1.0612565021243408
SVK,2016,40.18,15.503558279347311,0.1641423857792035,0.010643592471988808,0.010782030439717009,0.016172880079825386,0.048625727468413,1.379889990479518e-08,1.9154509415706047
LKA,2016,40.33,16.785652756729142,0.22976781356233034,0.03303711385694578,0.01969439791017924,0.01111557446533742,0.0554711101168568,3.5172399381451154e-08,1.551808799597464
LVA,2016,41.45,14.458232267469048,0.15774012633512088,0.00446685075124993,0.0032530401228855537,0.007374786290818969,0.0517510973370172,1.2251699924947924e-08,1.9050881545350582
TUR,2016,40.87,18.15295726833223,0.1419755514034533,0.013503637109187658,0.009218464094113475,0.013828393517327607,0.0560460126140175,1.491409988878481e-08,1.3001916620664788
RUS,2016,43.03,18.792352009273692,0.14708407781981161,0.00589573693689449,0.01187222243978643,0.01904574387335092,0.0492036918906149,1.1701999931531598e-08,2.124653884501384
LTU,2016,42.72,14.857412587650161,0.1475266294529059,0.0032822146355246484,0.004030769522798255,0.0071037038443543706,0.0530260899660165,1.1606499932644579e-08,2.0399207835175526
KWT,2016,43.14,15.12045121722483,0.2689162807457613,0.04798632689308406,0.13250589122766437,0.06372644149013365,0.064947323516486,8.054759675604225e-08,1.1249295969854831
SSD,2016,44.9,16.354583243613913,0.25340352903398655,0.11940748530110401,0.001324232816568132,0.006746983829014751,0.0424513571691499,3.439879940836129e-08,
NIC,2016,44.68,15.62375495602792,0.11030539207961892,0.05758238289680974,0.008027280005299953,0.0031695127834290284,0.0458635442612462,1.581279987497768e-08,0.6471032420585385
SYC,2016,45.07,11.094945623236962,0.07178227481501284,0.0007822629525385484,0.00043057628872384616,0.00018436300409690432,0.0457586166286781,7.140189974508844e-09,1.3217558399823195
NAM,2016,45.83,14.733657917238629,0.13460087215236186,0.053866860673116024,0.001545539038999136,0.0030908962548141282,0.0476774802206771,1.403039990157394e-08,
HUN,2016,45.82,16.10016259664095,0.15935974306920364,0.009462705052336364,0.014317716558747093,0.014736323065792036,0.0495995010989671,1.3613899907330865e-08,2.0794415416798357
COM,2016,47.46,13.27013510346962,0.07995299688041278,0.0015664993988881945,0.0006597952872101629,0.0005718644543490969,0.0484341744151473,7.67497997054734e-09,1.1505720275988207
POL,2016,46.6,17.468539682854658,0.15696526601792957,0.004895925374110453,0.012574102583410698,0.016067583244384197,0.0491592820639534,1.3567999907954688e-08,2.0268315914075385
GTM,2016,46.61,16.628935749819547,0.21959397100123573,0.10735234734337509,0.007495387270278228,0.012265079457297389,0.0458404884460739,2.7447799623309147e-08,0.44575362702227583
MWI,2016,48.07,16.692255208262466,0.2008675239083434,0.0469125320447922,0.001872533713929383,0.0050571460537608155,0.0415429353853166,2.315319973196467e-08,0.832909122935104
SRB,2016,48.43,15.75807662896093,0.1533171788475197,0.01269040312701342,0.02265871146872233,0.010816608991236923,0.0519607486027439,1.3002599915466198e-08,1.8779371654691073
ETH,2016,49.04,18.43865960360666,0.25418272212367204,0.05183268054268023,0.0014349729336929514,0.0066281780152311265,0.0451771428209137,3.2347899476806695e-08,0.28517894223366236
DZA,2016,49.21,17.48943375300023,0.19576761370519574,0.02252669698037681,0.01213728327304718,0.02616991791048647,0.0598311761113431,3.1426099506200126e-08,0.9555114450274363
IRN,2016,50.39,18.196185386985466,0.29646632345049506,0.028784322798099275,0.03666429830754216,0.040382757909977245,0.0581927173178753,3.704329931389698e-08,1.0577902941478545
CPV,2016,50.59,13.005586363038788,0.08809066443267748,0.0010100976795288617,0.0005917378885972852,0.0005882289594181537,0.0607979041112537,3.3614299435039436e-08,1.1216775615991057
ROU,2016,50.74,16.76585173902882,0.15449042981997846,0.00905873944424182,0.008970886007090737,0.012699827718056625,0.0504318993350593,1.247629992217097e-08,2.0554049638515948
KIR,2016,51.66,9.52130503901977,0.05933880821820813,0.0005787015199699676,0.00018004679060379465,1.319991288076665e-05,0.0407678030289433,6.231839980582085e-09,1.0508216248317612
FSM,2016,53.35,10.403500125413016,0.064133191815239,0.0008107122839709367,0.00018717348195087282,4.239910114540753e-05,0.0442876044415056,6.77782997703051e-09,
GUY,2016,53.44,13.516583645276818,0.08953026367923946,0.03679525583911532,0.0003820929931741142,0.00031210728945242817,0.0440769468908599,1.6445099864779347e-08,1.007957920399979
LBY,2016,53.3,15.661021479665518,0.1287809601659103,0.00806515899317743,0.006849076435983257,0.009319157447709647,0.0625874566669364,4.037499918492971e-08,1.547562508716013
ALB,2016,52.82,14.850077110722891,0.13363436007319293,0.00864347332634473,0.0064394481782873245,0.007484801853720963,0.0590562108518978,1.1269199936502566e-08,1.3402504226184837
HTI,2016,54.93,16.14569068160179,0.15081548538717152,0.02331797259583738,0.001132052986153878,0.007444965341352992,0.0565681124248186,1.9806099803859205e-08,1.1704160207970933
ZMB,2016,55.04,16.632289170391484,0.18342342950918464,0.04544984102044113,0.005884669319777708,0.004868620012297241,0.045289167736621,2.121699977491946e-08,1.0986122886681098
HND,2016,54.95,15.910471243606674,0.15363611203138355,0.1171352908038641,0.0034768995733101445,0.005600547614250435,0.0439972046615232,2.005409979891654e-08,0.48858001481867097
VNM,2016,55.03,18.330487516678147,0.3543263245902122,0.053591754253746446,0.010304334523108052,0.015913070808319767,0.0545878739462855,4.9631198768372035e-08,1.244154593958768
ZAF,2016,54.65,17.816411418078328,0.37762006628000466,0.03868446266591712,0.04715972811159128,0.03395017419358756,0.0492153738659177,4.708559889147317e-08,1.1786549963416462
SLB,2016,57.32,12.974891425141895,0.05587653831068611,0.020380424064962765,0.0003578809529715741,3.239947513133713e-05,0.0402867108291123,6.643809977929894e-09,
TUN,2016,56.74,16.195704219440394,0.18924312653444517,0.010593224152977596,0.01982300551991485,0.016962049613907914,0.0587098461893772,2.9782599556498377e-08,1.0260415958332743
BOL,2016,56.67,16.205185746432903,0.157514614876568,0.13880287740194627,0.00044084581320355103,0.0022341135088681735,0.0326578029044347,1.0262699947338494e-08,0.8020015854720274
GAB,2016,58.04,14.330285279767857,0.18245761753727188,0.06032860624344199,0.0013833097856946466,0.0019224439199595972,0.0432921539232596,2.2913599737483473e-08,1.0818051703517284
BTN,2016,58.47,13.76077855799982,0.3748405158141216,0.04840554926221931,0.0058010970521307536,0.009572916076814044,0.0563558182533938,3.5992999352251985e-08,0.9969486348916096
VUT,2016,59.47,12.189649012995753,0.06019144283149354,0.006608164904686046,0.001092595899656699,0.00030121563001684845,0.0464694887612776,8.090499967271905e-09,
BWA,2016,58.75,14.636425027450699,0.12064600810352062,0.05164666999303602,0.005217422549055017,0.003268249449733874,0.0497962242542076,5.5806499844281725e-09,1.2725655957915476
MAR,2016,60.29,17.369763437389253,0.16764893170657805,0.017906611385622224,0.016005464444429154,0.014002244416144586,0.0583378940342496,1.9549999808898752e-08,0.5831462853456167
LBN,2016,60.5,15.371716299709627,0.3006011010214069,0.013009638474966312,0.03916890700367359,0.037679991273735516,0.0566438537524041,3.852999925771957e-08,1.3164082336557241
DJI,2016,61.15,13.603435820678547,0.11840631782013829,0.0056290570889467,0.0021983398792618665,0.002522633482928625,0.0574722135129059,2.9717999558420246e-08,0.8919980393051105
ZWE,2016,60.79,16.579316532666375,0.17211501008697444,0.04592407514308147,0.0032067399092539778,0.004833585381795409,0.0447792683645535,1.586789987410488e-08,1.0420419371797154
TLS,2016,60.66,13.988877592423137,0.09781740771632055,0.05813556904603678,0.0005134481629291239,0.0008170081579239,0.0416156988809497,7.65575997069467e-09,0.3488947566197701
BIH,2016,61.3,15.15882403072457,0.1466245511515729,0.014953436008424774,0.01340770269482628,0.008186886800265457,0.0542859318778119,1.1650999932127099e-08,1.220829921392359
AGO,2016,62.2,17.046226240671956,0.24657125028733723,0.07051234197342646,0.0021724066150962205,0.00640989962921797,0.0482986810071619,2.9085199577025577e-08,
RWA,2016,62.01,16.28536229326028,0.4407592016583008,0.03838887207709905,0.11853976437608132,0.013261238792879828,0.0480761393977291,7.080889749304996e-08,0.5481214085096876
MDG,2016,62.08,17.02311240125608,0.14046057740329937,0.04300761167803648,0.0007210509802498638,0.0032668310918553896,0.0420061678298567,1.2803499918035194e-08,0.2795238847503174
IDN,2016,62.02,19.33553647554594,0.30605972244988927,0.06087853122577115,0.023742673736414643,0.01966055151761974,0.0499816206615461,4.503359898598747e-08,0.6780335427498971
BHR,2016,61.76,13.584687582709833,0.21240352313216862,0.027469336361287323,0.03711159629842426,0.036480527656437306,0.0739674198991889,5.654439840136548e-08,1.0331844833456545
GNQ,2016,62.93,13.61979165213029,0.1606978897108485,0.04065126826735775,0.0021378920792891553,0.0011820381176028492,0.0450451788836603,2.3625699720913155e-08,1.1314021114911006
LBR,2016,62.85,15.27015471417514,0.18428496055469937,0.048106047357736915,0.0010453893900547624,0.0024013873599894697,0.0481121356453283,3.178049949499992e-08,0.48858001481867097
KHM,2016,62.97,16.573257245734908,0.23239323756534255,0.09428031695030466,0.0052884743356668915,0.006974898741134877,0.0497844504865067,3.0235399542910304e-08,0.5850050219402422
MRT,2016,63.95,15.21909051366252,0.11117028978922666,0.020265201664707053,0.001236598097312952,0.001983676212744573,0.0526365542627002,8.217509662362665e-08,
MDA,2016,64.31,15.194804616540473,0.13430690196440564,0.00454199351305045,0.011897549633132212,0.007082349847272451,0.0548974244048102,1.030169994693749e-08,1.918392120161421
UGA,2016,64.31,17.514336553072713,0.3117091187239721,0.056443621603501644,0.016953976682163523,0.007129512519020721,0.0484452605953258,3.8867599244654855e-08,0.4054651081081644
MYS,2016,63.95,17.189527071753254,0.24218817139549548,0.11773591632406294,0.009270579082192872,0.01850608616947491,0.051437956442196,3.053739953373361e-08,1.0577902941478545
BGD,2016,64.33,18.875621635234765,0.5300123743902374,0.04501832161116396,0.02033818875949441,0.02563207262298499,0.0565147781946464,8.664849624601894e-08,0.5822156198526637
MOZ,2016,66.41,17.16434163924748,0.13190058971301827,0.04318730121554826,0.0008081013980953044,0.0026146667776852043,0.0431213392453907,1.4714799891737331e-08,0.5822156198526637
MNE,2016,66.39,13.337180068443569,0.13263442622040614,0.010188970693247945,0.006307014901636061,0.00560509705301266,0.058592066719508,9.987729950122625e-09,1.5933085305042167
BGR,2016,67.01,15.798030298500484,0.15470254752026652,0.012898779902135974,0.029219524304944226,0.012759097424094175,0.0521605470273275,1.2878799917068256e-08,2.1126345090356
SOM,2016,67.96,16.213576584365235,0.08893727317711127,0.031248371203092692,0.0003255899898262246,0.00031089366755511646,0.0477240472535936,1.3543399908288159e-08,0.6259384308664953
SEN,2016,68.04,16.544218917676982,0.15174386892302472,0.020343096902440492,0.026275351593046517,0.00417076724571482,0.0538337263403525,6.145479811165386e-08,0.5423242908253617
MKD,2016,68.27,14.554367195517923,0.1473394266760349,0.013376925643130165,0.02430260093595654,0.011916349446719052,0.0548933656229536,1.2661899919838146e-08,1.7263316639055997
SWZ,2016,69.11,14.057656706832274,0.2023962712540711,0.04108162577314431,0.008394447827341903,0.010930530498515821,0.0472751628882904,2.1791399762567448e-08,1.1052568313867783
UKR,2016,69.95,17.55605362370237,0.13704424669645382,0.004521511542905719,0.010774597982355033,0.011384671002271802,0.050462204663534,1.043469994555852e-08,2.0681277817795625
COG,2016,70.71,15.284293041983418,0.25065956245863785,0.10619859347248663,0.004233210308612652,0.0035180693306248938,0.0423526700748653,2.9764999557022394e-08,
BLR,2016,70.66,16.066348318774367,0.13057525718345117,0.004184207979771377,0.0043381267067854916,0.008606072296807162,0.0504288746572991,8.511919963773608e-09,2.403334996094189
LAO,2016,71.06,15.747350265282844,0.5128637052662149,0.15069549526025217,0.00583953368648867,0.013374550624170036,0.0516075235586788,6.134419811844464e-08,0.7929925155296614
SDN,2016,73.03,17.53268640252193,0.13505096748561082,0.025158426033661543,0.001755502203929201,0.003782473419505855,0.0552599038775549,4.0977299160430465e-08,0.5128236264286637
MLI,2016,72.73,16.718976106802533,0.1649340107399461,0.059469259112501845,0.0007117666340204298,0.003730617584658708,0.0440533855852094,4.558599896095834e-08,0.20701416938432612
ARE,2016,72.91,15.979421408523049,0.2334617653811386,0.05060420446961879,0.028770272015809496,0.05676297194088376,0.0701239191980265,7.078209749494728e-08,0.8712933659434192
COD,2016,74.5,18.197662447543433,0.3273570391470672,0.11317649783422004,0.013715657856270031,0.006643494042622029,0.0420532628804544,4.28938990800567e-08,
CHN,2016,73.81,21.030421083474735,0.5241228603476872,0.024416458365742365,0.07583472652634318,0.06740178651564378,0.0507182671902742,9.47335955127728e-08,1.6193882432872684
BDI,2016,75.27,16.259888664962514,0.36362391173922437,0.03180517628216987,0.009399134417864167,0.0099871400766904,0.0475176720809499,4.883899880737608e-08,0.585933096252796
NPL,2016,77.47,17.210765245076924,0.6481593815290533,0.06115023424625208,0.014538769039655241,0.017559047646652528,0.0593256622797071,8.943049600109307e-08,0.2468600779315258
MMR,2016,76.97,17.793252486955847,0.2869472515370096,0.11723629955677019,0.004063827456351751,0.00570399027295863,0.0476145066849159,3.360129943547633e-08,0.7275486072772778
GEO,2016,78.3,15.18840378871514,0.12692630208677316,0.01776745479565797,0.005290112647198696,0.005850841397250761,0.0526827504194409,1.1360199935472929e-08,1.534714366238164
SYR,2016,78.29,16.755391313670543,0.21802596115921236,0.016185076154931487,0.02525627906642483,0.023626503034064866,0.0574255074349609,3.384869942713276e-08,0.9001613499442714
ARM,2016,79.1,14.931865438479152,0.15003999309096713,0.012517793484585805,0.009751512080124617,0.010345942687495781,0.0537911230613907,1.7615899844840036e-08,1.6639260977181702
FIN,2016,8.04,15.469041446700068,0.1265270832467564,0.002602860617376936,0.0017146561366117477,0.021465101482599485,0.0492296169275045,6.0245099818526395e-09,1.6034198401085373
CAN,2016,8.34,17.344919958853552,0.1452345031694019,0.005785094028227012,0.007524417435884241,0.014064403961678868,0.0445116540705176,1.0369899946232588e-08,1.275362800412609
AUS,2016,8.29,16.972569579950516,0.0840109064098559,0.041044022990110104,0.009298909813655817,0.017432959103841343,0.0455044929248066,8.94288996001236e-09,1.5727739280625088
ERI,2016,81.37,15.510283035157162,0.1372442434555156,0.02645606070380282,0.0016633957898331275,0.003584015735841576,0.054903638827622,2.3151199732010976e-08,0.8020015854720274
KAZ,2016,82.46,16.69380288293828,0.1304897551566968,0.006464014172715541,0.010652257712186945,0.00823185115199494,0.0531958781093739,1.5445499880718267e-08,1.864080130807681
BEN,2016,84.09,16.231883787844136,0.23014937392899965,0.04710136848021233,0.0023387001077288553,0.005142330525626292,0.0498846151188601,4.965789876704653e-08,0.35065687161316933
IRQ,2016,85.48,17.435263481570004,0.26385327149993765,0.028777157030679304,0.03073418305546083,0.029194024067589884,0.0587887700274448,5.70362983734303e-08,0.7654678421395715
STP,2016,87.33,11.86313850571068,0.105469935171293,0.0014567743887433753,0.00023941833714249437,0.0002160996487888641,0.0505336237448419,1.5066099886506316e-08,
IND,2016,87.25,20.996803103798822,0.5607617915937412,0.03793570904287273,0.03554846330525892,0.031286059188601445,0.0591232860740962,9.670429532413949e-08,0.9858167945227653
NGA,2016,87.66,19.039844703938325,0.3374642272928751,0.048231067904238915,0.0034536024437496395,0.010429989066099338,0.051316729924985,7.390599726895172e-08,
NOR,2016,8.57,15.388960651566203,0.1254775514636466,0.005461232286921335,0.005216493409005667,0.012998801323979762,0.0513346872814025,6.647739977903777e-09,1.5432981099295553
SWE,2016,8.72,16.023373663834757,0.11968185043270221,0.0024196023997674365,0.0012978484302561943,0.007137767420980675,0.0555656684695674,6.278189980292166e-09,1.205970806988609
ISL,2016,8.68,12.578148036470266,0.10373996186956363,0.0010991776828137637,0.0009952026215506817,0.0013258636541973027,0.0529830717104938,4.988719987556337e-09,1.4182774069729414
PHL,2016,90.16,18.338731569024464,0.1525069954321679,0.043019764533491475,0.03620918208070669,0.009597778614920493,0.0495245597646787,2.1231699774607462e-08,0.708035793053696
BFA,2016,92.67,16.7404307908102,0.17206820454277302,0.05439188992812379,0.0009891146647670523,0.003942280988685492,0.0442443768712963,4.453699900822784e-08,
GMB,2016,93.95,14.393020907497156,0.16498310412413422,0.021732699781899848,0.011616046738253174,0.004215420616833799,0.0532271366297246,5.3423898572943504e-08,0.7323678937132266
CIV,2016,95.39,16.92786207823493,0.1935885699453658,0.06117026774814336,0.001548029184301522,0.0028306938033090647,0.0461407315972719,3.444079940691566e-08,
GNB,2016,96.94,14.388770006422334,0.18854693965753636,0.04615904676619629,0.0036842687393022345,0.0033299356053232212,0.0528510605891164,4.478829899700412e-08,
SAU,2016,97.1,17.281620788819513,0.14718620464422771,0.012619731168439946,0.045105351196117124,0.01658444469311671,0.0642788582469034,5.185149865571102e-08,1.1969481893889715
QAT,2016,97.41,14.589489985199023,0.2104174108076107,0.0358715359152366,0.017498416797848623,0.03318002700601629,0.0759981210252894,5.40865985373199e-08,0.6981347220709844
GHA,2016,98.41,17.13719044378279,0.2388155935954573,0.05548723057966288,0.002455296291594508,0.004704910529889709,0.0471276218378813,4.701859889462566e-08,0.5335651107354801
TGO,2016,99.22,15.806360717831264,0.23100015124765388,0.0488177304561451,0.002496199899103925,0.005021635457197069,0.047839571859491,4.771329886172054e-08,0.5007752879124893
TKM,2016,98.53,15.527726519758728,0.129019347642089,0.008133788870064468,0.0029156134652059433,0.0051696493065173455,0.0558753033958956,3.800849927767698e-08,1.5851452198650557
BHS,2015,10.48,12.524971659313847,0.08642040348251451,0.0027360366358130223,0.0025247411571005067,0.0019270051324280103,0.0593723411406513,8.527849963637889e-09,1.3454723665996355
FIN,2015,9.56,15.46613869663301,0.1266058611472101,0.0022878658379042603,0.0018010571224686717,0.019715125428787287,0.0513418691521535,6.028879981826303e-09,1.6639260977181702
CAN,2015,10.09,17.335537485573923,0.1572944099824165,0.006499545120932249,0.00796285911920302,0.015420874757943142,0.0445035742640064,1.253549992143062e-08,1.2809338454620642
NOR,2015,10.19,15.378035463266723,0.1251811980851288,0.0048245640518299535,0.005362962574020836,0.011673645093827891,0.0540412741454988,6.570869978411833e-09,1.5602476682433286
SWE,2015,10.4,16.016686485092226,0.12129278660181586,0.0021670532430779444,0.0013791026006995568,0.006548994445468432,0.0572873708910636,6.344719979872264e-09,1.235471471385307
TKM,2015,101.4,15.516051912457774,0.12932412346682054,0.010310425417278297,0.0028111879059762087,0.004869491757371429,0.0569091136873695,3.787809928262479e-08,1.597365331199831
GHA,2015,100.8,17.114623044741826,0.2281289937185681,0.039668026555261186,0.0023122975782285133,0.004470260480591248,0.0482235082240118,4.865429881637959e-08,0.5247285289349821
SAU,2015,101.0,17.26398924445261,0.14448944402208963,0.012347336925467162,0.04362715302163947,0.015766787376423147,0.0647649457004806,5.8999598259523665e-08,1.199964782928397
QAT,2015,101.6,14.570283017163637,0.20302729332106426,0.03456140232634937,0.01526051278839045,0.031030262801579396,0.0754051165147513,6.415249794222846e-08,0.6981347220709844
NER,2015,103.1,16.804589465384005,0.16317296546961232,0.029807448025648317,0.0012591898875554165,0.005145815552206361,0.0504452747643573,6.79679976901756e-08,0.23111172096338664
TGO,2015,102.5,15.779571557718336,0.22974894916076755,0.0334618530890911,0.0025011744537060242,0.005229011857215847,0.0490604948088521,5.26482986140783e-08,0.49469624183610705
SLE,2015,104.3,15.586725873833641,0.3545305156951572,0.06542395808505469,0.0028840501264174724,0.009419327519611042,0.0518382064464484,7.061589750669745e-08,
GIN,2015,106.6,16.33549066786383,0.2793262712752101,0.072041880398182,0.0023091488624518448,0.006481133010413527,0.0501019056993285,5.3735398556253444e-08,0.262364264467491
YEM,2015,107.7,17.089879378277203,0.1507135591182096,0.030798380249122962,0.015431192364263215,0.010877901516556777,0.0599184397535092,3.766969929049687e-08,0.45107561936021673
PRK,2015,108.0,17.012755850535395,0.5302908323781824,0.02086705764796079,0.04291285706293284,0.0383988890098487,0.0569671335113835,8.220389662125959e-08,2.669540346340334
ISL,2015,10.68,12.569805240555171,0.10527885252348332,0.0009669253769509851,0.0009152580235610543,0.0009184091331931425,0.0568632373543256,6.0055899819664445e-09,1.415853163361435
CAF,2015,110.1,15.406534566299609,0.2843592319268572,0.2752798951556846,0.0011311250368055048,0.0043439653060644385,0.0354028768480875,3.661649932961598e-08,0.6931471805599453
TCD,2015,110.8,16.4537435400413,0.16070685393008827,0.10381328481326975,0.0005864290168870901,0.0030530008465511106,0.0467694570469669,5.053329872319284e-08,0.3852624007906449
KGZ,2015,113.9,15.647385476168056,0.1335990122132667,0.011078557532364933,0.007467740884158235,0.012085140623399781,0.0575611387710007,1.574249987608685e-08,1.7011051009599243
CMR,2015,113.8,16.957709734021016,0.22400498417436043,0.07707382181318571,0.004497030185249794,0.003725636190588967,0.0448763984119142,4.36185990487089e-08,1.2947271675944
EGY,2015,115.5,18.315441833011498,0.28346472718969923,0.013817749669597538,0.04366647283328325,0.032671921356757117,0.0603992658806881,5.757439834259429e-08,0.8109302162163288
LSO,2015,118.5,14.556632637121636,0.17107659857230342,0.03515854872376992,0.023614842736747983,0.01705147870794873,0.0516308256784016,1.1260099936605075e-08,
PAK,2015,117.5,19.045729986613523,0.5449954080041015,0.04863041236217247,0.03389281333750218,0.03312736907365125,0.0604090636941542,9.808879518929398e-08,0.37843643572024505
NZL,2015,11.53,15.223455533877564,0.06062714040149849,0.010635509925752405,0.005976899695981934,0.0033734086534612058,0.0452990523051868,5.9617399822288275e-09,1.308332819650179
FRA,2015,11.9,17.98554857633155,0.15763576528448617,0.0067855678734917105,0.0035320758694326773,0.016354109556738834,0.0517627599050295,1.3845299904153835e-08,1.9851308622085946
MNG,2015,121.0,14.901199177954801,0.1323957077284924,0.00645866484842108,0.013804736642532515,0.00577150676677378,0.0588009734108209,1.577989987549738e-08,2.1162555148025524
OMN,2015,122.3,15.340087458987279,0.14017658422543103,0.015712065481486136,0.012621298265539687,0.013268877786122154,0.0639061984667106,4.9355598782012415e-08,0.7839015438284094
ESP,2015,12.57,17.60053004950089,0.14186888902945408,0.012423154072430203,0.00843272640851373,0.015320168621091878,0.0557957224302225,1.1498599933891101e-08,1.3762440252663892
CHE,2015,13.2,15.92584517760591,0.17373253485587462,0.01058733782213151,0.0019794685587818848,0.01925806630465589,0.0504552109629342,1.2572699920963609e-08,1.7457155307266483
PRT,2015,13.09,16.03453724813128,0.13530594480004285,0.010207724457265335,0.00762640391265039,0.013969940397425454,0.0550219618575029,1.0728599942448571e-08,1.4724720573609429
AZE,2015,130.3,16.07780859145981,0.13753563555742307,0.016918726771259253,0.008670534044657922,0.005592527624258773,0.0539374313760807,1.803699983733332e-08,1.6351056591826783
UZB,2015,137.7,17.194673306377183,0.15467657980333557,0.015661587563158226,0.012374544526764956,0.024006081371979137,0.0518708911629738,2.814729960386476e-08,1.6524974018945473
LUX,2015,13.61,13.279939441043092,0.16610523849713868,0.005915927342941898,0.0022013722012473873,0.019317712685267923,0.0488426491298308,1.4123499900263375e-08,1.7850704810772584
JPN,2015,14.93,18.620289330467354,0.17406364221276877,0.01206432252016615,0.012133195185206596,0.02490783528196491,0.0573568272194919,1.9806999803841377e-08,2.649714624089247
AFG,2015,151.5,17.295343997816914,0.17268316133388267,0.016776292757945257,0.0020441612779865037,0.003586789771953258,0.0576164612748046,2.0377799792372638e-08,0.3646431135879093
DNK,2015,15.64,15.452166679276452,0.12670579275183005,0.0019002593629982806,0.0022855072374553427,0.010819919977659131,0.0550610649931573,8.802219961260462e-09,1.2612978709452054
IRL,2015,16.32,15.32402233499423,0.11186501824020686,0.0015910565979010602,0.002836521267146183,0.005485810389307159,0.0602285709932345,9.176149957899136e-09,1.366091653802371
NLD,2015,16.35,16.627602532766243,0.1478275537915702,0.0034782817582691143,0.0031940695245710263,0.0219661371807233,0.0497184046215828,1.29983999155208e-08,1.4951487660319727
EST,2015,17.34,14.012272794432736,0.1407813764886275,0.002989448143884292,0.007872005303312155,0.009098059852601578,0.0547101994406716,8.902049960376754e-09,1.7613002617433464
USA,2015,16.52,19.58266120131898,0.16273219110590154,0.01970701782377898,0.012079498210346902,0.020678825675183612,0.0451658322724601,1.4328199897351343e-08,1.3217558399823195
GBR,2015,17.24,17.946360356176775,0.13730761907318784,0.0028987246353279587,0.006366839593188322,0.02272430308099875,0.0389369228079185,1.169559993160647e-08,1.2809338454620642
ISR,2015,17.43,15.874576113284032,0.3220005950080207,0.015527780596084765,0.103664033545463,0.05705227965235942,0.0535304371042065,5.223869863555916e-08,1.423108334242607
TJK,2015,184.5,15.965211527875999,0.16174590919455317,0.018341568312268734,0.008554247871778678,0.008536821428166134,0.0543626445938832,2.3032099734761188e-08,1.7083778602890038
BRB,2015,18.98,12.309914238208327,0.07697517436958705,0.0009599201292181778,0.0005725070865388844,0.000477009213013589,0.0531574777961382,2.098969977971625e-08,1.9473377010464987
CYP,2015,18.75,13.89908780256542,0.1260472355583551,0.016916955000778427,0.011776080978412396,0.005219197263837783,0.0664451046722245,1.1449299934456766e-08,1.2149127443642704
URY,2015,19.28,15.00012367096341,0.08682880349076945,0.017135075482550374,0.0016028816984933023,0.00371984279807466,0.0448401002230016,7.055569975109466e-09,1.247032293786383
ITA,2015,18.55,17.869212855867847,0.20380179327347803,0.012358871553284747,0.005880959209989391,0.025307607832268503,0.0540387991554202,1.7809099841417982e-08,1.4350845252893227
BEL,2015,18.52,16.248645373444162,0.16475098440880204,0.003936312546520617,0.00516946625526157,0.02465926666854877,0.0476629046332935,1.580889987503934e-08,1.9213246735826988
LCA,2015,19.96,11.958023957481437,0.07779486377975742,0.0017839977293225794,0.0012035704184580947,0.0007038872132609418,0.0534420869179736,1.9432199811194803e-08,0.8878912573524571
CRI,2015,19.5,15.378829597152258,0.1142465960408739,0.033890569682046144,0.003981119815694511,0.007825251698797877,0.0465289590809922,1.4910299888841476e-08,0.7701082216960736
ATG,2015,20.96,11.181322713140391,0.07698395198478393,0.0014689984931802688,0.0029248933260534447,0.0005936387616380914,0.0547002162980484,1.608499987063639e-08,1.6174060820832772
BLZ,2015,21.34,12.791444034890066,0.10228665749271056,0.0338171536476013,0.0007764275021415984,0.001162305261460131,0.0505144510734238,1.7524499846445952e-08,0.6780335427498971
PAN,2015,20.55,15.155085040144598,0.12003030421136482,0.021506944710051868,0.002221304076361898,0.005756384184207921,0.051745287575959,2.05984997878509e-08,1.128171090909654
DEU,2015,20.76,18.204864381605482,0.1599391891772576,0.005719869313464092,0.003453423064309762,0.02131552444679553,0.0506210257887703,1.3067299914622836e-08,2.2071749081893874
AUT,2015,22.03,15.970322257941376,0.1709730664127932,0.009438633621833245,0.003118499422145997,0.01887923541481371,0.051362792575027,1.4555999894061434e-08,2.1447610078004784
CHL,2015,21.65,16.68375320262666,0.31844767873658264,0.02605127942833266,0.059574750423691966,0.02738867640536273,0.0486633511356152,3.597779935279897e-08,1.1410330045520618
BRN,2015,22.52,12.838763043312925,0.269477242537242,0.12571399561857952,0.0031913282904921032,0.007059229902859615,0.0491971188851698,2.0954199780460754e-08,1.4011829736136412
MLT,2015,22.84,12.766942132970136,0.11656067732518978,0.0019759954344878423,0.008042339517571799,0.008185518051111123,0.0646976328878139,1.0972799939798831e-08,1.7209792871670078
JAM,2015,22.76,14.808901602757274,0.12695829746424978,0.013268462335335494,0.007789824381525659,0.007944134638116088,0.0591815731852163,2.1641299765827072e-08,0.9969486348916096
KOR,2015,22.67,17.662445204508444,0.4724592405129716,0.039630524361503654,0.0776784217200976,0.07335934800457669,0.0549594034510659,8.752959616928478e-08,2.5352828571130672
TTO,2015,23.65,13.992414851179886,0.08516906113413679,0.008588295783594789,0.0009577522088954709,0.004605054441836947,0.0536595030609034,2.17675997630858e-08,1.2325602611778486
PRY,2015,24.39,15.687310094862381,0.14614234079530256,0.10248820873094322,0.0005452813071227971,0.0025449109652909575,0.0381597902587173,1.1496199933918693e-08,0.6151856390902335
SVN,2015,24.61,14.543771853248098,0.19930984110156438,0.01569021920004688,0.00769549755688563,0.018898381334097672,0.0519236841670105,1.640659986541174e-08,1.7083778602890038
ECU,2015,25.06,16.56308603673272,0.1657285977472297,0.05843188823822182,0.0015501478996803768,0.00809513182723368,0.0404036159761586,1.776469984220772e-08,0.9242589015233319
TON,2015,24.94,11.089714272431214,0.049367435611444715,0.0005324052471708586,0.00029105363977978643,2.9799555988821e-05,0.0499643051961375,5.883319982693273e-09,1.247032293786383
SGP,2015,26.54,15.360750492869245,0.37815869509909483,0.03129589747199989,0.057989264310307854,0.018300457446921475,0.0622806620496454,4.3650799047303856e-08,1.2237754316221157
BRA,2015,26.79,19.11671713397412,0.14672153681311892,0.048337195880499166,0.006364409114053084,0.00818757315783178,0.0451531068087202,1.5584199878566356e-08,1.220829921392359
PER,2015,27.45,17.24017219060982,0.12980383327434883,0.05359367927222288,0.002364178127223873,0.005063804274602386,0.0414532365820986,1.1909499929081905e-08,0.9555114450274363
VCT,2015,28.17,10.91006130373693,0.07732539974946616,0.0013244894764325983,0.001392644819882994,0.0005035142154390421,0.0534475681566485,2.0256899794829e-08,1.691939133945844
COL,2015,27.68,17.68229704480839,0.1837475038147603,0.06773293636860643,0.0028679036302072724,0.008393511718095065,0.0373055012104483,2.2699999742355005e-08,0.9745596399981308
GRC,2015,28.01,16.128471825780537,0.1466060652339732,0.010402194094129798,0.01054086932228475,0.01103428771405975,0.0588255134510091,1.2597199920655277e-08,1.6582280766035324
THA,2015,28.4,18.019620466119484,0.2994965631935641,0.05976705421042525,0.022614383347681212,0.015259887405054778,0.0507289451027916,4.024059919034708e-08,1.1410330045520618
MUS,2015,29.81,13.967801827301663,0.07799378914974983,0.000938940057788637,0.0013883627782197826,0.0013212018283613877,0.048491126074375,1.015119994847657e-08,1.4973884086254776
DOM,2015,31.56,16.150549841979387,0.12321038845173714,0.021300773142515633,0.003267408203279894,0.010828270104171735,0.0521340824106422,2.045279979084149e-08,0.9202827531436926
CUB,2015,31.57,16.2136045010264,0.10142216171297222,0.012623447959330543,0.0034144919817977832,0.0036248552667718747,0.0573215879867714,1.3682899906389125e-08,1.623340817603092
MDV,2015,31.53,7.980779637716222,0.09574965776519195,0.0010892225816484817,0.00035151221234279364,0.00013680564168145002,0.0517072151599897,9.480969955055604e-09,1.7833912195575383
ARG,2015,31.84,17.579954384576613,0.11529104077030754,0.04709239234154256,0.0016944176632543379,0.010544858047242818,0.0398684333622082,1.0417099945742015e-08,1.7833912195575383
MEX,2015,32.12,18.65270138941711,0.21434016698633818,0.05518472010947773,0.23114727826772613,0.021379552903025015,0.0500532625913492,4.2322899104386096e-08,0.6931471805599453
KEN,2015,32.62,17.641477883615057,0.31357442043760064,0.04525852383404169,0.004508439695414116,0.01038069862771038,0.0458868075677933,3.629259934142361e-08,0.8754687373538999
GRD,2015,33.1,11.326105646148504,0.07716286336124546,0.0011519063011215425,0.0006245219455666081,0.00036207644241287757,0.0531325063481033,2.0778199784133207e-08,1.5085119938441398
SUR,2015,34.29,13.196632706539313,0.09270487439611887,0.02854374452628038,0.0005854535885982907,0.00025960130066627897,0.0473079982154031,1.8696299825224185e-08,1.3609765531356006
WSM,2015,35.86,12.041078773534355,0.05071553421628151,0.0006610804381674721,0.00041539171291518764,0.00019879123971213784,0.0435095166433726,6.244189980505045e-09,
JOR,2015,36.08,15.83863880770567,0.2574855227375411,0.017531321401345154,0.06123462396258347,0.03611031163512635,0.0580694612771137,4.121489915066603e-08,0.8671004876833833
FJI,2015,38.28,13.548099891803517,0.056695044778862815,0.009146658490080504,0.0018629276721937888,0.0004354461795497896,0.0464829780108711,6.145179981118382e-09,1.0577902941478545
TZA,2015,37.64,17.78415809120725,0.15727262804301903,0.045346590440757506,0.0012748610192483503,0.0024049428053922843,0.0427860077166519,1.5542599879213794e-08,0.5197853651374625
VEN,2015,38.09,17.23694010994991,0.12499933365564253,0.057067822014410866,0.002414094727076831,0.005985845030269313,0.0490754316599266,2.2192099753755353e-08,0.5596157879354227
LKA,2015,39.26,16.78106336067681,0.2290642859218108,0.032365125877815266,0.01979748806728763,0.0114309233438691,0.0528139880288638,3.166039949880955e-08,1.5496879080283263
PNG,2015,38.99,15.819733406637532,0.10430009190724905,0.11104198440536073,0.004897709615578653,0.0012728066378562461,0.0324889430748058,1.0030499949694535e-08,
CZE,2015,40.24,16.169325255367706,0.18067525237820214,0.007757503611438947,0.008804167327940591,0.020012471943918128,0.0510182628933102,1.6503099863823848e-08,2.0451088625993306
HRV,2015,40.29,15.195485835664538,0.18234922057797529,0.016616233582382886,0.008678373743741363,0.013737600579918952,0.0532770868766794,1.4799999890480002e-08,1.8870696490323797
TUR,2015,41.39,18.143747121395762,0.1452916047036268,0.013701289185105282,0.009702285240913466,0.014357141238658798,0.0556010244422534,1.5745099876045912e-08,1.2864740258376797
SYC,2015,42.4,11.091439962895215,0.07016435889421209,0.0008003016731689611,0.0004188652636959654,0.00019135768994934423,0.04405040077758,6.485169978971286e-09,1.3402504226184837
SLV,2015,42.23,15.61410910065754,0.19515229469481296,0.09194282389256986,0.010209399272245076,0.015434538325969601,0.0509397913743985,2.6474599649547783e-08,0.712949807856125
KWT,2015,42.75,15.098689683674843,0.2633486874564502,0.04930559797726788,0.13316674002184298,0.06268016515072218,0.066084525806121,8.696629621843155e-08,1.1568811967920856
SSD,2015,43.76,16.32615139235229,0.25776503497665676,0.21492447828101116,0.001323180210831796,0.006408913967017052,0.0405473435526569,3.3336799444328895e-08,
SVK,2015,43.69,15.503247297780797,0.17126881465870294,0.010670578343354206,0.011318948324313526,0.016306173781283278,0.0499498246000062,1.4724099891600441e-08,1.9095425048844386
LVA,2015,45.22,14.463563239215102,0.157244632615344,0.0038069384057090594,0.0032184671736205156,0.00673630705123978,0.0532998234763364,1.2664099919810286e-08,1.900613874140137
NIC,2015,45.19,15.612786781879201,0.10449354784981967,0.046531447569548044,0.006803171858255625,0.002660138691643039,0.0463080839613173,1.816499983501639e-08,0.6523251860396903
NAM,2015,47.15,14.711910950055621,0.13936616493516432,0.06224144675615966,0.001612161768582049,0.0030575967831185046,0.0488597545819704,1.384649990413722e-08,
RUS,2015,47.37,18.79319449232671,0.14779035089316828,0.006238310217417984,0.011621758981186484,0.01737332009389794,0.0507798190687776,1.1833499929984139e-08,2.145931282948669
LTU,2015,46.55,14.863186015020219,0.14890907688248903,0.0032816933491729905,0.0041020480848912985,0.006543735982211111,0.0546462431942607,1.2364099923564516e-08,2.0744289998562917
GTM,2015,48.08,16.608748672055683,0.21062702944761544,0.08325063216196747,0.007274930406433132,0.012177481584035154,0.0455428090925553,2.664599964499535e-08,0.4637340162321401
KIR,2015,49.06,9.507259897481747,0.054634079943956554,0.0005524433750544265,0.00015396114737427612,1.8099836196976554e-05,0.0383179005720706,5.2093199864314925e-09,0.9516578757114464
MWI,2015,49.3,16.66000403495759,0.21076525209789942,0.04548326430299948,0.0019536264285615456,0.005288110266073098,0.0411162404243744,2.4618399696967198e-08,0.832909122935104
COM,2015,48.64,13.246111201620053,0.08482351461324183,0.0018348097067083827,0.0006547246210514554,0.0005908743993347776,0.0484482668245998,9.22275995747035e-09,1.1505720275988207
ETH,2015,49.47,18.413662822950702,0.24986753303264106,0.050480605045007294,0.0014512654047420298,0.006570011133311952,0.0457727429037135,3.2166799482648504e-08,0.28517894223366236
DZA,2015,49.37,17.47302798377134,0.19218515203751366,0.02574201981872507,0.011411275035518071,0.02644238718299764,0.0602071542201595,2.940409956769946e-08,0.9631743177730056
CPV,2015,49.12,12.993485210285545,0.08944229374916926,0.0009889698081072802,0.000617318419770095,0.0005645805943785302,0.0609336838899211,4.081889916690872e-08,1.1249295969854831
HUN,2015,49.75,16.103747845711965,0.16829737860668798,0.00946622953661613,0.015104674864881098,0.015270060915316316,0.0498921306759161,1.454429989423167e-08,2.0794415416798357
IRN,2015,50.34,18.18542613761216,0.29083974450377365,0.031315363438583335,0.03556173590688741,0.03912527398372402,0.0587625409508823,3.7591399293443335e-08,1.0260415958332743
FSM,2015,52.29,10.39491687844295,0.07135352149224652,0.0008864180154433297,0.0002185161236127671,4.36990451828169e-05,0.0448484632966784,6.716779977442433e-09,
LBY,2015,52.0,15.647654290722352,0.1298725904888226,0.008105442964859369,0.006371915161802183,0.008609302373312588,0.0632091439547304,3.726989930547729e-08,1.547562508716013
ALB,2015,51.52,14.847483909609418,0.14510732856943442,0.010321806402037462,0.007211111327431495,0.008411597114335924,0.0584332028081962,1.1481799934084135e-08,1.3454723665996355
GUY,2015,53.31,13.511015563789442,0.09176057011453263,0.030748832709273807,0.0003579839161111305,0.0002580976899255381,0.0462756698936509,1.9457899810695064e-08,1.0116009116784799
VNM,2015,52.89,18.320328365060604,0.35203904414149834,0.04634382097716212,0.009945242721411682,0.014967580804242977,0.0555063963138128,4.810639884288718e-08,1.2556160374777743
POL,2015,52.55,17.469612054056864,0.15981306138636006,0.004858229668036009,0.012973477329491312,0.0154370886541835,0.0515150195787402,1.4368599896771667e-08,2.0268315914075385
SRB,2015,52.6,15.767729219303382,0.16275871529686223,0.014715548257915927,0.02418693256065203,0.01097582168933789,0.0520847058985313,1.3283499911774315e-08,1.8748743759385615
ROU,2015,53.85,16.776732730231064,0.15973717370023713,0.010431555640004066,0.009452826920587142,0.012998360096745178,0.0509433475032379,1.2446199922546054e-08,2.050270164379556
HTI,2015,54.99,16.133627680060524,0.14835665397370085,0.021683420240858585,0.0012393227222464837,0.00720331273656157,0.0572665052603075,2.1457599769785707e-08,1.1704160207970933
ZAF,2015,55.18,17.808449092262077,0.37726025593574586,0.04068149665089169,0.04697605872234373,0.03395995537015239,0.0497279972022249,4.774479886021707e-08,1.1786549963416462
ZMB,2015,56.29,16.599669925114362,0.19488115546264517,0.06426116955417635,0.006116683889282943,0.004930337884893097,0.045065031976262,2.2120999755330682e-08,1.0986122886681098
TUN,2015,55.73,16.18554175254658,0.1866485651097564,0.012255729793547903,0.019129062266884274,0.016023753199365692,0.0591869658865796,2.5785699667548843e-08,1.0296194171811583
TLS,2015,56.67,13.967132655047568,0.09922276474249513,0.04401297249045855,0.0005766027326891347,0.0008386472370777427,0.0459530998875442,7.870749969025647e-09,0.3293037471426004
BOL,2015,56.59,16.189937275957778,0.13956643804804178,0.13759383808254538,0.0003402291155100028,0.0017708441295960333,0.0305143351206057,7.874199968998487e-09,0.7793248768009976
SLB,2015,58.66,12.95396437055682,0.05718344658218247,0.017134404085883705,0.0003744228949984843,3.299945551197871e-05,0.0422290070048967,7.1804099742208554e-09,
GAB,2015,59.29,14.307688350680163,0.17905217401498405,0.06136472434356983,0.001370415551512161,0.0018102055887886232,0.0422503113617577,2.1313099772875887e-08,1.0818051703517284
VUT,2015,60.34,12.166210138471236,0.060070297854350585,0.005268524917076366,0.000969443937338652,0.00025657408205497184,0.0481731608863466,8.521509963691934e-09,
MAR,2015,60.38,17.357712419297513,0.1720983432033455,0.01925737769423652,0.015705035779790037,0.014194156636766273,0.0580562714728132,1.936829981243448e-08,0.5831462853456167
HND,2015,60.01,15.896361569624457,0.14134001395626578,0.09586618429608525,0.0030066893759217446,0.005180557708085024,0.0430535288247546,1.9609699807729833e-08,0.4700036292457355
IDN,2015,60.25,19.324705777282336,0.4314582879275452,0.06802805967234764,0.02249944349860399,0.01734547567604915,0.0554953917138956,5.0490198725369894e-08,0.6678293725756554
KHM,2015,60.1,16.55786289389802,0.23032236267669431,0.06787268164184843,0.005251507663933365,0.006842039771133142,0.0497918536435443,2.8588999591334547e-08,0.6043159668533296
DJI,2015,60.93,13.589596735489824,0.11525917161151333,0.0064008656808372,0.0022236159326400424,0.0025025330504402257,0.0582497806268776,2.9291699570998163e-08,0.8153648132841945
BWA,2015,60.65,14.619242340848402,0.1234151225266996,0.06552960891029419,0.005205594352705562,0.003317759145354918,0.0509324842001175,6.334059979939842e-09,1.2837077723447896
LBN,2015,61.49,15.371027963698323,0.2945854968894735,0.014330716011745532,0.03856129193673921,0.036733104310753405,0.0572950057699224,4.0889499164024416e-08,1.4747630091074988
BTN,2015,60.98,13.750728444493832,0.37457876267763524,0.05384773307924182,0.005588443520323331,0.009039280329076943,0.0570811757432396,3.552669936892681e-08,1.000631880307906
MYS,2015,61.03,17.175960268385797,0.3914158518663771,0.13341633500564867,0.009150755832697232,0.01770904905454181,0.0561684663920849,3.846209926033345e-08,1.0508216248317612
RWA,2015,62.17,16.261556871255525,0.43962528833659814,0.06417509166758098,0.11648399404484579,0.012776921388495942,0.0462175214146121,6.912449761090186e-08,0.5538851132264376
MDG,2015,62.11,16.994271800120806,0.14416571066847678,0.04107463876301059,0.0006795710392861739,0.0031948420528178445,0.0412065234404641,1.2541899921350374e-08,0.2795238847503174
BHR,2015,61.89,13.568212406492545,0.20185013346979777,0.026032142336744484,0.03403270560796169,0.03328294734613734,0.073761852083389,6.676789777102387e-08,1.0612565021243408
GNQ,2015,63.27,13.59056369415903,0.15940187101463485,0.04157215020311138,0.0018969366774349062,0.001037979113245297,0.0458431582030937,2.4338599703816277e-08,1.1314021114911006
AGO,2015,62.53,17.01525520734207,0.2495911101096603,0.08110243888309084,0.0020043419639369287,0.0061795163987672826,0.048422350872261,2.7025199634819287e-08,
ZWE,2015,62.76,16.555624100646515,0.18693846744080486,0.05270176957052659,0.0035311531339398228,0.005448978316281501,0.0453736705014325,1.797929983837239e-08,1.0420419371797154
UGA,2015,63.92,17.47998857051219,0.31566221883472245,0.09328274321575078,0.01646986215191381,0.006868860272836492,0.0472267848406025,3.7368599301793885e-08,0.4054651081081644
LBR,2015,64.46,15.24535042787019,0.21287685508679358,0.04480449096355507,0.0012696176942579738,0.003087936413137004,0.0487822141267891,4.006429919742595e-08,0.7047463164032972
BIH,2015,64.49,15.16154947498141,0.1542867971343059,0.017385246018351924,0.014209032863340031,0.008387726464175965,0.0540503980190815,1.1556299933225967e-08,1.2149127443642704
MRT,2015,64.78,15.194486502179947,0.11052739213216566,0.021965848590039992,0.001325560056946683,0.0020390756714608917,0.0528137649076377,9.227579574258863e-08,
BGD,2015,66.18,18.863818542388103,0.5266026840346862,0.04957534630943125,0.020305335231094967,0.025087091846368443,0.0572079547481307,8.96560959808921e-08,0.5653138090500605
LAO,2015,67.33,15.730330838265088,0.39168399731793646,0.12055738447807783,0.004795201621873633,0.009271595614015223,0.0504369685938264,4.2713599087774215e-08,0.7654678421395714
MOZ,2015,68.0,17.136042194099556,0.14044237865196707,0.04099842247592805,0.0008540851654059049,0.002912117666349021,0.0435045223154072,1.6165099869344772e-08,0.5766133643039938
SOM,2015,67.66,16.18316242192238,0.0856241559099041,0.0314513432651993,0.0003466489103233461,0.00039623848716105237,0.0464113199245945,1.2703999919304194e-08,0.6259384308664953
MNE,2015,67.98,13.336809745627624,0.1438091024328571,0.013957581189023495,0.007240391986422412,0.0060134787390125136,0.0580678810691803,1.0192599948055454e-08,1.5871923034867808
COG,2015,70.36,15.253260242844247,0.24044544890047134,0.14752343607896168,0.0040524208398689905,0.0029992577265107027,0.0413421667776591,2.6300599654139226e-08,
BGR,2015,69.91,15.79334474179219,0.15845466153850823,0.013230534207875243,0.030765399253224208,0.01307450592805037,0.0522069957010983,1.2815299917884044e-08,2.1090003439213802
MKD,2015,70.15,14.553511154334634,0.15948729558602892,0.01457716399870282,0.025385678706020334,0.012414583176937211,0.0545641486795219,1.27989999180928e-08,1.7209792871670078
SEN,2015,70.54,16.51363390380443,0.15048770732723615,0.01828314994553412,0.026814138123756295,0.004082814956430859,0.0536545133431916,6.991669755582764e-08,0.5187937934151676
SWZ,2015,71.83,14.045436107450382,0.2172967536563195,0.04178012832342989,0.008909464587298426,0.011246927532040454,0.0471976439567702,2.398949971225195e-08,1.1052568313867783
MDA,2015,72.92,15.197750538680337,0.1380422410578561,0.004911879942307108,0.012424361972169359,0.007347883065192264,0.05529727779462,1.0072999949267336e-08,1.9050881545350582
ARE,2015,73.25,15.964556395006715,0.22416197814151273,0.04924798982746037,0.027560967120604886,0.05446435640167932,0.0689845033527824,7.560499714194213e-08,0.8878912573524571
SDN,2015,73.67,17.507831778399602,0.1359309046166457,0.03579491912376231,0.0016766745952329742,0.003506800979568752,0.0559417985619107,4.2634899091132674e-08,0.5128236264286637
MLI,2015,73.99,16.687020104234794,0.15537385629895598,0.05614252822507153,0.0006693019674591588,0.0035212192245854504,0.0447679349521444,4.9193298790009655e-08,0.22314355131420976
MMR,2015,73.79,17.784472386401845,0.26997507020874223,0.09224509267493217,0.0037752059341219103,0.005458440570920158,0.0477330273293439,2.9715799558485623e-08,0.7275486072772778
UKR,2015,74.87,17.561391856258993,0.14143389692333314,0.004904504232693929,0.011287925972830393,0.011192125843151414,0.0523267536875657,1.0730299942430333e-08,2.1126345090356
BLR,2015,75.12,16.069085513446527,0.1334162763739013,0.004588224978883272,0.004424421794858893,0.007720661839106071,0.0525405511726743,9.375939956045875e-09,2.4203681286504293
SYR,2015,74.61,16.728951885199145,0.21742078105674306,0.01691678490278132,0.024902667600443813,0.023578994699297858,0.0573243171229129,3.537629937425871e-08,0.9042181506398859
COD,2015,75.97,18.16492580993128,0.337746366715473,0.23576600549743523,0.013169824894214262,0.005980607461763771,0.0376709243046491,4.067049917295524e-08,
BDI,2015,76.34,16.22645983259159,0.371629491500098,0.05213320901048899,0.009572242555111502,0.00985269539391244,0.0447784634433258,4.8979998800479836e-08,0.585933096252796
GEO,2015,75.85,15.189887209459908,0.1310074183295187,0.019972267808375122,0.005443423650635527,0.005718752717918373,0.0527901047310582,1.2590599920738397e-08,1.4770487243883548
ARM,2015,75.97,14.930463340596553,0.14660921576630162,0.012270524250257769,0.00950326162568133,0.009120459872806432,0.0547918633836934,1.8705399825054007e-08,1.665818245870208
CHN,2015,77.25,21.026716158442586,0.5330771213067726,0.024476832238295006,0.07611638173401353,0.06722835778121025,0.0511351684213336,9.840889515784452e-08,1.5727739280625088
NPL,2015,79.44,17.198847457904,0.6052214562276133,0.07071739564002112,0.01395192467757485,0.015561104546873768,0.059447024177405,8.539379635394968e-08,0.22314355131420976
ERI,2015,82.78,15.485254423092256,0.13371016026963495,0.032940744982055965,0.0017969485205077459,0.003292458903751511,0.0559522771911392,2.332949972786722e-08,0.8020015854720274
PHL,2015,84.96,18.323380487618675,0.17450073876799405,0.04242737209183151,0.035538312584768784,0.009235720134194356,0.052347007498931,2.2217299753195794e-08,0.6575200029167942
BEN,2015,85.53,16.205276952593273,0.2285644747226421,0.03364673041150058,0.0023492503492187683,0.005290062911004691,0.0505691603860813,5.385969854956641e-08,0.35767444427181594
KAZ,2015,86.34,16.682622211004638,0.1321809749709077,0.007851659885987523,0.01058294160387481,0.007870967504566556,0.0547088604252348,1.5419699881116427e-08,1.8976198599275322
STP,2015,87.22,11.842361649385792,0.10463252593760021,0.001580385532657408,0.00020035992660929257,0.00016914569406050576,0.0507057580875714,1.448899989503444e-08,
IRQ,2015,86.87,17.40527632181497,0.25879912845409137,0.03399763409295139,0.029045807575481947,0.02778252948624061,0.0601368869866219,5.9224898246205674e-08,0.7654678421395715
NGA,2015,88.25,19.01315034106914,0.3184593354664666,0.03870925449598274,0.0032053224609300164,0.009726565225447863,0.0521027037530593,7.442599723038539e-08,
AUS,2015,8.54,16.95907202162247,0.08431782095578504,0.04582344972554309,0.010280091327690992,0.019084900183842353,0.0448465465774533,8.6543399625512e-09,1.5665304114228238
IND,2015,90.83,20.98499054161605,0.5471112719038541,0.041753897124108194,0.034766746453380994,0.030158161424890376,0.0592517310590248,9.484049550264006e-08,0.9932517730102833
BFA,2015,94.51,16.710466713101503,0.1604176754088568,0.04390851208048162,0.0009310983933245906,0.003785240927812678,0.0457835292264078,4.7210898885565494e-08,
GMB,2015,97.02,14.357557903467075,0.15706301115618132,0.019618670181028655,0.010944829244977623,0.003839007571506755,0.0531792528193046,5.933929823942381e-08,0.7030975114131134
GNB,2015,98.49,14.364485417210156,0.17673005930071256,0.04163938100888183,0.0033998290260476008,0.002994749258672403,0.0519591948864227,5.061979871881797e-08,
CIV,2015,99.12,16.902838580448545,0.18720600675575333,0.049042973162926246,0.001498890102767247,0.002536704841984539,0.0468514247901504,3.7256399305980347e-08,
BHS,2014,10.4,12.511482915724413,0.08892056507966291,0.002464508602313528,0.0024238660617982907,0.0017453230372743277,0.0612002500738666,9.043489959107644e-09,1.324418957401803
FIN,2014,9.74,15.461259153518428,0.13202904478994784,0.003000268689308531,0.002003505641543616,0.022065295921903184,0.0497288737307631,6.951089975841174e-09,1.7101878155342434
ISL,2014,9.97,12.562241691524118,0.1090485869543899,0.0010990008772456975,0.0011012064495524102,0.0012287098268161775,0.0540357971231614,5.412409985352909e-09,1.425515074273172
NOR,2014,9.85,15.365566029006287,0.12861855701105349,0.005469447266353172,0.005751556045254121,0.011515495442790449,0.0528994754731653,6.9521399758338745e-09,1.5769147207285403
SWE,2014,10.33,16.008775457223464,0.1280124536337241,0.0027161170123208927,0.00144971166006613,0.006940278454743316,0.0563579574665525,7.335709973093679e-09,1.264126727145683
CAN,2014,10.38,17.325218984849936,0.15153818251169837,0.005853025578097885,0.007965467264573055,0.014788856779398571,0.0441561425840223,1.2129899926432763e-08,1.297463147413275
CIV,2014,99.77,16.879874767409135,0.16607457648623816,0.04162142912724015,0.0013078873423559127,0.0021919179916168197,0.0463167109045887,2.6187899657096953e-08,
SAU,2014,100.1,17.24199476458075,0.14028426854778536,0.012266225316043764,0.04325667787194034,0.015767563049326208,0.0644898616485431,4.714109888885838e-08,1.205970806988609
TGO,2014,101.4,15.754177719802058,0.2049560578029531,0.02935205368606862,0.002227671895458034,0.004426845046668465,0.0482012980113598,3.526079937833801e-08,0.4762341789963716
NER,2014,101.7,16.767767954548372,0.16952345517970166,0.031521449745580056,0.0013570567817775,0.005531294148287666,0.0498767132853205,5.347399857026571e-08,0.2546422183735807
GNB,2014,103.2,14.341172278559378,0.16655171557386653,0.040601274163309206,0.003498335681839265,0.0027071244298844175,0.0521807003982695,4.3292099062897063e-08,
SLE,2014,103.9,15.566000647888202,0.32856832714730677,0.057832709229484136,0.0027029417594628693,0.00866924229269215,0.0526373448912096,6.078269815273177e-08,
GIN,2014,104.7,16.30969635301474,0.26445289790714915,0.07240306469602396,0.0022189273588115437,0.006033985836942423,0.050474968776729,4.6279698929094715e-08,0.262364264467491
YEM,2014,105.8,17.06548630489975,0.14777953885663977,0.029025800026922774,0.015014904026028529,0.010676713508052195,0.0599506915335777,3.153099950289803e-08,0.43178241642553783
TKM,2014,105.6,15.503468430973111,0.1294018615859502,0.009250288851229827,0.0030329818569436616,0.005094570609091459,0.0562455846951979,4.405939902938466e-08,1.5085119938441398
EGY,2014,107.2,18.29449593213909,0.29820422864305907,0.014905693136052993,0.045440163941225215,0.03428152870859737,0.0596302147996832,5.817539830781148e-08,0.8501509293696101
TCD,2014,108.4,16.42285769764792,0.16512103822448426,0.09837897079031192,0.0005818626850701074,0.0033001744289737115,0.0466643858010667,3.880889924693466e-08,0.3750059006234558
CAF,2014,108.6,15.387639680674113,0.28680683229083237,0.2976829864315417,0.0010469507557459698,0.004211762064999403,0.0350758855929335,3.167129949846439e-08,0.6931471805599453
FRA,2014,11.19,17.980821895908576,0.15911116340293838,0.0057644257279844055,0.003890858782267652,0.01701919537645169,0.0522593289435262,1.4645399892756131e-08,1.9947003132247452
PRK,2014,111.4,17.007607241774778,0.5299380823623001,0.021223015126433646,0.042261723053568644,0.03788120872535586,0.0570598269067037,8.535829635698052e-08,2.669540346340334
CMR,2014,113.2,16.93393622627105,0.2148690252514986,0.07340177742834286,0.004478985352602763,0.003684226893755945,0.0449102601530184,3.347719943963855e-08,1.2947271675944
OMN,2014,118.1,15.27046662507521,0.13336919659645802,0.014976348546308466,0.011949220849689865,0.012234539862262571,0.0635693445361841,4.501459898684292e-08,0.7975071958841881
PAK,2014,119.4,19.025522068518868,0.534992025346264,0.04212408659031855,0.032979539019283584,0.03164359357252041,0.0595145985507583,9.639069535441678e-08,0.3852624007906449
ESP,2014,11.52,17.60277976671146,0.1332451401581944,0.01021392185258226,0.008629900062067245,0.013779360062263832,0.0563232838521954,1.0069099949306613e-08,1.3737155789130306
NZL,2014,12.24,15.216623854273662,0.05932351786531701,0.00788315214640251,0.005876637690156491,0.0035398164507070232,0.0461591944146924,5.674199983901727e-09,1.3190856114264407
PRT,2014,12.19,16.03910676681766,0.12123407396763788,0.008388241129019402,0.007486422675354268,0.012209213299683457,0.0560243765725983,8.560859963355837e-09,1.463255402256019
KGZ,2014,119.8,15.631212758692142,0.13151301419351502,0.010095809379564983,0.007673693755724073,0.012179972067667263,0.0574516435974863,1.5356299882092026e-08,1.7351891177396608
LSO,2014,121.4,14.545191850802796,0.17113266983840772,0.03291254980785541,0.02442722908660142,0.01821340240190088,0.050059935436503,1.207169992713703e-08,
MNG,2014,123.5,14.884408389243871,0.12443297968496825,0.005994296254914489,0.014253788375453977,0.005699032619807974,0.0576191186143099,1.4559499894010482e-08,2.086913556518537
CHE,2014,12.65,15.914574935043401,0.17444711291238077,0.00837566895132701,0.0021073409963968306,0.01986791634127421,0.0492417122924091,1.327169991193099e-08,1.7457155307266483
AZE,2014,131.8,16.06430157960143,0.13278359021498398,0.015211626329016431,0.008828555363594169,0.005487278313342524,0.0535265921584359,1.933289981311949e-08,1.673351238177753
LUX,2014,13.76,13.259953066492578,0.16909070634059453,0.005579500597040469,0.002401117009948142,0.020485984930627477,0.048537253028021,1.5570499878779765e-08,1.80005827204275
UZB,2014,142.7,17.18012614551475,0.1555781356700796,0.014732472225675683,0.012896925968766225,0.02526184469337412,0.0506156304092846,2.9712599558580712e-08,1.673351238177753
DNK,2014,15.29,15.448006297699045,0.1335084307359005,0.002291589302416666,0.0025252638356682102,0.012045716177406827,0.0534028335798488,9.240989957302052e-09,1.351776856237177
AFG,2014,154.1,17.2669852273206,0.1687385709653134,0.01604844406250281,0.002022365639346424,0.0035307336178456486,0.0570022264705927,2.0574699788340864e-08,0.37843643572024505
NLD,2014,15.78,16.62395426231655,0.15568019552153783,0.00402611431386102,0.00353119299294199,0.024954932327881985,0.0476396486267332,1.4883499889240715e-08,1.506297153514587
IRL,2014,16.12,15.320831665456089,0.11280167056627026,0.0019262595702368673,0.0031830796226196456,0.006148415694497015,0.0591030234346542,9.011669959394902e-09,1.2725655957915476
JPN,2014,15.84,18.62140583988933,0.18115891869212888,0.011903811665486711,0.012336421477371035,0.026055086927362567,0.0576741762677042,2.12831997735127e-08,2.6518325211039815
USA,2014,16.95,19.575289506821793,0.1627661917759381,0.01672710664886647,0.012386421569238916,0.020910544701519488,0.0450850122532678,1.4791299890608724e-08,1.332366019094335
GBR,2014,16.63,17.940066275618715,0.144820499318252,0.003626800201971751,0.007338225244111013,0.026032341094694367,0.0369522418235797,1.3224899912551012e-08,1.3137236682850553
ISR,2014,16.57,15.857674739955671,0.31611501372246104,0.01455591380592566,0.10518560326154498,0.05792797265359205,0.0528200151716954,4.9404598779592795e-08,1.4350845252893227
ITA,2014,17.21,17.86842160348148,0.19701483904615005,0.009211688817362663,0.006085138930547986,0.024720854142794617,0.052983396180988,1.8413299830475194e-08,1.4398351280479205
BRB,2014,18.33,12.307222513841523,0.07414212264201588,0.0009105872895269332,0.0005440949534915573,0.00042877406326177693,0.0530764368527018,1.7214799851825335e-08,1.9501867058225735
URY,2014,17.96,14.996886418625941,0.08729368430383648,0.01821917822370379,0.0016080603775962888,0.0036870913169891675,0.0459669648004778,7.447199972269606e-09,1.252762968495368
BEL,2014,17.73,16.242277369531752,0.17137739904172572,0.004235786377126453,0.005694707330738061,0.026909117254822517,0.0468205140562179,1.773109984280405e-08,1.9242486522741338
TJK,2014,182.0,15.94387870807603,0.16542816695968282,0.018232017082458644,0.008996904209170885,0.009042796396044233,0.0530372518930177,2.3442899725215224e-08,1.7209792871670078
LCA,2014,19.0,11.950320607034005,0.07507279470557521,0.0015946259080263157,0.0011360364661469368,0.0006315755141903638,0.0532211873775936,1.6024299871610906e-08,0.8576017355254755
CYP,2014,19.61,13.888533447342839,0.12201549548173397,0.013117376801248434,0.011778581356540233,0.005628614586742212,0.0657740947070058,1.2661399919844477e-08,1.2296405510745139
AUT,2014,20.41,15.966685435293252,0.16882245755437372,0.007248691640904568,0.0032169261401848136,0.018487450084549772,0.0499428899253766,1.451559989464868e-08,2.149433913499871
DEU,2014,19.96,18.204232273856224,0.16432337435748867,0.005370057397234768,0.0038797440503517086,0.0226740420127657,0.0492599891873349,1.4597599893455037e-08,2.2181159363675955
ATG,2014,21.0,11.17094784147921,0.07460583741252944,0.0013213985682371376,0.0026781086634974187,0.0005174211146043663,0.0546007465798825,1.390489990332688e-08,1.599387576580599
EST,2014,21.25,14.015849824873685,0.1477633093683977,0.0039055274892176427,0.009016424601419026,0.010645962112957269,0.0526000936904899,1.0255399947413385e-08,1.7749523509116738
CRI,2014,21.12,15.367846316152296,0.11135116612561362,0.03402625200027268,0.00406148997206911,0.008064934808547667,0.0457816243175388,1.3503799908823695e-08,0.7747271675523681
BLZ,2014,20.99,12.770408874631897,0.1018948360218255,0.03192595172926557,0.000783079313346404,0.001151593661411765,0.0502651826430184,1.67979998589136e-08,0.712949807856125
PAN,2014,22.43,15.139340810198297,0.11389086653923168,0.02067572348772961,0.0022163430961228,0.00558790056295597,0.0515794044108465,1.7841199840845796e-08,1.1151415906193203
JAM,2014,22.24,14.805173889100343,0.12597840083508935,0.01306365664874636,0.008106246425663823,0.00825469308154454,0.0585658838099863,2.0639099787013776e-08,0.9858167945227653
CHL,2014,22.42,16.67315825687496,0.33039907079757685,0.022635415083035272,0.059082330036841234,0.02764851667142052,0.0491461715430349,3.7842999283953694e-08,1.1346227261911428
BRN,2014,23.01,12.824939931466268,0.2025976210207902,0.10803094129528577,0.003038921796172358,0.0071230924338965855,0.0489049252397627,1.8974099819991768e-08,1.3056264580524357
KOR,2014,22.9,17.657503482403904,0.48337752000437184,0.03637369790255098,0.0787560005285247,0.07683096786215199,0.0537079396427165,9.308419566766612e-08,2.5360749363624
TTO,2014,23.85,13.987008399115577,0.08130214102353439,0.007849139747938926,0.0009550907555842522,0.004442059429402788,0.0536809361095679,1.769979984335854e-08,1.3480731482996928
SVN,2014,24.16,14.542412782468167,0.18538819401842316,0.011144416658766046,0.007840559324786079,0.016772605137474996,0.0515536952271074,1.6510299863704997e-08,1.713797927758343
MLT,2014,24.5,12.765209232953083,0.11335014043398316,0.0018911746014694903,0.008078487968649203,0.0074778917445088725,0.0646560486653562,1.3012899915332218e-08,1.7209792871670078
TON,2014,24.67,11.081710301626236,0.048305486732296773,0.0005260526100599919,0.00028856336158816407,2.9199573688298848e-05,0.0503167433860207,6.010109981939289e-09,1.247032293786383
PRY,2014,25.49,15.674423848885597,0.13533667137781472,0.10140845112840767,0.0005911102599017938,0.0025628371256256528,0.0399317064476741,1.0433899945566866e-08,0.636576829071551
ECU,2014,25.67,16.547982514815853,0.1550935588913398,0.046919976458080034,0.0015127582041142658,0.007908384131899721,0.0408151149467789,1.701839985518703e-08,0.9321640810304452
COL,2014,26.74,17.67268293275937,0.17612136946258397,0.056270294300738606,0.0028414921347682236,0.008297192896043804,0.0379692580265118,2.1732899763840532e-08,0.9669838461896731
GRC,2014,26.65,16.132552423424556,0.1431085215445315,0.009197796284895744,0.010714821723857687,0.011851851519257977,0.0579637552982625,1.2153799926142573e-08,1.6563214983329508
VCT,2014,27.67,10.911466823073155,0.07454969358044626,0.0012318090116684903,0.001331284447485733,0.0004650368535990263,0.0532884737986649,1.6659999861222203e-08,1.2383742310432684
SGP,2014,27.51,15.34153004991222,0.2668669881289151,0.02887880993412143,0.05870632847947731,0.020044450015493202,0.0594684755776333,4.303559907396859e-08,1.1786549963416462
BRA,2014,28.43,19.107796328101333,0.1376797613574134,0.0453124744868196,0.006262880159679786,0.00794245701702268,0.0456670162609531,1.5056499886650905e-08,1.247032293786383
THA,2014,28.24,18.016150578449125,0.29617301019580805,0.057886517097317,0.022074764624259415,0.01500961403976338,0.0511270087709686,4.2346599103382757e-08,1.144222799920162
MUS,2014,28.99,13.963951855959301,0.074169058287926,0.0008872033187191221,0.001328938569840667,0.0012558540850390854,0.0486915851625038,9.542719954468248e-09,1.4883995840570443
PER,2014,29.43,17.227209044848152,0.11846171019360029,0.0474533929935981,0.002261398110766771,0.004635927463258319,0.0412266044174151,1.09990999395099e-08,0.9555114450274363
DOM,2014,29.94,16.138687006342394,0.12523343195426462,0.021357753734501803,0.0033797541910225077,0.011576042331229273,0.0516304290928544,1.952169980945162e-08,0.9242589015233319
CUB,2014,30.16,16.21221398716278,0.10050257866625865,0.012397851052305892,0.003467630812844241,0.0036175667080266885,0.058041481517984,1.2416599922914022e-08,1.6154199841116479
ARG,2014,30.43,17.56977714218594,0.11220667126317146,0.0427640693914535,0.001686501057272874,0.010573975950092667,0.0405627085045867,1.0602399943794558e-08,1.7647307968401356
GRD,2014,31.09,11.322043371112159,0.07394090176967102,0.001084883301240775,0.0006160442057963801,0.0003370022083763197,0.0530444761540212,1.70010998554813e-08,1.5129270120532565
SUR,2014,32.45,13.187256766818704,0.08649470011845378,0.02627120011154928,0.0005741151643456605,0.000245892765895775,0.0468065904227918,1.5153199885190267e-08,1.3686394258811698
MDV,2014,31.91,7.949680807270198,0.10296089196242207,0.0011412135680119867,0.00039423527905926246,0.00014685521624485375,0.0532830826674517,1.10199999392798e-08,1.7825505301427451
MEX,2014,31.56,18.6393780699199,0.2134387791810312,0.05301206225943467,0.23258659470696777,0.02168426766477799,0.0507119914363577,4.019049919236187e-08,0.6981347220709844
KEN,2014,33.22,17.61634473831058,0.3014048689465575,0.04393462270314654,0.004439370397181355,0.00996520004955173,0.0450790446194563,3.554939936812009e-08,0.8754687373538999
WSM,2014,34.39,12.034071252182981,0.04941188514660031,0.0006561077142526769,0.000433766909530146,0.00021353719930935258,0.0434491055441789,5.64851998404711e-09,
SLV,2014,33.8,15.61110372583654,0.19254544016221492,0.08557680106080037,0.010276008507512435,0.01520783148868433,0.0515215529472794,2.539249967761048e-08,0.8671004876833833
JOR,2014,36.23,15.810034097742385,0.25057991559249526,0.016023481586640218,0.06195380864434091,0.03642335611893545,0.056597503324686,3.6562899331577194e-08,0.8796267475025636
PNG,2014,36.48,15.7988100643189,0.08618588244607737,0.10458082788029276,0.005109792744520167,0.0009123766578064729,0.0319974390249633,7.498199971888498e-09,
FJI,2014,37.83,13.539901973413018,0.05881651099234181,0.01056958857846844,0.00208856842175033,0.0006048270552351724,0.0472358464257636,6.075359981545001e-09,1.0577902941478545
TZA,2014,37.54,17.75442894790324,0.14409723834122876,0.039517328773902974,0.0012504029203308157,0.0022315352720499184,0.0420007379510265,1.4370499896744366e-08,0.5187937934151676
HRV,2014,38.95,15.199240358407806,0.16959129644819382,0.011587035275906385,0.00901145361217074,0.01228258526987808,0.0536644526483306,1.499199988761997e-08,1.9358598132018119
LKA,2014,39.72,16.775771104486342,0.2217364978786418,0.031026882336846025,0.018681003413181754,0.010295616779675457,0.0536018184829301,3.301359945505112e-08,1.551808799597464
VEN,2014,40.18,17.223441106232453,0.12230259106209007,0.04963040249888941,0.0024944233377137575,0.006221061009965943,0.0489928659627942,2.0436299791178825e-08,0.5822156198526637
CZE,2014,39.56,16.16861508859596,0.1857036709924437,0.006854890461580511,0.009450429685774121,0.021017005326886138,0.0491029798032286,1.8041899837244927e-08,2.0451088625993306
SSD,2014,41.61,16.288625561242434,0.23474532886741667,0.20191422087293007,0.0011342105399754522,0.005596132401431801,0.0390591786570186,2.8382399597219694e-08,
SYC,2014,41.89,11.08563321862587,0.06963859176473296,0.0007773967488295031,0.0004120660891065381,0.00017717830299743108,0.0456618485512425,7.133979974553165e-09,1.358409157630355
TUR,2014,42.04,18.127422632114634,0.14290395585954613,0.013108985561716668,0.010378149226825869,0.015180200519701858,0.0549349516166637,1.5446099880709e-08,1.2947271675944
KWT,2014,41.86,15.054877041489721,0.26369398768588825,0.05030063426347271,0.13459752972334155,0.06003248135940244,0.0661103868478531,7.364029728855324e-08,1.1786549963416462
NAM,2014,46.5,14.690112895101876,0.13260964557119947,0.057033322460792714,0.0015232622467614225,0.0031629924611347475,0.0472576673907683,1.459869989343898e-08,
CPV,2014,46.07,12.981928300524965,0.08545659318946386,0.0009479545490779789,0.0005769765170320154,0.00051250364756704,0.0613345460880825,2.690589963803628e-08,1.1151415906193203
NIC,2014,45.67,15.601415008306567,0.10351585641964935,0.0455055442782441,0.007512053739366765,0.0029459793384703117,0.0465496250621485,1.646589986443707e-08,0.6729444732424258
SVK,2014,46.39,15.50255202359793,0.16839228671741208,0.008588233322338707,0.011974450247581453,0.015919693554812868,0.0487344619712152,1.5047799886781857e-08,1.9154509415706047
LTU,2014,47.44,14.879914851455965,0.1487691424386074,0.0032525118440560165,0.004201556088492296,0.006783102655221031,0.0527271276806559,1.2588299920767352e-08,2.1114245875328868
ALB,2014,48.38,14.847998980610539,0.13645688930805389,0.00691341617161091,0.0070307959278620965,0.007680176794326491,0.0586993199068764,1.1145799937885572e-08,1.3506671834767394
GTM,2014,48.07,16.588877564762043,0.20982647536976423,0.07704382382065846,0.007409510652104402,0.012145499903638444,0.0459482435226582,2.530949967971461e-08,0.4824261492442927
FSM,2014,49.05,10.389279020392468,0.06203717475244808,0.0008243501300473482,0.00018116758816141712,4.559896035160519e-05,0.0440429976222077,5.723969983618083e-09,
KIR,2014,49.12,9.49250575544309,0.051521946594642126,0.000509320274406016,0.0001824163611238781,1.4399896320995317e-05,0.0387649846037426,5.772189983340911e-09,0.9516578757114464
COM,2014,48.71,13.222838523051431,0.07978421703694102,0.0017086524216958264,0.0005963521467059188,0.0005021059237203499,0.0490075730935185,8.21099996628974e-09,1.1505720275988207
HUN,2014,48.85,16.10702592802955,0.1643942833719277,0.007907223347544318,0.016304801342998675,0.014870705929488203,0.0492482387425844,1.513799988542048e-08,2.0781907597781832
MWI,2014,50.1,16.63106857462483,0.20980729424505531,0.04176850323951769,0.0019321172587445626,0.005291099412776356,0.0413503803639225,2.4267699705539372e-08,0.832909122935104
ETH,2014,49.64,18.389571458614892,0.2484781595373748,0.04858023261153489,0.0013861858003809658,0.006489131967546678,0.0449138170821639,3.1165799514346465e-08,0.28517894223366236
DZA,2014,49.99,17.454630117221924,0.1779900736170763,0.02364884366281405,0.010224540778942269,0.023465950303818654,0.0601434335678621,2.9758399557218823e-08,0.9707789171582247
LVA,2014,49.85,14.47577319021491,0.16052156343959925,0.004463758589567093,0.003384254943687689,0.0068943740909936735,0.0518952583360219,1.3627399907146986e-08,1.8961194845522977
IRN,2014,49.8,18.173078989446754,0.2830326420822272,0.031523589229431284,0.034397366805709324,0.037743744125160156,0.0580420571997639,3.520569938027936e-08,1.0224509277025458
GUY,2014,51.12,13.507171253145405,0.08532903623099523,0.028581907759742804,0.0003369312322969264,0.00021240444057959895,0.0458037538598949,1.5717099876486383e-08,1.007957920399979
POL,2014,51.12,17.46943521377781,0.16413771750318665,0.0045284769530468194,0.014582583405615843,0.016579817068743154,0.0491852207276693,1.5386099881633963e-08,2.0255131996542803
LBY,2014,52.41,15.647207654775396,0.12821335514695764,0.008851716706492601,0.006384075356281502,0.009053373261407842,0.0623070555127716,4.032399918698753e-08,1.547562508716013
VNM,2014,52.71,18.309281546210432,0.35301997798087087,0.044082872713249,0.010433165754782711,0.01570164642409369,0.0537582813063305,5.158339866957647e-08,1.2296405510745139
SRB,2014,52.68,15.777373012563801,0.1588849261487728,0.011142496179229544,0.02581917972647004,0.010711812139816531,0.0511038899032822,1.4167299899643806e-08,1.864080130807681
ROU,2014,54.07,16.785578934421277,0.15864826593529302,0.008040186897142459,0.009437204176684809,0.012876810866906814,0.0495531959877743,1.3270099911952223e-08,2.0399207835175526
HTI,2014,54.72,16.120506789825363,0.14700155562876344,0.018803686363920106,0.001224706740448568,0.007323373519174539,0.0564355993601781,2.0820399783255474e-08,1.1704160207970933
RUS,2014,54.6,18.7928353182511,0.14952464822363767,0.006377237128162605,0.012160003568825588,0.017717457781645827,0.0498888523972336,1.2354499923683165e-08,2.180417459019838
ZAF,2014,55.23,17.797867483032203,0.35446259529920165,0.033387781751846875,0.04566519701790506,0.032101021460241096,0.0483157254993397,4.533489897237346e-08,1.1786549963416462
SLB,2014,56.94,12.932639756805042,0.053628091077250625,0.018523819774200107,0.0003458351921155888,3.369943216775726e-05,0.0421110102695037,6.261809980394867e-09,
TUN,2014,57.15,16.174666773376416,0.17948076556474768,0.011313238306387393,0.01842173017882362,0.014965248965968195,0.0592117732748605,2.840119959668593e-08,1.0260415958332743
VUT,2014,58.47,12.143386328003956,0.054967292084983986,0.005080637674969163,0.0009725599102535408,0.0001949769907511035,0.048529622005336,7.554899971461743e-09,
ZMB,2014,57.51,16.570809450697983,0.186717263171959,0.05259457345657474,0.006022738842674807,0.004841263151189893,0.0457760500612663,2.1285099773472262e-08,1.0986122886681098
TLS,2014,58.49,13.945297699621662,0.1125066216123582,0.04760033183769606,0.000610547577889641,0.0010566994963810007,0.0475633030556134,9.619179953735689e-09,0.3488947566197701
BOL,2014,57.72,16.174782161524988,0.1298449968342601,0.11041590531488905,0.0003513432717236474,0.0017917698212961573,0.0314404757144795,7.022959975339016e-09,0.7514160886839212
GNQ,2014,59.06,13.56272061307251,0.14135379123295091,0.03862925943285413,0.001828927492028387,0.0010144702510037826,0.0454341105196417,1.668319986083542e-08,1.1314021114911006
GAB,2014,58.98,14.28570445660764,0.16282273689363416,0.05479053161826462,0.0013266166548750432,0.0017819583687013034,0.0430203708652087,1.785199984065305e-08,1.0818051703517284
IDN,2014,59.93,19.31239793730755,0.3829735541267514,0.06420589738692442,0.02209468186440051,0.018072176026675688,0.0544380878537612,5.2044998645659036e-08,0.6471032420585385
HND,2014,59.88,15.882141337367397,0.14455587570125866,0.09164732792714356,0.0032945908704902454,0.005565601267971362,0.0436575344169135,1.944879981087209e-08,0.4762341789963716
KHM,2014,60.15,16.542399658073414,0.22088490328808497,0.06914665952763117,0.005259311543392291,0.006729563607601627,0.0490671139966091,2.9361999568936484e-08,0.5850050219402422
MYS,2014,60.27,17.161155059051428,0.33454390429721975,0.10516044354473579,0.008868466641144683,0.018486736401194262,0.0537537501490259,3.737109930170046e-08,1.0473189942805592
AGO,2014,61.49,16.985862466176027,0.22433723858599502,0.07487789789909943,0.0018590199511312074,0.0056518412131352155,0.0479995651023684,2.4783899692879154e-08,
DJI,2014,61.41,13.57608981145894,0.11065230252334445,0.005738208943459754,0.002087398866314168,0.0023785420248318813,0.057843069317472,2.64713996496325e-08,0.7793248768009976
MAR,2014,60.63,17.34432379222746,0.15296575064730872,0.016772486150028014,0.014190232722767981,0.011896418174468536,0.0576324804920534,1.7500699846862752e-08,0.5831462853456167
LBN,2014,61.48,15.318782221335663,0.287312208060379,0.012164021405489351,0.0378742397570059,0.03662655218701596,0.0566253921885292,3.7387099301102396e-08,1.3480731482996928
BWA,2014,61.52,14.600223243048283,0.11530133745588247,0.05085884867967894,0.005298773670300521,0.003434088761707836,0.0489164754890787,5.944579982330984e-09,1.2725655957915476
BTN,2014,62.1,13.737804173128529,0.398618606210447,0.05772405594539677,0.005638965109502546,0.009002284569569568,0.0574997480672634,3.710339931166887e-08,1.007957920399979
BHR,2014,61.5,13.550658564663822,0.19680783384605566,0.02553597003521899,0.03376287989452767,0.03726760611932288,0.0737755741935619,4.9534898773146886e-08,1.0818051703517284
ZWE,2014,63.1,16.534495236511592,0.17574985958309872,0.038129854922192084,0.003353928289275012,0.00513176394630456,0.044688393191919,1.62477998680045e-08,1.0818051703517284
RWA,2014,63.09,16.238518704476615,0.43932059387838374,0.05760159589804888,0.11883079856107408,0.013064628864256772,0.0449157345706625,7.083749749102442e-08,0.5364933705145685
MRT,2014,63.32,15.170811746900728,0.10756759616280276,0.02110479773158569,0.0012890368349233387,0.0019378960658885975,0.0531174865582028,7.448119722627556e-08,
MDG,2014,63.24,16.96799247667881,0.13739503737725522,0.041467172588118544,0.0006668066350336724,0.003035050570900817,0.0419999520536224,1.1644899932198153e-08,0.2776317365982795
BIH,2014,64.25,15.16286827118053,0.14795163424286076,0.011853187589243435,0.014716842077032641,0.007856907507393375,0.0538101863012277,1.2447999922523648e-08,1.208960345836975
UGA,2014,64.77,17.44938704799827,0.30148072662469594,0.08194757564463347,0.016594372620953857,0.006680730143366027,0.0463933409927196,3.681829932220641e-08,0.4054651081081644
LAO,2014,67.32,15.714548623157446,0.38827291294734656,0.1153456792706634,0.005031136580660714,0.009094029678476832,0.0505788774711558,4.564369895832636e-08,0.7323678937132266
SOM,2014,67.7,16.160119791411518,0.082243945325141,0.027929324878672886,0.0003336013488817548,0.0003545551378979542,0.046876360944809,1.302869991512649e-08,0.6259384308664953
BGD,2014,67.98,18.85200741537309,0.5349463159630192,0.051054202157281056,0.019976652349020216,0.023433800130511693,0.0590027984347101,8.791319613563485e-08,0.4700036292457355
MNE,2014,68.83,13.335267096123784,0.13550907696700754,0.008841373613064177,0.0067264496291066685,0.005448926598856462,0.0578860212104528,1.0690599942855535e-08,1.5830939370944985
MOZ,2014,69.58,17.109547292110435,0.13858121341507257,0.03666257756660189,0.0008775328553930762,0.00298096151605842,0.0433279874156441,1.6167199869310823e-08,0.5933268452777344
LBR,2014,69.88,15.221602208130802,0.16920465683192173,0.03667095181131877,0.0009599441061908611,0.0020870815293643377,0.0480619743118701,2.9053299577952886e-08,0.7047463164032972
SEN,2014,69.91,16.484577547254194,0.13965363737994965,0.01841403521691542,0.025624398830512863,0.003700370177755089,0.0545171934078081,5.657879839941976e-08,0.5306282510621704
BGR,2014,71.41,15.79800406491238,0.15496300465922835,0.01013521574110186,0.030536295213373237,0.012775169909032888,0.0511093988619911,1.361679990729138e-08,2.0955609235597192
MKD,2014,72.45,14.552083626369821,0.15338439573515303,0.0110227872493372,0.02693636082067102,0.012502306445163598,0.0533262507332026,1.3287999911714528e-08,1.713797927758343
ARE,2014,71.88,15.945862074949288,0.21505329486554284,0.04747964676888749,0.02620180879041698,0.051504720235530696,0.0701038327815704,6.380969796416118e-08,0.8285518175661483
SDN,2014,73.1,17.4871419953092,0.1384087820491429,0.034811881599635684,0.0014713450408150226,0.0037442634884795162,0.0542650849725431,3.3795799428921966e-08,0.5877866649021191
MLI,2014,73.1,16.65897918404168,0.15698474179142569,0.060153209071846424,0.0006470356272937412,0.003558498029046999,0.0451108170127267,4.042259918300673e-08,0.22314355131420976
COG,2014,73.58,15.227738400502664,0.22854671509906085,0.1487789337991151,0.00427302461308477,0.0031806593359208755,0.041179597609656,2.4894499690131937e-08,
MMR,2014,74.16,17.776339620959362,0.2780738093242769,0.09749642187096898,0.003846064403212808,0.005725678970792062,0.0481700518136956,3.2066299485876214e-08,0.6626879730752367
SYR,2014,75.53,16.75209304344344,0.21055087371966996,0.0139166072447428,0.02425628424226948,0.02308480563925431,0.0568318223540943,3.229409947854557e-08,0.9162907318741551
GEO,2014,76.36,15.202494538741858,0.12781170623519456,0.019014779770903475,0.0055587992078087005,0.005829115646374096,0.0515935995633684,1.332899991116888e-08,1.4060969884160703
PHL,2014,75.66,18.307857966188557,0.1631433585013996,0.03779355871421466,0.03520237833369927,0.009298781016902647,0.0518230848415586,2.263319974386913e-08,0.6523251860396903
SWZ,2014,76.95,14.030777256163825,0.22372228301670752,0.03639174713039618,0.009338605173299295,0.011979943063486393,0.0466189686795876,2.6811899640561016e-08,1.1052568313867783
COD,2014,77.95,18.135166819235334,0.3169111084332046,0.24036406507758404,0.013288285362458964,0.005646033115557849,0.0364379433855012,3.751699929623737e-08,
BDI,2014,77.85,16.195792552764043,0.3629827060127681,0.04660631750168871,0.010003674974899577,0.009868559193125334,0.0439268649031956,4.880439880906531e-08,0.5247285289349821
ARM,2014,79.35,14.926773472300107,0.14306363188165774,0.012370665814646024,0.009889319090998275,0.009171004484968659,0.05383886254208,1.7562199845784566e-08,1.6639260977181702
MDA,2014,79.95,15.198773544106189,0.13866194455585024,0.004597626698167336,0.012220776192853906,0.0075190678259846305,0.0532485232986772,1.1096299938436064e-08,1.9487632180377197
NPL,2014,80.32,17.187089273633088,0.6026538661102732,0.06714651081165104,0.013853754059714769,0.015234913115900977,0.059973601699686,8.613389629047586e-08,0.23901690047049992
BLR,2014,81.24,16.0689979213955,0.13292597902368625,0.0044839729506266955,0.004582149898225595,0.008564105139582018,0.0502621258296151,9.875219951240015e-09,2.425687290128029
ERI,2014,82.16,15.464423603107333,0.13610019766787762,0.033973197842366784,0.001662769831719438,0.0035163284643782294,0.0548308847280967,1.9476099810340767e-08,0.8064758658669485
CHN,2014,82.1,21.0217680477873,0.5327697998381857,0.024984446100390967,0.07597591346457241,0.06704604217730004,0.0510192262378364,1.0389199460322654e-07,1.5195132049061133
UKR,2014,83.68,17.565233717188267,0.14047973426612823,0.0046268645346191515,0.011534328142060228,0.011601414588696244,0.0509452124008056,1.1079799938619016e-08,2.1174596088673567
BEN,2014,83.77,16.179955594156894,0.20953677680300664,0.03007449643290065,0.002163824242856188,0.00484399588547563,0.0497672072226145,3.820019927037238e-08,0.3646431135879093
IRQ,2014,86.11,17.374370108097526,0.2463191457165718,0.0353307725194923,0.02798207344998957,0.02675682600103832,0.0598792005208578,5.004929874753382e-08,0.7419373447293773
STP,2014,87.02,11.822324507664508,0.09085448519673586,0.0014252528444624957,0.000202416512395435,0.0001632776694758095,0.0511671432718259,1.144999993444875e-08,
NGA,2014,89.1,18.987818839059823,0.3116800604316936,0.03724404737451378,0.0031456362943764913,0.009519202287037797,0.051954107426121,6.09762981409455e-08,
AUS,2014,9.27,16.94388707217733,0.08442950758143701,0.043608030555149044,0.010724058181637847,0.018811241918405136,0.0465648463162051,8.77447996150425e-09,1.56234630490025
KAZ,2014,90.51,16.66763498899076,0.13158745778190864,0.007207045742453105,0.010677284380195575,0.007870478369602696,0.054144390299431,1.568889987692921e-08,1.9329696377795786
BFA,2014,92.11,16.68277477738997,0.16770474901212298,0.04268447853961379,0.0009534163541503704,0.003972626659152456,0.0460202115773638,3.511439938348947e-08,
IND,2014,93.6,20.972679641169606,0.5311689013550466,0.04165150350253076,0.03387879161667317,0.029157817003339446,0.0587680510397685,9.331309564633296e-08,1.000631880307906
QAT,2014,95.27,14.527350863295139,0.197760057480344,0.03398193681137642,0.015691894702300438,0.03562572430209503,0.0755025017521836,4.817509883957991e-08,0.7323678937132266
GMB,2014,96.52,14.325204735886755,0.14873252093529032,0.02005452301876855,0.011007407594197285,0.003642305743720635,0.0540481341265173,4.963829876801963e-08,0.7178397931503169
GHA,2014,97.96,17.091789362186063,0.19427117898573731,0.032460455361676764,0.0019739365048219294,0.0036878315822505307,0.0474490346345515,3.229789947842284e-08,0.5364933705145685
AUS,2013,9.64,16.92846798091838,0.08865151364652704,0.041736215852552674,0.01101978254816572,0.019495829258081993,0.0455912278831159,9.576549954144847e-09,1.551808799597464
GHA,2013,100.6,17.0684220947616,0.20871826455651127,0.03300429466097159,0.0021221446573355656,0.003959338464544065,0.0488856509141192,3.301919945486622e-08,0.5481214085096876
NER,2013,102.4,16.729538616597374,0.1754707963305351,0.03364768378728905,0.0013848266847492584,0.0057275611612807985,0.0495264477993272,5.0361898731839555e-08,0.2776317365982795
GIN,2013,103.3,16.28321903501798,0.25431934997811967,0.0718703676543926,0.0021371097533001366,0.005669233484368785,0.0505954318156099,4.007269919708938e-08,0.262364264467491
SLE,2013,104.2,15.544836779965218,0.2616112079146444,0.05562170264833668,0.0020011244142874103,0.0056691032249286755,0.0522094019407112,4.4830098995131096e-08,
CIV,2013,103.6,16.856371198531985,0.17937015485559296,0.0413196895295449,0.0014387165508301057,0.002660269343619425,0.0475589465974176,2.615279965801553e-08,
TGO,2013,103.8,15.728122195646035,0.21424765510139235,0.027940597537757076,0.0022537733437770994,0.004597399743994405,0.0499028710480332,3.5168699381581284e-08,0.4824261492442927
GNB,2013,105.2,14.317302631805008,0.17292946721179642,0.04694378256027748,0.0033545641528509723,0.002634690153730682,0.0520610187694418,3.7654399291073104e-08,
EGY,2013,105.2,18.273101897197183,0.28772768541149407,0.014075576650945542,0.04264950121219041,0.0321206489761058,0.0613185388082703,5.843449829270467e-08,0.8628899551470398
SAU,2013,105.2,17.2195056277781,0.14270686877610056,0.012272622344712082,0.043830781976201334,0.01527526088833477,0.0647540638696753,5.59405984353247e-08,1.1969481893889715
CAF,2013,108.0,15.368380893509306,0.27454100763671757,0.3240236007369962,0.0008454325211917503,0.003122595619801781,0.0340606813799523,2.8248599601008305e-08,0.6931471805599453
YEM,2013,109.2,17.04048330040007,0.1461755200416505,0.02903578490929708,0.0145660274638681,0.009910760763351713,0.0601845525483868,3.760989929274773e-08,0.4382549309311553
FIN,2013,11.27,15.456355687539896,0.1296795743880806,0.002972508715294423,0.0019706400128700666,0.02282884172601237,0.0526753314593145,6.705869977515653e-09,1.7681496035889213
CAN,2013,10.7,17.314792901311854,0.15405124402654008,0.005844434969469789,0.008319459130277559,0.01541953261446161,0.0448186867179454,1.1869499929557485e-08,1.308332819650179
ISL,2013,11.15,12.554620534238083,0.10725585796128465,0.0009676276972843453,0.001096259887491097,0.0010849412383499848,0.0578356573655572,4.938659987804819e-09,1.4398351280479205
TKM,2013,109.7,15.490724585400637,0.12895284442619007,0.009009786699956605,0.0027943441812159847,0.004645454150107914,0.0580311496753027,4.211149911331081e-08,1.4973884086254776
TCD,2013,110.7,16.390987433824993,0.17914080355749823,0.1406401731393405,0.0006291690316484656,0.003606941159612432,0.0460408843987868,3.772909928825752e-08,0.3750059006234558
CMR,2013,115.6,16.909583746274894,0.22085892113299388,0.0830782124789993,0.004482783296271325,0.0035981777871188355,0.0450959536495207,3.210619948459597e-08,1.2947271675944
LSO,2013,118.2,14.533618651704135,0.16276909635343753,0.026963836286104687,0.02343106595542295,0.016817346364074576,0.0511277327469202,1.1451299934433865e-08,
OMN,2013,118.5,15.195633588033191,0.1341042477616824,0.014978133609768685,0.011596768789479583,0.011109177942311674,0.0640938875547069,5.114979869184903e-08,0.8153648132841945
PRK,2013,118.7,17.00243198759599,0.49880231075122117,0.016172113576873797,0.040751907584223215,0.035432365648526684,0.0573990592198709,7.841219692576361e-08,2.669540346340334
SWE,2013,11.63,16.000801345603826,0.12462600018924554,0.002539392013151694,0.001494444760946874,0.006991533172768933,0.0581530973538273,6.362329979760379e-09,1.2781522025001875
NOR,2013,11.76,15.352939140400041,0.1294102216280182,0.0055082606396666825,0.006547519137860997,0.013028189383325733,0.0548750305019666,6.857999976483918e-09,1.5810384379124023
KGZ,2013,122.0,15.614774178818195,0.13061994221295373,0.010100252287655513,0.007581913514260522,0.01126492481160989,0.0587240187525497,1.8382999831032657e-08,1.7509374747078
PAK,2013,122.9,19.004897353338652,0.5329634230128535,0.04020718220188835,0.03244448320012689,0.030410716929060555,0.0593307020539741,9.493519549365418e-08,0.3852624007906449
NZL,2013,12.81,15.20974518159791,0.06304593935386964,0.011305242248998334,0.006267497142606943,0.0040938676766415555,0.0450798683335034,5.6523199840256396e-09,1.3297240096314962
FRA,2013,12.63,17.976072767520932,0.16313644719446985,0.006042901835308188,0.004035698602521447,0.016893615908689964,0.0524579116620815,1.49755998878657e-08,2.0028304393079956
ESP,2013,12.56,17.605024434279226,0.1370173080054326,0.01057262332765022,0.008940255552288588,0.013408969593429519,0.0578738263295597,1.0267599947288195e-08,1.3737155789130306
MNG,2013,132.5,14.86733084480625,0.12535936752423515,0.0055750574469612575,0.013303754313565164,0.00542401241290925,0.0603839934989242,1.3795899904836572e-08,2.0744289998562917
AZE,2013,132.6,16.050609627533944,0.1355511013889419,0.0134422852932368,0.00906123077030711,0.005401891477129828,0.0543556128499606,1.760069984510768e-08,1.6448050562713916
CHE,2013,14.29,15.903176226116878,0.177512205381117,0.00886282488136529,0.002138201417202702,0.020194663185165503,0.0498282015197531,1.319879991289584e-08,1.766441661243765
UZB,2013,144.5,17.165364236950857,0.15366889007092463,0.01493764675953169,0.012798793890014709,0.023138148451406614,0.0527705697861513,3.166449949867973e-08,1.706564623164823
LUX,2013,15.09,13.23955909395594,0.17193905972041654,0.005770361395743769,0.002503521573041951,0.02115186176788568,0.0482489116562755,1.512799988557181e-08,1.8196988379172965
PRT,2013,14.53,16.04365549886972,0.148121590769554,0.010133120086792242,0.008067402820640944,0.01268511267857514,0.0591040404923908,1.3511199908723738e-08,1.47932922708708
JPN,2013,16.41,18.622521104108166,0.17760653435871882,0.013581855610483305,0.012620635680991251,0.02599813076225984,0.0589484183189097,2.2068899756481828e-08,2.658159431488745
AFG,2013,160.6,17.23779870619591,0.17386314507576947,0.016092376349185575,0.0019659602331522294,0.003242001030838532,0.0578039609855319,2.1253799774137995e-08,0.37843643572024505
DNK,2013,17.18,15.443828533046943,0.12880282655644848,0.0021209911072682694,0.0025112042855231606,0.011470295912872496,0.0561678009972827,8.28421996568585e-09,1.4036429994545037
BRB,2013,17.53,12.30452356984705,0.07700784004104248,0.0009712681663278955,0.0005875123807975537,0.0004751950769333091,0.053487338759572,1.5796699875232136e-08,2.0082140323914683
LCA,2013,17.66,11.942557519075002,0.0781672698311812,0.0017464121341945378,0.0012218652185693789,0.0006952992234624937,0.0540649741585512,1.4994099887588485e-08,0.7929925155296614
USA,2013,17.57,19.567863066658287,0.16366480013718349,0.014683522498718054,0.012772050016933684,0.02118811216664673,0.0456490138274039,1.4585599893630137e-08,1.3506671834767394
IRL,2013,17.54,15.317630785177526,0.11577066731185782,0.0019135400139676387,0.0031894323489259782,0.00615650179176233,0.0603899496813038,8.443269964355596e-09,1.269760544863939
NLD,2013,17.53,16.620292633238822,0.15222912653997156,0.0036858528908381297,0.0034927721634474794,0.023580504671438095,0.0496486166393391,1.3603299907475116e-08,1.5390154481375546
GBR,2013,18.42,17.933732328880613,0.1475220425878112,0.0033863089784179194,0.007705496264654944,0.02605298150300195,0.0388191974037054,1.3015199915302286e-08,1.3217558399823195
ISR,2013,17.51,15.840482793381831,0.3012832323961187,0.014420902149095909,0.10150777226427518,0.05291887122130712,0.0545706635982655,4.921079878914862e-08,1.4398351280479205
TJK,2013,181.8,15.92208085948978,0.1629913598849638,0.018925814576859174,0.008871707764219283,0.008191231078650132,0.0548755003488257,2.5337599679003017e-08,1.7404661748405046
URY,2013,19.01,14.993638652440586,0.08458214512700894,0.017786281129971507,0.0016239117413049805,0.0036144868649814065,0.0461009692029943,6.461039979127481e-09,1.264126727145683
JAM,2013,19.15,14.801432227584469,0.12699700305127354,0.012627317791489574,0.00806130320893765,0.007864885545716217,0.0593416229257844,1.8761299824006814e-08,0.9858167945227653
ITA,2013,18.6,17.867629724518967,0.20096757348042008,0.010693250859351565,0.0064687027564172715,0.025418805433875757,0.0542109585376913,1.7717699843041556e-08,1.4562867329399256
ATG,2013,19.81,11.16046434467887,0.07786372063541006,0.0013419781443988713,0.002693790486294419,0.0005197119263580199,0.0559112340334564,1.3424699909888716e-08,1.6094379124341003
BLZ,2013,19.63,12.748921740482222,0.11027494524252227,0.03428291148211895,0.0007867184558662274,0.0013897538446048176,0.049703179314248,1.6375099865928053e-08,0.7371640659767197
BEL,2013,20.18,16.235868553230027,0.17932718981517073,0.004378442615127782,0.006052060281965883,0.02842657219055283,0.0465103323969027,1.8575099827482832e-08,1.9358598132018119
CRI,2013,20.86,15.356741061783252,0.11579678080203797,0.03540243375513538,0.004210201649734144,0.008454979709358055,0.0463074646191384,1.3341099911007526e-08,0.7793248768009976
CYP,2013,20.65,13.87786650840129,0.13200687463728694,0.016527471785601388,0.012262601039362494,0.0054081863609212735,0.0671816126032702,1.2706899919267348e-08,1.247032293786383
AUT,2013,22.45,15.963035337873478,0.17052570852064794,0.008091643176800762,0.0032785118021076923,0.018594972884852838,0.0508352193499997,1.4093899900680993e-08,2.1564025828159643
DEU,2013,22.37,18.20359976629402,0.16217483515410583,0.005284137323147353,0.003923044787128928,0.02213062031838072,0.0501071690179724,1.361419990732678e-08,2.2235418856535927
EST,2013,22.55,14.019414105759859,0.147270384212488,0.004202657450713255,0.00929862844226589,0.011779505407744431,0.0546554271011764,1.0209699947881014e-08,1.7749523509116738
KOR,2013,23.39,17.652537218567907,0.4557922663698067,0.033312904056661645,0.07491598940555412,0.07100166557509614,0.0544036212486205,8.670349624125177e-08,2.4849066497880004
TON,2013,23.88,11.073641750022226,0.047731461083900105,0.0005342862436817925,0.00030927217043164056,2.899957950812949e-05,0.046457082112551,5.39214998546236e-09,1.247032293786383
BRN,2013,23.72,12.810923087012828,0.20700752383378923,0.11866907767186362,0.0030723076259213176,0.007097280614750145,0.0478136321402109,2.0561099788620586e-08,1.3270750014599193
TTO,2013,24.12,13.98157254989692,0.08610316227080443,0.008848069130412809,0.0010650815991687084,0.0048861343794599525,0.0542632096553391,1.711359985356235e-08,1.275362800412609
PAN,2013,24.06,15.123344728985563,0.1189395630651098,0.021187471877696346,0.002233711408130084,0.0056501537758331275,0.0518702748965842,1.661179986202405e-08,1.1410330045520618
CHL,2013,23.92,16.662449855114847,0.326745188331495,0.026790761155953063,0.06072572917550178,0.027671145038160035,0.0490673797197204,3.673679932520378e-08,1.1505720275988207
SVN,2013,24.81,14.541051857260221,0.19352894128343964,0.014023049825100432,0.008383430638618463,0.017858700859596482,0.0517101282874646,1.663959986156186e-08,1.715598108262491
ECU,2013,26.38,16.532647373789917,0.15821401870161445,0.04442797028779971,0.0015478115214871233,0.008046342188862368,0.0399193044157101,1.7866599840392303e-08,0.9162907318741551
DOM,2013,26.4,16.126681752664027,0.12573760292027933,0.020811683713748093,0.0033026123670805226,0.011151878013107738,0.05273271522546,1.8264099833211327e-08,1.000631880307906
COL,2013,27.37,17.66297549155707,0.17226494987701907,0.052904651853520314,0.0028919921565138088,0.008011172692786709,0.0368964910247133,2.0571399788408756e-08,0.9477893989335261
VCT,2013,27.99,10.9128701874752,0.07749975896458093,0.0013314372439230614,0.0014326033336342129,0.0005027975761110746,0.0539110207717505,1.548339988013216e-08,1.2325602611778486
MUS,2013,28.26,13.960087013687067,0.07509868580627316,0.0008964960273231689,0.0013393496706619816,0.001227578217449231,0.0497130493693189,9.514399954738096e-09,1.4929040961781488
PRY,2013,27.98,15.661369378999046,0.13848870432541174,0.11249119899893868,0.000678537741190071,0.0029946655098515317,0.0400887304866309,1.0650099943287685e-08,0.6259384308664953
MLT,2013,27.66,12.763473324779973,0.11458442064839644,0.0019209547843818701,0.00850278167901346,0.007138093088075514,0.0663078954057552,1.0911699940467403e-08,1.749199854809259
SGP,2013,28.01,15.321932927585783,0.2613897744216477,0.028055798539872598,0.06202652715836512,0.021675889291892417,0.0586052282274086,4.223819910796726e-08,1.1600209167967532
CUB,2013,29.16,16.210821537989144,0.10149543073113039,0.011739420566416673,0.003389598813705552,0.0034477496746449362,0.0576914965011401,1.3127399913835687e-08,1.6174060820832772
BRA,2013,29.27,19.098795224594216,0.1304789405041193,0.04302738453895923,0.006288907302459407,0.007663757248994745,0.0446885021674459,1.3731599905721582e-08,1.2499017362143359
GRD,2013,29.91,11.317964526664959,0.07695242072860235,0.001172670153509461,0.0006731443874720094,0.00037136703472588053,0.0535509077764651,1.5821199874844818e-08,1.5173226235262947
THA,2013,29.93,18.012668608572394,0.30119615425769974,0.05618471695095335,0.02226102550648396,0.01515285344110526,0.0510525989916318,4.265799909014754e-08,1.1537315878891892
SUR,2013,31.05,13.177792086166589,0.08774004669536564,0.027960900061977864,0.000604149464954365,0.0002720589885970096,0.0463054672210366,1.3895799903453371e-08,1.3762440252663892
GRC,2013,30.61,16.136616437439642,0.1460901059409414,0.010174070178094158,0.011164988896916469,0.01105728033470141,0.0593689668245101,1.3230099912482229e-08,1.6563214983329508
PER,2013,30.56,17.214075646514093,0.1161680905564601,0.05481805984674574,0.002237374210618787,0.0044424745810858444,0.0403723372907262,1.076559994205093e-08,0.9360933591703348
MEX,2013,31.72,18.625874839958787,0.2192738416363046,0.05521192994649431,0.2275095791286031,0.020960096385993995,0.0513363807109817,4.1831899125046095e-08,0.7030975114131134
ARG,2013,32.67,17.559495257415044,0.11784385780667898,0.04692774522915635,0.0017777698303687215,0.010651993541210181,0.0410946157150543,1.0882499940785598e-08,1.7526720805200082
SLV,2013,33.18,15.608089291503656,0.19147123552757117,0.07823443743022179,0.010333031871216586,0.014558479188013151,0.051242042788671,2.4942599688933356e-08,0.7371640659767197
WSM,2013,34.21,12.027014338540233,0.04934320645144863,0.0006529467838449908,0.0004222598357658328,0.0002205586751470891,0.040967319380342,5.862539982815312e-09,
KEN,2013,33.97,17.59056359684292,0.3009878319091339,0.038991540741443884,0.004368081028289406,0.009781109605367258,0.0460954828178516,3.539189937370672e-08,0.8754687373538999
MDV,2013,34.77,7.917583711656481,0.10198609078476717,0.0010962648820127883,0.00039010489918836987,0.00013932029447705322,0.0552575511342533,1.1914199929025919e-08,1.7825505301427451
PNG,2013,36.05,15.777439561618694,0.08134862382449917,0.11050653625218308,0.005213546815687246,0.0009314150982536169,0.0297738360948878,7.461529972162785e-09,
JOR,2013,37.17,15.780587003048423,0.24230473606735609,0.0157247219700848,0.05914401472911321,0.03324029973012816,0.0582632643204584,3.848419925948319e-08,0.9202827531436926
FJI,2013,36.67,13.531636293268619,0.055553385748986446,0.010547635599482595,0.002167253807951749,0.0004918720111261349,0.0441656026983868,5.5412599846472184e-09,1.0715836162801904
TZA,2013,39.01,17.72378883082531,0.14508763479671857,0.035379793371185235,0.001280496813910251,0.0023812814973646636,0.0438117172667286,1.4519799894587704e-08,0.6981347220709844
VEN,2013,38.58,17.209757383377063,0.13041544221432125,0.054096134957534237,0.0026672646848199533,0.006807278814180212,0.0483600847916846,2.0057899798840327e-08,0.6383389440649502
HRV,2013,39.55,15.202980834924048,0.17591057781381905,0.015095067042612537,0.009289145981984045,0.012827255859725117,0.053952138663802,1.4492899894977926e-08,1.9286186519452522
SSD,2013,42.48,16.249636452169707,0.25155144141329666,0.2056561859534478,0.0011513719168938243,0.005927109928609623,0.0391496848460682,3.059029953211678e-08,
TUR,2013,41.99,18.110827225174656,0.14776073094825615,0.013070428578973598,0.010654034680689031,0.014599951130634394,0.056084782848871,1.5900799873582282e-08,1.2919836816486494
LKA,2013,42.94,16.77045069071905,0.21788718961826226,0.028275857289402746,0.01792992979425179,0.009509362353720333,0.0554880743000897,3.298369945603778e-08,1.5390154481375546
CZE,2013,43.39,16.167904417128927,0.18433857291525865,0.006876629691688167,0.009716947185674923,0.020681601669312242,0.0491362268515284,1.712019985344938e-08,2.0476928433652555
KWT,2013,43.6,15.009056546486116,0.2597272930200446,0.049402109273779964,0.13411907652950328,0.058661656459948204,0.0665467829140218,8.557319633861393e-08,1.1908875647772805
NAM,2013,45.48,14.66782907658494,0.138159196925452,0.0600488975307732,0.0015803156431945826,0.0031567422422337696,0.0495616348547025,1.4169799899608384e-08,
SYC,2013,45.25,11.079792559044115,0.06879690135272565,0.000740196986606717,0.000389690060964284,0.00016400155101042475,0.0464759356208972,7.190869974145694e-09,1.3762440252663892
CPV,2013,46.3,12.97023628873471,0.08862094394147804,0.0009792663621443578,0.0006345526288893147,0.0005666044493775057,0.0610482669845769,2.9395099567964057e-08,1.128171090909654
NIC,2013,47.05,15.589912426880058,0.10852145532011413,0.047797811950800635,0.008277533497595682,0.0032567290961410624,0.046613531622583,1.534149988231919e-08,0.6678293725756554
COM,2013,47.99,13.199011313972782,0.07915710302609304,0.0017058392286101029,0.0006234576099084287,0.0005035931756683143,0.0488240228328022,7.586589971221826e-09,1.1505720275988207
DZA,2013,49.21,17.43588741502996,0.16176786612027513,0.019057061195540338,0.008406942421942447,0.019054834042995412,0.0620074175026245,2.44896997001273e-08,0.9745596399981308
ALB,2013,49.15,14.848513786450095,0.14033065888613153,0.00877688421804628,0.007780120222960044,0.007987869851952002,0.0597599330077087,1.2456899922412822e-08,1.355835153635182
GUY,2013,50.27,13.503312093061108,0.08646243826700102,0.03104914840533903,0.00032615580541221393,0.0001939231956815768,0.0453654650422705,1.4605899893333844e-08,1.000631880307906
LTU,2013,49.73,14.896368432315164,0.15275870862755883,0.003573793386200324,0.004341411420908474,0.006499581881228229,0.054386432463966,1.2844399917510695e-08,2.1174596088673567
HUN,2013,49.65,16.110293298616693,0.1661911780817314,0.009057330266606997,0.016358270932797098,0.014767847566492381,0.049836511781983,1.4302899897713527e-08,2.084429083190875
IRN,2013,50.47,18.160577481452414,0.2698387057205035,0.02951918495193558,0.03277755726389824,0.03526542727437573,0.0591887312853556,3.585849935708401e-08,1.000631880307906
GTM,2013,50.38,16.56860357800155,0.22240317650440775,0.08078361651739532,0.007721667047684621,0.0121857729638437,0.0457758302187724,2.7388499624935043e-08,0.44575362702227583
KIR,2013,51.01,9.4775306647208,0.055607117757699595,0.0005259386700077275,0.00017945989610952442,1.3099914195749356e-05,0.0377638847478412,6.82111997673616e-09,0.9516578757114464
FSM,2013,50.97,10.383609505949106,0.063330307791692,0.0007935940209486373,0.00018861721065548101,3.929922777523222e-05,0.0438429858944416,6.973849975682708e-09,
MWI,2013,51.33,16.601270841823105,0.2119785734679672,0.046944684223149485,0.0019284323784454944,0.005379207088619267,0.041108733517103,2.4356399703382897e-08,0.832909122935104
ETH,2013,51.37,18.36488534258873,0.25122534564649934,0.04754331956260883,0.0013891257179555654,0.006455223143219491,0.0453768821941836,3.1820499493727895e-08,0.28517894223366236
SVK,2013,50.66,15.501856267524474,0.1726953977997446,0.009433613219186326,0.012407890755747832,0.016463778165229922,0.0488593104409454,1.481739989022233e-08,1.918392120161421
LBY,2013,51.62,15.646760819255633,0.12607487425950065,0.0077595139535197475,0.005772298185573248,0.007849345129505785,0.0636155309493891,4.352889905261746e-08,1.547562508716013
LVA,2013,51.67,14.487835854862707,0.16494587518117546,0.005294151217896407,0.0034575348316081824,0.0069397074314242295,0.0532013115628911,1.3838699904245191e-08,1.916922612182061
HTI,2013,52.62,16.107211450364513,0.1535878100171928,0.02023700548933043,0.0012315992701671303,0.00769950757068893,0.0567123088534485,1.998319980033586e-08,0.5423242908253617
RUS,2013,53.16,18.79247601512312,0.1452990468872879,0.005899351556531395,0.012477239489072846,0.017115625439831132,0.0514728990783235,1.1821599930124887e-08,2.206074192613202
SRB,2013,52.55,15.786924690707819,0.1612775705304497,0.013234295111323124,0.02736402655042584,0.010661984498325524,0.0530932226982689,1.3688499906312485e-08,1.8578592709325787
ROU,2013,53.67,16.794347568978313,0.16109925673911968,0.008757481076810333,0.010175500550073989,0.012770296554316702,0.051103189270844,1.3152899913500612e-08,2.0347056478384444
POL,2013,54.27,17.469258342479684,0.1660933937319881,0.004757498137668237,0.015071508082603666,0.01645516215374337,0.0498146269436497,1.5083399886245522e-08,2.0241930674493576
GAB,2013,55.36,14.26322638667734,0.17104086082241116,0.055925089941932515,0.0013631764526484376,0.001844247329953625,0.0436725417238356,1.9003799819427794e-08,1.0818051703517284
ZAF,2013,55.48,17.787172704770715,0.3476071216243258,0.03177422308257064,0.0452330145314232,0.03170070478790943,0.0489874349154983,4.362639904836864e-08,1.1786549963416462
VNM,2013,56.43,18.298111330744618,0.35850550444003654,0.04129747058359386,0.01051152187087977,0.015125244592689208,0.0539776863506947,5.3602998563359244e-08,1.1939224684724346
SLB,2013,56.55,12.910850477087605,0.05308854146675929,0.02102837869707197,0.0003242984095859278,4.1099155418141465e-05,0.0388531908576591,5.9597599822406305e-09,
TUN,2013,56.92,16.163672227558166,0.16941389519574,0.009566499773700558,0.016944046424633253,0.012995278410273599,0.0603366783774416,2.5212799682157366e-08,1.0331844833456545
BOL,2013,56.74,16.159393831603964,0.12785411433475102,0.14183808222629876,0.0003624353123865704,0.0018077400529125343,0.029095791284153,6.566499978440539e-09,0.7371640659767197
VUT,2013,59.11,12.120029345257578,0.053435750039541825,0.005272982360963077,0.0010007021305631725,0.00017200620608433131,0.0463818138681198,7.455219972209848e-09,
GNQ,2013,59.21,13.534080037112982,0.147274169589062,0.03811197276622033,0.0018567322054299756,0.0009867040474152151,0.045714771379583,1.7295299850436302e-08,1.1314021114911006
ZMB,2013,59.26,16.541091233775315,0.18635284273087196,0.05485383054890368,0.006163911008585293,0.00482668678356626,0.0460216166434403,2.1227099774705115e-08,1.0986122886681098
TLS,2013,61.2,13.92297530716902,0.0906787357512413,0.04556329771712874,0.0005533578692901887,0.0007606796098924805,0.043225479201614,6.955739975808841e-09,0.3488947566197701
MAR,2013,60.53,17.330753474185602,0.15443474147792713,0.017986430970438862,0.013643367547243239,0.011222985041610602,0.0594311934463892,1.565679987743231e-08,0.598836501088704
LBN,2013,62.27,15.263655657148057,0.28256343304028764,0.013072510190637534,0.0369059004635339,0.03379547021590892,0.0581871343665092,3.8051499276041696e-08,1.3506671834767394
HND,2013,61.62,15.867715968238057,0.15250107054113576,0.0932248579403504,0.0035557856943864642,0.005757019516243259,0.0438748468694399,1.9610799807708263e-08,0.49469624183610705
DJI,2013,62.72,13.56239794964054,0.11561233204976082,0.006228523413179326,0.002281651053418936,0.0025026457680011843,0.0573806263293396,3.1210799512942996e-08,0.7275486072772778
BWA,2013,63.02,14.58083538987837,0.11781608666574839,0.04924446667270639,0.0051926896209553855,0.003433368240036154,0.0506504203852866,6.049379981702501e-09,1.2781522025001875
BTN,2013,63.43,13.724710675459825,0.3628794383934104,0.05391308623418664,0.0053428684247047685,0.008488475734740375,0.0553832688814006,3.4203099415073984e-08,1.0152306797290587
MYS,2013,62.62,17.146127357322023,0.27497165094793735,0.10450281503778824,0.00892122427687356,0.018809553969893908,0.0520507721015079,3.3557199436957174e-08,1.068153081183401
BIH,2013,63.26,15.164185330446646,0.15068695605601976,0.016043265821998047,0.015162962048587917,0.007928804787089268,0.0554369050300861,1.1650299932135255e-08,1.184789984909162
ZWE,2013,63.84,16.512910289633492,0.1803220157100982,0.04172864259065279,0.003417346215295771,0.0051840157410517375,0.0451817350175645,1.631849986685328e-08,1.0420419371797154
RWA,2013,64.07,16.21493723846815,0.43734142413342486,0.05289382310784113,0.12122969974638746,0.012680838236466364,0.0474706575282944,7.06755975024799e-08,0.5709795465857378
MRT,2013,64.14,15.146562875480301,0.11057753292684175,0.024389117759986416,0.0013241239608080555,0.0019322919209352229,0.0528331606621587,7.291129734197129e-08,
MDG,2013,64.05,16.941003868526604,0.14946928115971642,0.04211152687589922,0.0007320329984532519,0.003376579932331417,0.0423648754054,1.3131499913781855e-08,0.2776317365982795
IDN,2013,63.55,19.29993672472114,0.31841550129687524,0.06239198428736683,0.021814363182229995,0.0182898974225595,0.0510835445669491,4.691559889946327e-08,0.6729444732424258
KHM,2013,65.03,16.526693549417047,0.22965593245223925,0.06126743446222735,0.005306053964641173,0.006867605917693462,0.0487752415164589,3.059069953210455e-08,0.598836501088704
AGO,2013,66.38,16.955579560970687,0.24306747713577884,0.07642442218192799,0.001935086511836859,0.006203184407264381,0.0484762782799934,2.7419499624085517e-08,
BHR,2013,66.08,13.532791058220935,0.196722800132141,0.024927053399660195,0.03367538060093195,0.03240629476937941,0.0740261533950876,5.674839838980961e-08,1.1052568313867783
UGA,2013,68.13,17.417819430832953,0.30986070202353233,0.07783347249423068,0.017615958866651828,0.006890182083273287,0.0463692422397693,3.823779926893534e-08,0.4054651081081644
BGD,2013,68.09,18.840055116578135,0.5054329930343912,0.04182860291998439,0.01888217047240902,0.022181851558860623,0.0563088784218365,8.20311966354413e-08,0.4574248470388754
BGR,2013,69.18,15.8026417793834,0.15904024894854119,0.013096152810105614,0.032708762118305874,0.012779380760624825,0.0536551331741357,1.3604399907460152e-08,2.05668455455722
MNE,2013,68.79,13.333722063175161,0.1374405413118161,0.011461807798142548,0.007438600880957204,0.0055217102602924594,0.0596724878652732,1.083769994127213e-08,1.5727739280625088
LBR,2013,69.85,15.197276265193095,0.1581988122146263,0.03759374323982851,0.0008481332333064399,0.0015947387279708174,0.0481750928674867,2.3765399717602885e-08,0.7047463164032972
SOM,2013,70.92,16.136533651496364,0.08213326616333488,0.029361686699047408,0.0003420784844831173,0.00039188320374591786,0.0474540065544218,1.2733699918926444e-08,0.6259384308664953
SEN,2013,71.32,16.45465158836224,0.14875483267795883,0.022839323627873134,0.0267376712511953,0.0038828609292941786,0.054176326244664,5.2353198629571276e-08,0.5306282510621704
MKD,2013,70.98,14.550654057655343,0.15924562708395304,0.01356326860355875,0.02818579991090419,0.012560031531067295,0.0555048802911436,1.3981199902263024e-08,1.715598108262491
MOZ,2013,71.77,17.082331260705228,0.1392034882077842,0.040506276846675,0.0008500665909954514,0.002947332345743818,0.043908960960476,1.6104499870322542e-08,0.5933268452777344
MLI,2013,72.21,16.630129230651693,0.15828012620105772,0.05935206375189371,0.0006458593879165798,0.0035434924086526873,0.0454278526689816,3.350759943862039e-08,0.19885085874516517
LAO,2013,72.5,15.698513330270972,0.37577399044665427,0.11125157156334536,0.004718507314634611,0.008221184265263339,0.0519164014683086,4.310869907082002e-08,0.7419373447293773
ARE,2013,73.98,15.926811608811128,0.2136170547985782,0.046890819651312726,0.02533324149019271,0.04844413859520184,0.0703284556420979,7.074059749788388e-08,0.8109302162163288
SDN,2013,75.6,17.466015085106935,0.14160763455867972,0.04026046953460533,0.0014242013436319184,0.0036825590484138083,0.0549508771413122,3.764939929126135e-08,0.598836501088704
COG,2013,76.51,15.20154809860861,0.2440196250056973,0.13981503140069407,0.004335088909128533,0.0035622217476394195,0.0423160642650156,2.750739962167148e-08,
MDA,2013,78.44,15.19979550406137,0.13643480052865073,0.004120574759171562,0.011782041355645983,0.006730307583803746,0.0552011405173303,1.0656499943219504e-08,1.958685340544036
GEO,2013,77.85,15.214944900164475,0.1297759487643429,0.013673932211122246,0.005444159633174744,0.005580459232919594,0.0533517355120194,1.2769399918471213e-08,1.3987168811184478
ARM,2013,79.1,14.923069941739552,0.1449010233444615,0.009419780235085757,0.009620875598646102,0.008563073016216078,0.0549853810827456,1.7985399838262695e-08,1.6486586255873816
MMR,2013,79.23,17.768140170942566,0.2827931172122057,0.09232618666730971,0.003710211644616179,0.005771163752149798,0.0482481432546857,3.2268799479362284e-08,0.6471032420585385
BDI,2013,79.94,16.164154954481685,0.3625305148718592,0.04025641509035804,0.009940426843727503,0.009738589625695319,0.0462568711750992,4.8465298825557386e-08,0.5364933705145685
COD,2013,80.75,18.104494996625665,0.3254057930745043,0.22395147845316582,0.013578584338099909,0.006019651488316138,0.037772176231875,4.02514991899084e-08,
UKR,2013,81.29,17.56906087492698,0.13936097504197897,0.004391114927840932,0.01175083273877296,0.010581788867327696,0.0519092580019148,1.0578299944049785e-08,2.2648832258100344
SYR,2013,81.39,16.774710778277406,0.21105354806582993,0.015286162031888722,0.023574897447753675,0.021409916287460674,0.0584992554078617,3.382419942796176e-08,0.9242589015233319
NPL,2013,81.22,17.17519118784601,0.5965079321851409,0.06121010779782728,0.013366435851269145,0.01439480290513328,0.0580562066448779,8.094289672412364e-08,0.23111172096338664
SWZ,2013,82.46,14.01590031396663,0.2099227937688157,0.036250776484970014,0.009042367293832579,0.011227729483513239,0.0468367633713124,2.4737699694023105e-08,1.1052568313867783
BLR,2013,82.88,16.06891032272185,0.13331108023252972,0.004338047053080769,0.004701245805966312,0.008025048983897796,0.0506918962929589,9.174299957916109e-09,2.4414770918606643
ERI,2013,84.95,15.443149610115267,0.13876884506940182,0.03551001973043087,0.0016374067176454952,0.0034044373213137475,0.0544591159255306,2.3050999734325703e-08,0.8109302162163288
BEN,2013,84.59,16.153976370422026,0.21823203112147702,0.027381611550898244,0.0021587881391891416,0.004887004119016383,0.0513423483831984,3.716939930921787e-08,0.37843643572024505
STP,2013,87.26,11.801877655480467,0.09614102364887829,0.0015231104781095119,0.00021360518478806222,0.00017404285366385316,0.0522446770288567,1.1873799929506437e-08,
NGA,2013,89.23,18.961828937690786,0.3158474752368273,0.03736452997221169,0.003099547436005419,0.009380249575829815,0.0519363317180244,5.7622498339823806e-08,
BHS,2013,9.17,12.497809697926924,0.0878821895556183,0.0020478616991317575,0.002220999753061428,0.0014646588633445957,0.0614542947816548,9.264079957088411e-09,1.3428648031925547
IRQ,2013,90.15,17.342478153569665,0.2459254733559483,0.03163171537859345,0.02718865877608126,0.025927775316386906,0.0604700960350853,5.807259831378663e-08,0.8241754429663494
PHL,2013,89.92,18.29209069191378,0.15740976551902336,0.039245771493164626,0.03565629218431876,0.009684341025564626,0.0500853580210533,2.2545999745838945e-08,0.6678293725756554
CHN,2013,90.14,21.016795331531274,0.5328672115420066,0.024470682599879185,0.07514618509553321,0.06592292709277292,0.0529160028783388,1.0314899468014227e-07,1.463255402256019
BFA,2013,93.23,16.654294104889853,0.16668830854446803,0.03638139282636165,0.0009290632870184816,0.004003229374057092,0.0457375699427408,3.093099952163663e-08,
GMB,2013,96.46,14.291769742859175,0.1577357893496039,0.024025019067689113,0.010582761519797947,0.0037521668095449818,0.0533263112108712,4.440609901404917e-08,0.7178397931503169
IND,2013,96.21,20.960215291399624,0.5193148802448881,0.03517533200628475,0.032806692035543615,0.027367021461415293,0.0583576324706779,8.885659605225255e-08,1.007957920399979
KAZ,2013,96.53,16.652419728151333,0.1317263222147255,0.007037180858012943,0.010580356107947414,0.007006202146450073,0.0559329125415709,1.7169999852595552e-08,1.9629077254238845
QAT,2013,96.94,14.482492535704885,0.19510726597536823,0.03257773097826686,0.015312826935577058,0.029536973847966948,0.0754000568700543,5.523429847458611e-08,0.7793248768009976
AUS,2012,10.12,16.912807412172185,0.08358720528267431,0.03821955735632748,0.011506741789320775,0.018788576065075516,0.0454425044825952,8.14865996679967e-09,1.5539252025038417
GMB,2012,99.65,14.257178065876928,0.14904811729726974,0.021406488462178803,0.010053882917210604,0.0035074656444080863,0.0526656949181272,5.683699838477778e-08,0.7178397931503169
QAT,2012,99.89,14.435527044832147,0.20006507784008687,0.034389451766405905,0.014971259324712652,0.033588003224502956,0.0759989569231555,5.995709820257315e-08,0.8372475245337022
KAZ,2012,103.9,16.63696938105942,0.15159187716794367,0.008181275908678825,0.012163266642223329,0.007976506916009068,0.0550632678412353,1.7447999847783648e-08,2.018895041811802
GHA,2012,104.0,17.044495707382108,0.19535802655838352,0.03077634423153399,0.0019995675317081288,0.003688953436770344,0.0481802407796154,3.797719927886616e-08,0.5423242908253617
NER,2012,105.0,16.689789503383835,0.16975365216506424,0.026025635914983646,0.001343318343774001,0.00543453711600471,0.0501594829685071,5.83798982958937e-08,0.3646431135879093
GIN,2012,105.3,16.256021557546507,0.26944310868632915,0.0639505548817843,0.0022692971963082773,0.006578221976450414,0.0507380806388055,5.2588198617240655e-08,0.262364264467491
TGO,2012,106.7,15.7013695790277,0.2024903801040842,0.027433864606463743,0.002170129564554757,0.004343689506695077,0.0487463687891507,4.127959914799734e-08,0.48858001481867097
CIV,2012,107.3,16.832301888293898,0.17460466301235253,0.0392568663459006,0.001395061449108136,0.0025758845589572902,0.0473479381650229,3.113999951515021e-08,
GNB,2012,107.9,14.292849269596967,0.16838438910800987,0.04276112311455489,0.0031804679456189887,0.0028569600004774514,0.0513021735800361,4.7997898848100835e-08,
SAU,2012,108.5,17.196499070725302,0.14328693705755263,0.012245999728412914,0.04363215400086549,0.015514335899844902,0.0663349126557898,5.868079827828192e-08,1.1817271953786161
BHS,2012,10.67,12.483946966338888,0.09126957664197909,0.0021451255721019777,0.0022750890212011347,0.0014733401012391276,0.0624033208342028,1.018989994808297e-08,1.3506671834767394
CAN,2012,11.21,17.30425696824996,0.15985867219900107,0.006755081973218473,0.008624259930426635,0.01577568100108438,0.043517837869633,1.2454099922447697e-08,1.3270750014599193
CAF,2012,110.0,15.348743907780207,0.2628235974194951,0.28123438396104733,0.0008989588154180671,0.00335318578349042,0.0359169300509609,3.226259947956233e-08,0.6931471805599453
SLE,2012,110.3,15.523215300455968,0.31002961091861064,0.05600964564725018,0.0025425410015034048,0.00791620302115727,0.0527408537694764,6.367399797281095e-08,
YEM,2012,111.0,17.014839079058472,0.1467266903731772,0.03129085477021849,0.014007470707742076,0.009785511330582712,0.0621917586325597,4.135899914471658e-08,0.4510756193602167
PRK,2012,110.6,16.997229811184585,0.4933715776606738,0.015930645743155822,0.04000129015453995,0.03429698068332514,0.0553135308807716,7.739689700486009e-08,2.653241964607215
LSO,2012,112.5,14.52190994386831,0.1655159223747775,0.032323721956792395,0.0243390291114904,0.017568528653279264,0.0511883348103005,1.0954999939993987e-08,
EGY,2012,111.9,18.25124013267134,0.27060378466041635,0.013899733566328757,0.04038298745075148,0.029355520416145572,0.0613285482600008,5.553529845791528e-08,0.8671004876833833
TCD,2012,113.3,16.358067925622187,0.16963922323427702,0.08787889150674158,0.0006486475826636461,0.003744747672052737,0.0483829441405939,4.5688498956280516e-08,0.3750059006234558
TKM,2012,114.0,15.477816235556059,0.13874877625217696,0.010037306278616898,0.0031562298621096974,0.00506523302033879,0.0570868294627977,3.933439922640251e-08,1.5107219394949427
OMN,2012,116.4,15.114744309064427,0.13674835564587173,0.016188099813954932,0.011736358717813165,0.012338283364331747,0.0647893077593078,5.446549851675471e-08,0.8372475245337022
CMR,2012,119.4,16.8846233893489,0.20664219695912817,0.06498804165058465,0.004453166917568914,0.0036078309440201162,0.044932805266431,3.690869931887395e-08,1.2947271675944
FIN,2012,12.42,15.451428055158603,0.13472112311445072,0.0022886081374022594,0.002111209827354465,0.02129398623602256,0.0488292215906977,6.790469976944758e-09,1.8389610707123492
ISL,2012,12.18,12.546940813016604,0.11153654019528186,0.001201473941035119,0.0012504218965878272,0.0011651239793675511,0.0548799107784886,5.291399986000543e-09,1.4445632692438664
PAK,2012,123.1,18.983838285211146,0.5174647087876468,0.037323751597322145,0.03244092648186931,0.030813748447633103,0.0591539823956715,9.617769537492531e-08,0.37156355643248307
FRA,2012,13.49,17.971300977559306,0.1655584603899507,0.006618031440095421,0.0043320013183761556,0.017299328027970726,0.0513386639333227,1.5344299882276232e-08,2.012232791986386
NOR,2012,12.88,15.340150774498687,0.13472814972498695,0.005237348117715687,0.006780615579542212,0.013010987805062983,0.0520183397843888,7.125739974611915e-09,1.6034198401085373
SWE,2012,13.07,15.99276313492817,0.12889814883325848,0.002206852109593998,0.0015888830565150998,0.007050735045831446,0.0561938379777029,7.046239975175251e-09,1.297463147413275
KGZ,2012,135.1,15.598060849250809,0.13854108438775548,0.009942430821962918,0.007920423469663646,0.011658240851146983,0.0584168463643679,1.6126299869971226e-08,1.7698546338400052
AZE,2012,135.7,16.03672759932101,0.14124907864835093,0.014955965890484334,0.009300352336157983,0.005428465185429635,0.0549672730147357,1.7881199840131346e-08,1.6389967146756448
ESP,2012,14.09,17.6072640745969,0.14923140429318724,0.012172146929440903,0.01007904336143699,0.015406193796372036,0.0563532355365919,1.176649993077474e-08,1.3812818192963463
NZL,2012,13.9,15.202818867364824,0.06087804382001321,0.007378327075449729,0.006096446846200036,0.0036717060298650135,0.0458995461818172,5.524189984741662e-09,1.3428648031925547
MNG,2012,142.3,14.849956583309385,0.14258103889892712,0.006278164020785429,0.012945654251081086,0.005453787030558136,0.0586840518819031,1.52622998835311e-08,2.0794415416798357
CHE,2012,15.01,15.891646085797664,0.17599708692983776,0.009608655657162535,0.002277788868163514,0.019766416836667373,0.0504736614649634,1.3797599904813118e-08,1.7867469274045107
UZB,2012,151.1,17.150381144924832,0.1635301040384389,0.015508840802057219,0.013473019882142355,0.024011177539406726,0.0520827475973228,3.007179954784343e-08,1.7457155307266483
PRT,2012,15.8,16.048183633614777,0.15060210536350802,0.009240558232086023,0.008951846394816072,0.0150673186923344,0.0548595921911832,1.2094099926866372e-08,1.4838746894587547
JPN,2012,16.05,18.623635125979867,0.17693148140202247,0.01292286394145006,0.012829989564149694,0.02698658332885396,0.0554796375575928,2.1415999770677478e-08,2.6616571615324998
AFG,2012,160.0,17.20773465553092,0.17837095593658006,0.015280155535202204,0.0018875504552681387,0.0033062104578426687,0.0582175084126301,2.0579699788237978e-08,0.37843643572024505
LCA,2012,17.36,11.934733628178538,0.07845741730296629,0.0017845587274522886,0.001256644091969958,0.0007120983977429513,0.0528858481297381,1.5672799877181672e-08,0.8576017355254755
LUX,2012,16.56,13.218740515079341,0.1715081428333585,0.00583930601981909,0.002607896479942065,0.021059834718855305,0.0476865576764223,1.5620799877995307e-08,1.8164520818184267
BRB,2012,17.51,12.301817276401511,0.07710440771050171,0.0009835331726420725,0.0006231707887438627,0.0004926626218385123,0.0520256458036933,1.6578399862578327e-08,2.0082140323914683
IRL,2012,18.32,15.314419624121477,0.11678517173351655,0.001603959968186378,0.0032944224263457313,0.006102362653033549,0.058430856806592,8.097819967212656e-09,1.264126727145683
USA,2012,18.14,19.560381061606424,0.17068819841918526,0.0178985932242027,0.013654595249932849,0.022632871315568088,0.0456196568287983,1.506419988653494e-08,1.3609765531356006
DNK,2012,18.02,15.439633243399056,0.1327869430907186,0.002005208225535281,0.0025740163756355003,0.011596119364337746,0.0539036015926133,9.114919958459117e-09,1.351776856237177
ISR,2012,18.1,15.82299010457971,0.29425033933105804,0.015635844576357392,0.101392178713813,0.05053774102898411,0.0554810955810579,4.696379889720078e-08,1.4398351280479205
TJK,2012,187.2,15.899797257884805,0.17004431055515382,0.018453521583746812,0.009139494293242756,0.008611575714333542,0.0545659189622682,2.434569970364345e-08,1.7509374747078
GBR,2012,18.93,17.92735800772143,0.15277287365954523,0.0031933587980568583,0.008469271259330741,0.028517019968961194,0.0356733866065541,1.340119991020392e-08,1.33500106673234
JAM,2012,19.23,14.797676517186053,0.12617023125853588,0.012126779481517701,0.007918478930486576,0.00753193562406004,0.0593719210032481,1.9526299809361804e-08,1.0260415958332743
NLD,2012,19.42,16.61661754734463,0.15907813765697654,0.003750800943193955,0.003836106725058288,0.02608823240616556,0.0473813174145271,1.4742499891329347e-08,1.556037135706985
ATG,2012,20.07,11.149869634980925,0.07938523373875526,0.001420544548659027,0.002874663193694232,0.0005493280916923796,0.0544784595345833,1.336529991068438e-08,1.4955223883042061
URY,2012,19.66,14.990380303891662,0.09323440778860316,0.019897845311820185,0.0016546702777605724,0.003621204517534952,0.0462739864730634,6.88049997632936e-09,1.264126727145683
BLZ,2012,19.66,12.726962722350018,0.10223025439804713,0.03592720897924806,0.0007335688725507955,0.0011124440046569788,0.0500003190572447,1.461849989314973e-08,0.7371640659767197
ITA,2012,20.05,17.866837217987165,0.21047091883013241,0.013710980440981934,0.007110861789597738,0.026827438568419015,0.0546933375844614,1.8673999825640864e-08,1.4747630091074988
CRI,2012,20.83,15.3455110944746,0.11564495870909917,0.03479520618085265,0.004326922355222727,0.00842889484822731,0.0464936478041745,1.4152699899850541e-08,0.7884573603642702
BEL,2012,20.83,16.229418398931884,0.17827218246642865,0.004084806805463927,0.006358445174152188,0.028883006953047678,0.044862568607703,1.8383399831025303e-08,1.9430489167742813
BRN,2012,21.7,12.796706974208576,0.27092536193270195,0.11917295815531198,0.003267370327238066,0.007705436725206274,0.0482436781979599,2.418789970747275e-08,1.308332819650179
DEU,2012,22.2,18.202966858412783,0.16548240915108067,0.005471448289862774,0.004242791616854112,0.023092641611844926,0.0498040796724823,1.4500499894867751e-08,2.2289385528257473
EST,2012,23.09,14.022965727654645,0.1489423057645061,0.0029865498170331965,0.008593728906496312,0.010213573429523348,0.0524894277146289,1.0086399949132269e-08,1.8764069432883397
AUT,2012,23.05,15.959371867246384,0.1692920747249321,0.00898479061175094,0.0034128695297951208,0.018076489357296412,0.0519516670112178,1.4152499899853373e-08,2.1598687907924505
PAN,2012,22.68,15.107088607904956,0.11594083050464787,0.0206694867590434,0.0022739546043935585,0.005659850783887195,0.0515149448362836,1.6338299866529978e-08,1.1378330018213911
CYP,2012,23.04,13.867084548452988,0.13094200693212166,0.0228479737532072,0.013351126734524595,0.005257535905043304,0.0671041292660493,1.2055599927331256e-08,1.2725655957915476
CHL,2012,23.1,16.651625540545684,0.31113655594973505,0.024223735855585047,0.059393874168928454,0.02587583133529521,0.0490754059516909,3.516829938159535e-08,1.1505720275988207
TON,2012,23.9,11.06550756698366,0.05044294424232472,0.0005311868952579291,0.0002919233862217365,2.9799555988821e-05,0.0482452667419134,5.501549984866473e-09,1.247032293786383
KOR,2012,24.07,17.647546167589155,0.43564713358148827,0.030518708374495492,0.07229218675561751,0.06744175299107327,0.0521805838742911,8.247539659890438e-08,2.431857428698185
TTO,2012,24.67,13.976106999165095,0.08392396951496062,0.008665243105266753,0.001096820272669262,0.005062714804859205,0.0525960222661869,1.6928099856719718e-08,1.2809338454620642
DOM,2012,25.87,16.114530620783107,0.131159915143311,0.023117926593627602,0.0034152075341172664,0.011672104186039962,0.052408105408445,1.9526299809361804e-08,1.0043016091968684
SGP,2012,26.99,15.301944068352295,0.23276543853270165,0.027419664460555764,0.06227189772394946,0.021133645999607403,0.0588558712651072,3.9654899213744474e-08,1.1600209167967532
SVN,2012,26.55,14.539689082257766,0.19714786849647659,0.017220961388189758,0.008926118407812126,0.018090409346106437,0.0524599762837477,1.6933999856619826e-08,1.713797927758343
COL,2012,26.72,17.65317289143587,0.1698144673757549,0.05292716259764743,0.002867562609567057,0.00795395030205069,0.035278168285944,1.998959980020795e-08,0.9242589015233319
ECU,2012,27.31,16.517073398909545,0.15352165317432553,0.040984084422977046,0.0015562424263359733,0.007915642475998273,0.038551389488932,1.7534799846265396e-08,0.9122827104766162
VCT,2012,29.14,10.914271585205235,0.07762674728239176,0.001364527608614421,0.0014798394972084649,0.0005197818899851894,0.052635201205603,1.6063799870977165e-08,1.2296405510745139
MUS,2012,29.18,13.956207167749556,0.07274327087238922,0.0008451427662215919,0.0012327618367922355,0.0010744156087822729,0.0506975406417134,9.301889956737421e-09,1.4951487660319727
PRY,2012,29.3,15.648142233251964,0.14905088882790973,0.12008865833117119,0.0006878104041827034,0.0028265246130137734,0.0414190681712503,1.0843999941203831e-08,0.6151856390902335
CUB,2012,29.52,16.20942714628417,0.1025710494118658,0.01156974463713479,0.003457926475066665,0.003491769670544591,0.0585915888726664,1.3927199903016551e-08,1.6174060820832772
GRD,2012,29.62,11.313869099109922,0.07679003762697274,0.001225022353628321,0.0007198738286489198,0.00040303177178331573,0.0518461060857436,1.6103499870338644e-08,1.4701758451005928
MLT,2012,30.18,12.761734397988876,0.12253302988399042,0.0022175673789317824,0.009715572606537779,0.009380240659857304,0.0644334155044309,1.022899994768378e-08,1.728109442151599
THA,2012,30.03,18.009174472356666,0.311238118175149,0.055071905984473195,0.022259447037572905,0.01556190105506574,0.0507753534675134,4.2561199094272153e-08,1.1378330018213911
ARG,2012,31.08,17.54910655626521,0.12075571331318082,0.04812072109479176,0.0017735054091620498,0.01036989232989155,0.0410429668364892,1.0639099943404776e-08,1.7191887763932197
BRA,2012,30.79,19.089712364819885,0.13936090892851624,0.04417238624455419,0.006519706450124649,0.007797838675426185,0.0471329069204747,1.4726899891559209e-08,1.2556160374777743
MEX,2012,30.85,18.61218677404901,0.2204528121201817,0.057650059129261244,0.2399300904721749,0.022159868387702987,0.0519932040909018,4.255849909438706e-08,0.7030975114131134
PER,2012,31.07,17.20076746397187,0.12148748747200559,0.053336622869300514,0.002395604247408536,0.004435425939203649,0.0402569480977021,1.1219099937065899e-08,0.9360933591703348
SUR,2012,31.66,13.16823694959422,0.08758777683931493,0.02972591934466458,0.0006105385833828517,0.00028785756503543194,0.0446132321300016,1.512449988562475e-08,1.3837912309017721
SLV,2012,32.12,15.605065742875059,0.19190891831637794,0.08398682647796342,0.010622233788697994,0.015017954867581427,0.0520858825806981,2.276359974090926e-08,0.7371640659767197
WSM,2012,34.12,12.019907270724037,0.051086993959080416,0.0006316144895659358,0.00041197412700458015,0.00019846130525229855,0.039374783470823,5.643269984076751e-09,
KEN,2012,34.09,17.564100158948683,0.3036637378381131,0.03671712313170251,0.004392824403364746,0.009749013560498733,0.0468790387096677,3.616249934613681e-08,0.8754687373538999
MDV,2012,35.44,7.8844221312105605,0.09650009611847793,0.001037334782186902,0.0004102908192093614,0.00013637070109324699,0.0552383408965339,1.309919991420548e-08,1.7825505301427451
GRC,2012,34.7,16.140664002072782,0.15411288797029793,0.013518748550048625,0.012150551166535068,0.011693237840661246,0.0595618371220894,1.3169499913282134e-08,1.6937790608678513
PNG,2012,36.17,15.755602370422434,0.08164245416573233,0.10920671145470888,0.005240394118238515,0.0009404696197762882,0.028769357943273,7.542309971556781e-09,
FJI,2012,36.93,13.52330173522087,0.05695640943843325,0.008649219428150518,0.0020493117255820916,0.0005021189171945268,0.0440995502787411,5.524889984737796e-09,1.0769507918869303
TZA,2012,39.32,17.69218014184978,0.15368829637307463,0.0349045706505931,0.0013876018351286453,0.0024848422208941286,0.0446343196957423,1.5724899876363764e-08,0.5197853651374625
VEN,2012,38.73,17.195883815119576,0.12500254417635973,0.05569854530579569,0.002764315756206096,0.007218260561440221,0.0455398592826201,1.89715998200392e-08,0.6383389440649502
JOR,2012,38.77,15.750246397753216,0.24484485106895457,0.018038267807402683,0.06047592181996188,0.0335429559212418,0.0592662299755033,3.8961399241004675e-08,0.9555114450274363
LKA,2012,41.15,16.7651018191954,0.2118794747309009,0.029117209608236914,0.018604057337307873,0.009681105506365638,0.0555436054505222,3.351759943828526e-08,1.5238800240724537
TUR,2012,41.2,18.093951756427543,0.15174472383494017,0.015075056195787263,0.011096813984209862,0.0146448330282566,0.0561964886488001,1.545879988051275e-08,1.297463147413275
HRV,2012,43.91,15.206707374885966,0.18205569312200706,0.020103054712363524,0.009898898837495333,0.012847274222152923,0.0547081782338104,1.5111199885825818e-08,1.9315214116032138
SSD,2012,44.99,16.20906530155309,0.2462767586151387,0.1586382038130541,0.0011915308450934456,0.0060324640460017115,0.0414025965507836,3.362079943482092e-08,
NIC,2012,45.44,15.578275996670541,0.10426858411751035,0.045249283596815806,0.00807450427322812,0.0030221108193861476,0.0470920646196893,1.4539899894295654e-08,0.6471032420585385
SYC,2012,45.3,11.073917585644562,0.06947718925283275,0.000748389886415256,0.0004020081838808288,0.00017200720591233938,0.0463722784839158,8.16774996664393e-09,1.4060969884160703
KWT,2012,44.52,14.961035290257339,0.25950958219806897,0.0511029248184139,0.13898499454238675,0.06271621925361225,0.0661809234477748,8.608779629444555e-08,1.220829921392359
NAM,2012,46.21,14.645037349870098,0.1664209740601673,0.07079434572407539,0.001774784138497434,0.004302685159907962,0.0492160157673543,1.7841199840845796e-08,
CZE,2012,46.1,16.16719324120085,0.18387975800099168,0.007628920642485438,0.00992333939979317,0.0202496646150083,0.0506407929414739,1.7290299850522767e-08,2.0769384114617173
CPV,2012,47.5,12.95840593138467,0.09042453536523917,0.0009886121619195009,0.0006888806672183068,0.0005802096458247815,0.0599942478722718,3.456139940275483e-08,1.1600209167967532
FSM,2012,49.48,10.377907353624677,0.06277203963992974,0.0007834140510614958,0.0001804847116545118,4.30990712216868e-05,0.0404868082244701,6.113189981314454e-09,
COM,2012,48.82,13.174602482372006,0.08031399517944542,0.0016298321017977249,0.0005891044438978728,0.00045578311509360183,0.0503137864946103,7.955799968352623e-09,1.1505720275988207
LTU,2012,49.87,14.912555665912608,0.1523186249247797,0.0031162085746712165,0.00421511689978488,0.006512740986844298,0.053312878572835,1.2542299921345356e-08,2.1329823086078656
GTM,2012,49.65,16.54791003532531,0.21803453287714766,0.08189956541488617,0.007924368094664694,0.012500632503251579,0.0465564245153496,2.557929967284971e-08,0.4824261492442927
KIR,2012,50.93,9.462328684257365,0.056381809805528205,0.0005234489766772114,0.00016772393355464097,1.4899888996102636e-05,0.0330093733271937,6.870429976398596e-09,0.9516578757114464
LBY,2012,50.74,15.646313782381782,0.12975008272478514,0.008693076483574693,0.005827022878779616,0.007903533631743077,0.0635789428413801,3.565029936452807e-08,1.547562508716013
DZA,2012,51.43,17.416786703204192,0.20447850690119554,0.02810052296413374,0.008746657223680102,0.02319218898104801,0.0612520767777238,3.0451099536365265e-08,0.9783261227936076
SVK,2012,51.17,15.501160027037448,0.1757207786787129,0.011943300993939072,0.012895767999055015,0.01621517852125082,0.0499722492589548,1.5010399887343945e-08,1.9329696377795786
IRN,2012,51.16,18.147917704943765,0.269634618202819,0.030983630380980585,0.03227642847801897,0.035368498083478576,0.0597646088976769,3.5708199362462245e-08,0.9745596399981308
GUY,2012,52.59,13.499437995861268,0.0864597922280542,0.03114167602007049,0.00035042959237758647,0.0002467985427341008,0.0430689285431598,1.5570499878779765e-08,1.0043016091968684
ETH,2012,53.38,18.33957436417184,0.24681892474099487,0.04488011846552034,0.001395020506264939,0.006345476810864757,0.0482939528592187,3.1978399488690975e-08,0.28517894223366236
LVA,2012,52.82,14.499754749267316,0.1602428758015958,0.0036947360488082588,0.0032857480129055293,0.006388336059485672,0.0525769938279862,1.3035699915035264e-08,1.9286186519452522
HUN,2012,52.89,16.113550029256338,0.17012468899027586,0.010855847481882933,0.017238045487262762,0.014547785946074445,0.0514071486274848,1.4449699895603087e-08,2.0794415416798357
ALB,2012,53.28,14.849028327400958,0.1652720040079663,0.013168377086634583,0.008476272685820598,0.008951048568575627,0.059602464455147,1.5232199883990045e-08,1.3532545070416904
MWI,2012,53.6,16.570557861422863,0.2208987809012797,0.050213519290184326,0.0020050485460343945,0.005651436506864462,0.0418889162588138,2.607699965999504e-08,0.832909122935104
HTI,2012,54.42,16.093736959285152,0.15346506255973086,0.021614158032147054,0.0011995981942890274,0.007368928632200336,0.0569259964979062,2.0530299789253394e-08,1.1704160207970933
RUS,2012,54.28,18.79211658285,0.1584997224453074,0.007081414494839032,0.012796396764594594,0.017557460755737688,0.0504794195622246,1.2504899921813738e-08,2.2332350148592526
SLB,2012,55.44,12.888575829206289,0.0532411068685618,0.020999460805143973,0.0002677281576182089,4.36990451828169e-05,0.035485043082376,5.446259985169126e-09,
POL,2012,55.29,17.469081439892566,0.16980198971148155,0.005069863495625846,0.015842937276530786,0.01693518678193187,0.0493274622209969,1.5612799878120242e-08,2.028148247292285
BOL,2012,56.32,16.14376499419685,0.1358763362189844,0.12584992265506467,0.0003756854213939016,0.0018245125642359983,0.0297400439197355,7.174079974266288e-09,0.7275486072772778
VNM,2012,55.62,18.286814930844116,0.35871882389233983,0.04365541435235333,0.010202636645147069,0.014375651395048965,0.053837653155957,5.052109872380927e-08,1.184789984909162
SRB,2012,55.65,15.796385996820444,0.1718156516963262,0.01845275191834015,0.02930564981282256,0.010726847108151012,0.0532711553592848,1.4501499894853248e-08,1.8484548129046001
GAB,2012,57.26,14.240231411830022,0.15648183656878614,0.05152705356374528,0.0013765680952376688,0.0018483707098877237,0.0414767737630538,2.043829979113795e-08,1.0818051703517284
TUN,2012,57.33,16.152555455681767,0.17906996275384257,0.014419439395075846,0.0180194147879792,0.014119708095518714,0.0597735736727414,2.4040199711034395e-08,1.0260415958332743
ZAF,2012,57.11,17.77636231062704,0.33271658369162116,0.03440516100987683,0.04398437962530892,0.03065785922214554,0.0499933487538572,4.151909913808219e-08,1.1786549963416462
VUT,2012,58.49,12.096113795943543,0.05515788901276157,0.0049495348186446375,0.0009392607564789086,0.00013386803927418328,0.0465807941815665,7.107769974739803e-09,
MAR,2012,58.43,17.316996466568153,0.15933857823779468,0.020021789552887567,0.013634297104964745,0.011398983029929345,0.0577749170059816,1.734609984955641e-08,0.6043159668533296
ROU,2012,58.61,16.80303998194991,0.17122122375835117,0.01272403207008798,0.011158218884396756,0.013611991062714103,0.0504445947545566,1.4364799896826263e-08,2.0228711901914416
HND,2012,59.25,15.853079458335678,0.136672370210688,0.08880936064783938,0.00335412163968415,0.005232209089923599,0.0441216555476333,1.5618599878029668e-08,0.4762341789963716
ZMB,2012,61.21,16.510462722407915,0.19849152370025697,0.05943622088887504,0.006557621722605203,0.005102281196846271,0.0459354756484721,2.311279973289924e-08,1.0986122886681098
TLS,2012,60.78,13.900143235590436,0.10623222560828448,0.045148724071514434,0.0006734182030550237,0.000924233764362677,0.0466056465816196,9.04518995909227e-09,0.3488947566197701
GNQ,2012,62.4,13.504594931311887,0.13465751518542876,0.03466046272982484,0.0017958145593653442,0.000991561240629961,0.0443113138302164,2.020769979582443e-08,1.1314021114911006
LBN,2012,63.03,15.20531194477431,0.2842277230508149,0.015654947355597144,0.03776168101412869,0.033703524302888706,0.0585484489984032,3.893539924201733e-08,1.4929040961781488
IDN,2012,63.0,19.28731826881273,0.33946494471402383,0.061164642567213934,0.021420947501521126,0.017842493763520925,0.0534844119941039,4.973199876336413e-08,0.5933268452777344
BTN,2012,63.2,13.711443461035248,0.3846420471866413,0.054111126516952636,0.005240674644273377,0.008517919302791718,0.0586685215873262,3.838979926311164e-08,1.0224509277025458
DJI,2012,63.56,13.548516002224277,0.11506715186937207,0.005726825387290683,0.0022247244643329367,0.0023781878681481826,0.0605634225939125,3.4569599402471397e-08,0.7419373447293773
BWA,2012,64.26,14.561064208352025,0.12472492224345234,0.05752624845827759,0.005210011290165735,0.0034825488810352064,0.0511623566444079,6.959439975783097e-09,1.252762968495368
MDG,2012,64.44,16.91326662450352,0.14495954704743064,0.04043956812460183,0.0007029278882947508,0.0032369404510207795,0.042233463804807,1.1888899929327028e-08,0.2795238847503174
KHM,2012,63.97,16.510736818034285,0.2119208363716204,0.06188091470290196,0.005003847845751767,0.00614883311999769,0.0475012524239328,2.6145099658216878e-08,0.5850050219402422
MYS,2012,64.79,17.130870373814464,0.2698309126187622,0.10304567718538858,0.008708413458254669,0.018361824151371817,0.0522491257471709,3.2298699478397e-08,1.0647107369924282
BIH,2012,64.89,15.165500657349025,0.16441114108572766,0.02333496457396477,0.01636572299913277,0.008100160937943454,0.0551910511959394,1.3304299911497801e-08,1.2029723039923526
ZWE,2012,66.12,16.490849135008112,0.1895900149362481,0.047293608698241486,0.003550200573576762,0.005565766346634164,0.0458756202592562,1.803779983731889e-08,1.0508216248317612
RWA,2012,66.88,16.190786230156498,0.4495590431881161,0.04948753333197556,0.1253290465441855,0.012914700092629055,0.0474780753782153,7.396579726453036e-08,0.5364933705145685
MRT,2012,67.12,15.121711355117469,0.11039823232798147,0.021208486651869033,0.001250158226458144,0.0018699485559122517,0.0532760827667899,8.696919621817934e-08,
AGO,2012,67.62,16.924350886684657,0.23958412224697273,0.07733293031010985,0.0017976003479415678,0.006067863225975561,0.0481316352165147,2.640949965126916e-08,
BGD,2012,68.34,18.827958230376975,0.5127608633812606,0.043121713578126254,0.018491421963630177,0.02186037436800675,0.0586949955877136,8.642399626544633e-08,0.4762341789963716
UGA,2012,70.23,17.385222724818746,0.3163337437142073,0.0682238989700223,0.01810231100875593,0.007168244635725424,0.0467435418030652,3.964259921423215e-08,0.4054651081081644
SOM,2012,71.79,16.11237773881157,0.0858480997282539,0.027023312933557465,0.000347877483610972,0.00035709723319293205,0.0502498785774653,1.4785399890695975e-08,0.6259384308664953
BGR,2012,71.67,15.807258083345639,0.16636218158419633,0.01769757204475922,0.03410080182405208,0.013127835649428685,0.0530246053537553,1.419539989924531e-08,2.028148247292285
LAO,2012,72.08,15.682216710624633,0.4083663813418327,0.1126039781273225,0.0047389096096644955,0.009060645101133814,0.0510083228793588,4.486569899353452e-08,0.9282193027394289
MOZ,2012,72.54,17.054353744010264,0.1390986998697702,0.04135064803835657,0.0008631413862752521,0.002859406996509227,0.045189382535421,1.5556899878991433e-08,0.6205764877251099
MNE,2012,73.09,13.33217463940535,0.1747688484287853,0.017206147593608938,0.008516051280653815,0.006968771607754776,0.0589382867092731,1.5131999885511287e-08,1.5871923034867808
BHR,2012,72.62,13.51459850060187,0.19931129944738532,0.025538754998700505,0.03392221916210738,0.03561144217934936,0.0737079632867805,6.129609812139413e-08,1.1052568313867783
SEN,2012,74.01,16.423802365880555,0.14049827121852648,0.01991020484284127,0.025224682723267354,0.0035715793105453616,0.0532087647242553,6.58969978287928e-08,0.5306282510621704
MLI,2012,75.21,16.600422168079003,0.14982657233519459,0.04794017255269666,0.0005971826509401535,0.00332271665787791,0.0456424848285217,4.719299888641041e-08,0.19885085874516517
LBR,2012,74.86,15.172343782948131,0.17932407967805272,0.03752895697890356,0.0010519994544810425,0.002417737914799573,0.0492178697389155,3.286019946010364e-08,0.7047463164032972
ARE,2012,75.68,15.907391162715706,0.21834700304679988,0.05033122089322413,0.02564360415695284,0.0534918519876378,0.0708634895585024,7.572549713282447e-08,0.8285518175661483
SDN,2012,76.94,17.444432177425423,0.13930991500878936,0.030112530459172154,0.0012674154895637388,0.003572001798807579,0.0562594834567172,4.303619907394277e-08,0.598836501088704
COG,2012,78.89,15.174653371852921,0.22247460521965368,0.12094119364363064,0.004326925342269998,0.003493700913430869,0.0403023769547022,2.7559599620234232e-08,
NPL,2012,79.13,17.163149831254703,0.6008835226416164,0.06821036914516737,0.013381685531202905,0.015357864939174824,0.0599069866284206,8.714259620308386e-08,0.23111172096338664
SYR,2012,80.22,16.796828245761088,0.21368365768104516,0.01774985513368498,0.024119564527249972,0.02230071623688514,0.0579381322136652,3.4745999396357754e-08,0.9282193027394289
MMR,2012,79.62,17.75987293374467,0.2983912447673696,0.08922240503131112,0.0036749630437623707,0.006217529044749039,0.0503908045637392,3.550799936959099e-08,0.636576829071551
MKD,2012,79.86,14.549222437546828,0.18220617180402937,0.020172337376357458,0.030277591423510074,0.013719365644197509,0.0550928895717049,1.665059986137876e-08,1.7011051009599243
UKR,2012,81.19,17.572873441121395,0.1423932019213208,0.0048082478269467575,0.012599909696173143,0.010769272656494133,0.0518014669416278,1.0929499940273016e-08,2.277267285009756
BDI,2012,81.82,16.13148362574304,0.3661101813619751,0.038427208989030015,0.010438929291290628,0.00949514509362926,0.0469006992649574,4.927019878622374e-08,0.688134638736401
MDA,2012,82.09,15.200816418178087,0.14186922223964568,0.005050493758360493,0.012872929166401184,0.007021960229440727,0.0547306453561116,1.1355099935530852e-08,1.9960599327407849
COD,2012,83.39,18.072852564311095,0.3134659162620036,0.2148617573348636,0.01346658612980421,0.005550500432860634,0.0372586873433026,3.932369922682333e-08,
BLR,2012,83.01,16.068822716374,0.13544582218428275,0.003868206831937944,0.004614877055390261,0.007921891792659104,0.0504129229455776,9.20850995760167e-09,2.460443177609626
GEO,2012,83.42,15.227242156811439,0.13517201169775878,0.018580152927802112,0.005550650597045505,0.005594681542333504,0.0527690773845511,1.3059299914727341e-08,1.3762440252663892
ARM,2012,83.24,14.919352640721613,0.14946836315752063,0.010142613355801763,0.009613592975213428,0.008208309464097003,0.0554740545927498,1.842839983019704e-08,1.6467336971777973
SWZ,2012,85.3,14.000798710059811,0.20505058916334037,0.03755009537125257,0.008455059035807958,0.010563741688168617,0.0472114472907148,2.3699399719169225e-08,1.1052568313867783
ERI,2012,86.47,15.421413180619128,0.13774449303992206,0.03137690867812788,0.0016456361976837858,0.0033892679370925343,0.0567940592567059,2.5119599684502853e-08,0.8285518175661483
CHN,2012,85.74,21.01179776373717,0.5215904867581651,0.02404086756779038,0.0737674684031848,0.06280105543032283,0.0519329876144369,1.0115799488352987e-07,1.3962446919730587
BEN,2012,86.54,16.127304183975212,0.20820143747328757,0.027039328117813486,0.002123275254855971,0.004779845316812032,0.0505236941009156,4.427349901992863e-08,0.37843643572024505
PHL,2012,87.34,18.276070822649633,0.16804448774438802,0.03834098495972869,0.03574715270585547,0.009828837334515563,0.0500013686100899,2.2914699737458267e-08,0.6981347220709844
STP,2012,89.46,11.781003987308653,0.08963012149978346,0.0013337821170394516,0.0002078813911662712,0.000155799862571083,0.0508015982141372,1.3262199912057027e-08,
IRQ,2012,92.56,17.309535501495613,0.24018718235258535,0.0341617458222483,0.026209701229237065,0.024739409544157466,0.0612791904728202,5.807929831339752e-08,0.832909122935104
NGA,2012,92.72,18.93514549623056,0.3070246027430942,0.033093640536682685,0.0030488066621436978,0.009384292465840459,0.0514494033784524,6.439609792657123e-08,
IND,2012,93.38,20.947593618622967,0.5155963985012276,0.03813788191077396,0.032670887685971726,0.027587316450596963,0.05968121385055,9.152809581130372e-08,1.0152306797290587
BFA,2012,93.98,16.62497844457527,0.15699205301477348,0.03226022099579364,0.0008697436633027077,0.003678219050723087,0.045600175067792,3.9993699200251996e-08,
GIN,2011,102.7,16.228063648152347,0.26039790629797194,0.06865534786559534,0.002076920706246967,0.005824472778380001,0.0508913084342528,4.460859900503643e-08,0.262364264467491
NER,2011,105.4,16.648394760800638,0.1620979980685699,0.027481657148162666,0.0012385247115335811,0.004990360412538604,0.051303053886269,5.804769831523233e-08,0.25464221837358075
QAT,2011,104.8,14.38624662858446,0.1884721936207892,0.031061886607156336,0.01536412995927002,0.029844348847872283,0.0755033764282113,6.025279818480013e-08,0.7975071958841881
KAZ,2011,105.8,16.62127657029062,0.13091180650287157,0.007481003383911842,0.011629443127079883,0.007081524711572517,0.0547425862244325,1.5929499873125516e-08,2.065596134857783
EGY,2011,105.8,18.22888972898704,0.2634475229157581,0.013317609656630636,0.039163849998141195,0.028847480380085236,0.0611210043073021,5.310429858996671e-08,0.8754687373538999
GHA,2011,105.6,17.01998278567577,0.21576322437804457,0.031604147930176865,0.0021186740243059983,0.00425100864574617,0.0491515033974859,3.8382899263376515e-08,0.5187937934151676
LSO,2011,107.2,14.51006252135462,0.16609996871619584,0.03142600356673018,0.024748993439965918,0.018182120866954574,0.0504021578072199,1.1572699933036309e-08,
SLE,2011,107.6,15.501115981958357,0.24275122313721786,0.0542772132204228,0.0016297112988394905,0.004550412153075248,0.0517572349643145,4.263349909119237e-08,
TGO,2011,107.5,15.673881538824629,0.22016134334915238,0.027354766400153774,0.0022613013298698665,0.004871563641587358,0.0499066622053947,4.1159599152943684e-08,0.44468582126144574
CIV,2011,107.6,16.80763892825319,0.18486318079617792,0.039643322879671476,0.001436870207399807,0.002707961161328504,0.0476136040340085,3.0089499547311e-08,
GNB,2011,109.3,14.267782919541503,0.17819629542501603,0.04605970461712095,0.003630262615673802,0.0029180184400963215,0.0524886958274915,4.364229904767485e-08,
YEM,2011,110.1,16.98851988450386,0.14393916301943674,0.030938680838986217,0.013464644452511637,0.009361137510875188,0.0615408578464489,3.778259928623759e-08,0.4637340162321401
SAU,2011,110.4,17.17295072315109,0.13941941676343678,0.01214886972022869,0.043179947722300605,0.014930474671704648,0.0660115892766216,5.633169841336985e-08,1.1786549963416462
PRK,2011,111.3,16.992000430133608,0.4971131906120532,0.014252571839126147,0.04024688069399771,0.034685434692427866,0.0552518292954561,8.033899677282271e-08,2.669540346340334
CAF,2011,112.3,15.32871357377521,0.3012938154146856,0.3176449612432408,0.0011348707904693255,0.004591122648956207,0.0360551068586887,3.559689936643037e-08,0.6931471805599453
TCD,2011,112.5,16.32402772533286,0.17116261845224226,0.10225632303337448,0.0006633869102381306,0.003599129356581035,0.0492654607797929,4.3444399056292076e-08,0.3750059006234558
TKM,2011,119.3,15.4647390788228,0.1275510202925313,0.009302522060453296,0.0029392880574579633,0.004757519037997835,0.0567225782151816,3.979149920831829e-08,1.536867219599265
AUS,2011,11.78,16.89689768284285,0.08534409476342385,0.04074811723139543,0.01194046605144279,0.01979886062241914,0.044239144177678,8.402999964694794e-09,1.5602476682433286
CAN,2011,11.67,17.293608846547126,0.15463393018584967,0.006145322764882432,0.008838398033452762,0.016141684214210215,0.0432108052222052,1.268649991952636e-08,1.3297240096314962
OMN,2011,121.4,15.026731510881666,0.12990234546641136,0.015542252026849878,0.010931606670278616,0.010958975465468077,0.0648553177364092,5.10330986978114e-08,0.9242589015233319
CMR,2011,121.9,16.859024028756473,0.21597846004565063,0.07180321144632475,0.004407632102544425,0.0036189895504618983,0.0453626762950013,3.512559938309612e-08,1.2947271675944
PAK,2011,123.5,18.962326174985947,0.5138792032431149,0.03762154381717624,0.03159489208075791,0.02944769412751893,0.0593889412746112,9.297919567743445e-08,0.35767444427181594
AZE,2011,135.8,16.02265014539788,0.13486926140384678,0.014314686253234399,0.009132354817809695,0.005026873075851395,0.0536260562614203,1.877759982370087e-08,1.6331544390514163
KGZ,2011,136.6,15.581063431190566,0.1307390600651223,0.01042787918504789,0.00783357428210302,0.010968386715820731,0.0590932503281278,1.6195499868852894e-08,1.7817091333745536
FRA,2011,13.88,17.966506308399893,0.16978324549809395,0.006860105576041542,0.0047654073883452355,0.018712641320374278,0.0509412986806055,1.5996299872059193e-08,2.0149030205422647
FIN,2011,14.33,15.446476024838251,0.13279092379513224,0.003196960272368468,0.0020806170144845736,0.024769957891829484,0.0498052814593788,7.24766997373564e-09,1.8764069432883397
ISL,2011,14.33,12.539201656939591,0.10609395262716399,0.0010392228208583462,0.001258666546818733,0.001115186947822371,0.0545171054363759,5.943039982340138e-09,1.4562867329399256
MNG,2011,148.3,14.832275115049576,0.12446415077470634,0.006446614854095351,0.012930530198781136,0.005156303389355165,0.0585181678253706,1.4039099901451836e-08,2.0681277817795625
NOR,2011,14.71,15.327196743241572,0.13252206805280642,0.005765899208595055,0.007466334425545146,0.01405484431598991,0.0517364007507887,8.293139965611915e-09,1.6486586255873816
ESP,2011,15.17,17.609498710132645,0.14748653940227022,0.012127138106016044,0.010766121767630978,0.016136848886005844,0.0561265362931929,1.2329999923985551e-08,1.3937663759585917
SWE,2011,14.83,15.984659788627777,0.12532400472094055,0.002568238251044554,0.0017037867307195206,0.007347084950920282,0.0565829408985213,7.878389968965485e-09,1.308332819650179
UZB,2011,151.4,17.135170141055728,0.15215318759588356,0.014809101943708084,0.01336140651404838,0.022967898809182676,0.0521765389917169,2.9873099553798956e-08,1.766441661243765
NZL,2011,15.74,15.195844241992752,0.0629735306159829,0.008562683367060297,0.006069218973550916,0.003763363655274007,0.0446904244636883,5.896119982617884e-09,1.3402504226184837
CHE,2011,15.61,15.879981450341683,0.18344576546784586,0.010386334799532927,0.002557907762801435,0.022700760901951895,0.049077298110873,1.4532099894409036e-08,1.80005827204275
LCA,2011,16.36,11.926848107096276,0.07831193105111214,0.0018847657126894715,0.0013512296778558374,0.0008002367251656507,0.0530828602324854,1.4614999893200889e-08,0.9042181506398859
AFG,2011,162.2,17.17673866789307,0.16168268549320175,0.015297812503847994,0.0018572542351237263,0.0032259041715834713,0.0590496382948771,1.994289980114037e-08,0.37156355643248307
BRB,2011,17.11,12.299103684610769,0.07683502856724841,0.0009951127110703214,0.0006519104601928137,0.0005402740257010526,0.0519892853440693,1.5175299884855137e-08,1.9797938434286968
PRT,2011,17.01,16.052691357814968,0.15931751784367565,0.011190240065762747,0.009904597134130172,0.01642158959306574,0.0545727775036746,1.433259989728829e-08,1.4747630091074988
JPN,2011,17.69,18.624747908106176,0.1793104947598747,0.012897276419693286,0.01356010973495909,0.029422235635196508,0.0550244153578786,2.287789973830085e-08,2.6651427000909336
LUX,2011,18.17,13.197479309966665,0.18039875940329422,0.005844800824923533,0.0028479477442217038,0.02383661120374847,0.0464797575709138,1.6778699859237618e-08,1.8373699804801074
TJK,2011,186.8,15.877005758083007,0.16005050018133252,0.018602914791584726,0.009167168816277639,0.008358228486971384,0.0554816223640463,2.4335199703899027e-08,1.7715567619105355
USA,2011,18.98,19.55284265385257,0.1712132835758855,0.017203011023854183,0.013955588199362162,0.023397822516246343,0.0451712091460622,1.5792799875293735e-08,1.3711807233098425
BLZ,2011,19.64,12.704510658688267,0.11327404720722652,0.035364465262275366,0.0008505421864225917,0.0015643727306584956,0.0508276901466566,1.4992599887610972e-08,0.7419373447293773
ATG,2011,20.26,11.1391616196766,0.07766317976428457,0.001456462842877553,0.003040838959358494,0.0005992054405574625,0.0546309063997763,1.2860599917302484e-08,1.144222799920162
URY,2011,19.82,14.98711130379155,0.07831518775449232,0.012528758305685636,0.0015501498965824808,0.0030879772867260496,0.0455353291353811,7.074209974977777e-09,1.275362800412609
IRL,2011,20.2,15.311198118282416,0.11340439226258786,0.001678348784404128,0.003498580822722204,0.00671031141678749,0.0581553786500855,9.067739958888047e-09,1.2864740258376797
ISR,2011,19.5,15.805185966796323,0.27290907737782877,0.013170646995335659,0.09629689647564142,0.04717366214327898,0.0557364867688044,4.35366990522779e-08,1.4516138272405332
GBR,2011,20.27,17.920942793459325,0.15076474372413715,0.0033436487709118776,0.008741618476375003,0.028767173452159848,0.0354366477127405,1.388899990354784e-08,1.3532545070416904
DNK,2011,20.36,15.435420277140542,0.13177011874188072,0.00212401168927005,0.002857836492409374,0.013113737842575234,0.052980143666034,1.0530099944558497e-08,1.4182774069729414
JAM,2011,20.7,14.793906644475777,0.12873651203567615,0.01391572757199116,0.008274674259141027,0.008027070692254156,0.0596048636469797,1.6903699857132466e-08,1.0296194171811583
CRI,2011,20.91,15.33415358349884,0.11170495616489998,0.031897678528977035,0.004187720246733445,0.008435504875501274,0.0456714777170032,1.2527999921524609e-08,0.7975071958841881
ITA,2011,21.32,17.86604408289059,0.2183608717135365,0.012714332232040347,0.007532741530778254,0.02945937205580887,0.0532117800260372,2.038789979216677e-08,1.4951487660319727
NLD,2011,20.87,16.61292890596867,0.1664276832070398,0.004067111079709162,0.004251503537356718,0.030005619879402586,0.0453436294917266,1.6639099861570176e-08,1.597365331199831
BEL,2011,22.29,16.222926370799122,0.18430839505631533,0.004273198866885648,0.006917470040155004,0.0311702080838675,0.0439283081229493,1.9556699808767745e-08,1.9530276168241774
TON,2011,23.24,11.057306676026142,0.050020567864640875,0.0005229092591200444,0.0002930050698217118,2.879958528796245e-05,0.0466937932012651,5.31511998587475e-09,1.247032293786383
CHL,2011,22.52,16.640682777484287,0.3237969434282035,0.02486664817700753,0.06032575268891789,0.026389143399509776,0.0491589201960126,3.6177399345597885e-08,1.1662709371419244
DOM,2011,23.03,16.102230019812247,0.13023545523537855,0.022259664150544884,0.0035172063715477046,0.011776742146201247,0.0529257782200345,1.8020999837621782e-08,0.9477893989335261
EST,2011,24.26,14.0265047801599,0.14691949888717426,0.004087308562228502,0.008782868445938148,0.01219467182091024,0.053107383669838,1.0682299942944235e-08,1.8500283773520307
TTO,2011,24.22,13.970611403384058,0.08490851226862325,0.00890908894891729,0.0011336142165374887,0.005145949859296541,0.0533485776889034,1.5887299873796854e-08,1.2484680442124871
BRN,2011,23.77,12.78228581740831,0.2841600752446254,0.11803132483007535,0.0031930148979493053,0.007504011349139701,0.0483900816588188,2.283209973934761e-08,1.3454723665996355
DEU,2011,23.77,18.20233354970546,0.17238024361679385,0.005687584980636017,0.0046481854288140815,0.025907189814691492,0.0480872422329174,1.5824799874787854e-08,2.2321626286975
AUT,2011,24.37,15.955694927415122,0.17517045853102048,0.008888741824304538,0.003702836033222558,0.020268249269598783,0.0507855075394651,1.5531499879386253e-08,2.1598687907924505
PAN,2011,24.1,15.090563855178447,0.10876165173171506,0.019637931381610924,0.0021778018670887845,0.005236653763587295,0.0509623621307369,1.3204899912815308e-08,1.1216775615991057
CYP,2011,25.27,13.856185079210881,0.12632939790835687,0.017717496096749462,0.013485154215124334,0.005600274150058835,0.0669859654945552,1.1602899932686355e-08,1.2837077723447896
KOR,2011,25.34,17.642530081232106,0.4547523315802936,0.030827789939849148,0.07562234640998217,0.07223493325389542,0.0504213388590333,8.796319613123795e-08,2.3683728335320486
ECU,2011,26.84,16.501253032988846,0.15049287162459718,0.037587520604690575,0.0015653991232138246,0.007997804130706209,0.0393012648585051,1.795079983888439e-08,0.9555114450274363
COL,2011,27.47,17.64327324850435,0.15794451896712913,0.048412159401297485,0.002777184051935888,0.0075488118897319816,0.035014193754449,1.8176499834807427e-08,0.9122827104766162
SVN,2011,27.21,14.538324447564975,0.20378318790093977,0.01679027805791821,0.009822103820552324,0.020098149311521644,0.0510329588280564,1.8534199828241716e-08,1.728109442151599
VCT,2011,29.21,10.915671021767729,0.07743739988150555,0.0013958353683898382,0.0015532960108950492,0.0005570877977737016,0.0529693097595325,1.4876799889340412e-08,1.2584609896100056
CUB,2011,28.61,16.208030807535714,0.10498434381406915,0.012400159254730423,0.0034773639557805535,0.0034680593242534543,0.0590505313053419,1.2112999926637617e-08,1.6174060820832772
MUS,2011,29.5,13.952312209956844,0.08029496908372048,0.0009377002216977854,0.0014168278252652078,0.0013301679342481584,0.0499706471539412,8.744359961768084e-09,1.4678743481123135
SGP,2011,28.99,15.281547490952226,0.22268065459405215,0.02354021517692996,0.05616909846216492,0.01843432198544929,0.0580068348629079,3.448469940540275e-08,1.144222799920162
SUR,2011,30.44,13.158589650154164,0.09005555751675386,0.031150485327115077,0.0006054756626107511,0.00025666305921884924,0.0458395848798608,1.3498399908896598e-08,1.3937663759585917
THA,2011,29.99,18.00566808433104,0.30066859337191293,0.04985183182939934,0.02056170774915239,0.014216426035911613,0.0522637588889139,3.959189921624075e-08,1.128171090909654
GRD,2011,30.99,11.309756707503237,0.07695695501666905,0.0012387933785405732,0.0007303242483117076,0.00043437864393525453,0.0526623798420361,1.4842499889850099e-08,1.4747630091074988
PER,2011,30.9,17.18727978221381,0.11387505655475963,0.04830985264784263,0.0022368294307111365,0.003903516357077295,0.0414355671532507,1.032239994672403e-08,0.9360933591703348
PRY,2011,31.57,15.634737780636717,0.1355503923222454,0.10962073810960551,0.0006342408267583235,0.002743164082685347,0.0408721323475819,1.0413299945781591e-08,0.6043159668533296
MLT,2011,32.25,12.759992442063185,0.1199584987308197,0.0021015841242755396,0.010334806437907747,0.009011177115033745,0.0648090160575588,1.1871099929538492e-08,1.667706820558076
MEX,2011,31.88,18.5983087417107,0.2300956033033472,0.06161870825462586,0.23758872915066376,0.021930688817180473,0.0530085465492955,4.1548999136840323e-08,0.708035793053696
WSM,2011,32.66,12.012749270063441,0.050116681099543536,0.0006113850660562356,0.0003917262652472121,0.00018044371905287702,0.0405517185960198,5.20218998646861e-09,
ARG,2011,32.64,17.538608796030413,0.11270725118538223,0.041719796495422776,0.0018082261732202324,0.009907617069660292,0.0413493065449782,1.1026399939209253e-08,1.682688374173693
BRA,2011,33.17,19.080546249880047,0.13683969764364354,0.041657706655569296,0.006605277047119936,0.007799595917614225,0.045540809045026,1.4808699890351204e-08,1.2669476034873244
KEN,2011,34.19,17.53691732673927,0.2980913546538332,0.03630638890195203,0.004229524935818681,0.009294312750041486,0.0474305715664125,3.465599939948085e-08,0.8754687373538999
PNG,2011,34.66,15.733277650237335,0.07813870390052162,0.11432865838151914,0.005414694049497,0.0009010639199472156,0.027829419771345,7.013179975407653e-09,
MDV,2011,35.36,7.850119133518619,0.10218347269723176,0.001086872140431632,0.0003938524299483284,0.00013258521019255724,0.0556034807563639,1.0994699939558287e-08,1.7825505301427451
SLV,2011,36.3,15.60203302299306,0.18612970325782965,0.07434831705428648,0.010436027734824388,0.014503057388755203,0.0511340837924877,2.2371399749760237e-08,0.7178397931503169
GRC,2011,36.16,16.144695250921163,0.15061014810668819,0.011133249740544783,0.012230724816913667,0.011322744108665302,0.0587636015142819,1.382899990437938e-08,1.6992786164338898
FJI,2011,36.71,13.514897114571252,0.056943397003263056,0.010408839583359149,0.0023026508634755877,0.0005339144423140706,0.0423567880201431,5.19374998651248e-09,1.0647107369924282
TZA,2011,40.42,17.65953964050442,0.14709482314202518,0.03820275771240331,0.0013040443644324747,0.0022396281595001856,0.0439463427822608,1.4537599894329095e-08,0.5653138090500605
JOR,2011,39.56,15.718956360112388,0.23487507114565037,0.016052393166324827,0.05983726534442754,0.03273539521280311,0.0585638107267837,3.7114399311260675e-08,0.9555114450274363
VEN,2011,40.84,17.181815059850823,0.12271093050191781,0.05455063882623091,0.0028203710119362006,0.007317097628731536,0.0455466391611631,1.7419799848275285e-08,0.6626879730752367
LKA,2011,42.0,16.759724182792965,0.21201794665726673,0.027563803846203192,0.01770835642928354,0.009364913985592633,0.0548820198147507,3.1991899488259176e-08,1.5085119938441398
TUR,2011,41.92,18.076786610809556,0.14991892083778713,0.01343349027733062,0.0112719729409606,0.015000312658995799,0.0552382679043812,1.6538899863232397e-08,1.2864740258376797
SYC,2011,43.07,11.06800789285663,0.07086621554839394,0.0007411702654479734,0.00035727017141118594,0.00014867394748093645,0.0480007937292186,7.797269969601291e-09,1.4469189829363254
SSD,2011,44.36,16.166778273154844,0.24162518020155319,0.17026654288176232,0.0012051285408038093,0.005894389901207295,0.0424759547466151,3.3899899425398406e-08,
NIC,2011,44.79,15.5665025624353,0.10933134586618141,0.04539953963604854,0.009124857570558358,0.0035447778448105876,0.047092899147159,1.3396099910272253e-08,0.6523251860396903
KWT,2011,46.26,14.910591154208598,0.24541838059141147,0.0470703909687808,0.1326608369258474,0.05588824829889782,0.0653376233320754,8.539489635385573e-08,1.264126727145683
CPV,2011,46.67,12.946433963266907,0.08917488092627131,0.0009637024895511753,0.0006539271430327177,0.0005378233470922533,0.0617945280806356,3.1038899518293354e-08,1.1346227261911428
HRV,2011,47.37,15.210420076812044,0.188426228643004,0.01877804965454546,0.010689607026136829,0.014372580850153846,0.0532541612445603,1.713979985311363e-08,1.9387416595767009
FSM,2011,48.06,10.372172813115677,0.05758816420625264,0.0007160026089434227,0.00016991356387278632,4.2199109605049693e-05,0.038326487378623,5.6680999839363216e-09,
NAM,2011,47.64,14.62171402066142,0.16337839435202278,0.06231348476657103,0.0017216501095660647,0.004303699784375964,0.0483141796116093,1.7407199848494693e-08,
COM,2011,48.72,13.149582921441763,0.0799427257524338,0.0016457280464055428,0.0006021606648710402,0.0004488862354970885,0.0498919069885772,7.0336799752636726e-09,1.1505720275988207
CZE,2011,48.91,16.16648155818883,0.19292634918301851,0.007311007336745841,0.01080930638248992,0.02225762602511435,0.0488811537601627,1.936019981259133e-08,2.093097868127322
ALB,2011,48.69,14.849542603735584,0.15632149732562078,0.011666534560475204,0.009307902758244025,0.009139058296204379,0.0581988207885478,1.4903199888947316e-08,1.355835153635182
LBY,2011,50.7,15.645866547180146,0.12760388045882795,0.008404105369360022,0.005520241392304778,0.008005571727488201,0.0630268848228663,3.5691899363044155e-08,1.547562508716013
DZA,2011,51.16,17.397314037806716,0.16364223954873636,0.024139879373702957,0.007503300701650601,0.02029412217905367,0.0606441599504159,2.5785199667561736e-08,0.9858167945227653
KIR,2011,52.19,9.446891242165933,0.05287236444993517,0.0004803506131695751,0.00016711203600587132,1.2799918080699043e-05,0.0339903206786103,7.265029973609669e-09,0.9516578757114464
HTI,2011,52.04,16.080078424604196,0.15669225500136003,0.019812904694347468,0.001212196992264587,0.00788942349322416,0.0572391123908191,1.876379982395991e-08,1.1704160207970933
GUY,2011,51.86,13.49554881787155,0.08816073330986117,0.03196633094338166,0.00033281361140550934,0.00020534491528969437,0.0446930302608456,1.3777899905084738e-08,1.003254488682343
LTU,2011,52.12,14.928485044732318,0.15143352971603502,0.0033595792883895107,0.004220311942306475,0.006318341176359189,0.0537538225294854,1.3684599906365863e-08,2.131796772013764
GTM,2011,51.93,16.526779205639844,0.222114443564431,0.08429752432046839,0.008055454530217,0.012600630555683206,0.0456526602067798,2.6029099661242983e-08,0.5007752879124893
HND,2011,52.81,15.838225534896859,0.15819800377929874,0.08948892458239072,0.0037910568544344612,0.006176254612085442,0.044679054149524,1.9188399815902658e-08,0.4510756193602167
IRN,2011,52.62,18.135095601405524,0.26005397009914666,0.0313122204157098,0.03069937775152097,0.03395046804592287,0.0590159982097034,3.504569938589947e-08,0.8415671856782186
VNM,2011,54.37,18.275389462784847,0.3684759422400952,0.040774652279628947,0.01058907631679375,0.014480034455829901,0.0557750060375783,5.435189852293553e-08,1.1662709371419244
SLB,2011,55.34,12.865793695866506,0.05322911837066257,0.022716097644152885,0.00024546887005164677,3.2199481591128475e-05,0.0352699843481187,5.331019985790113e-09,
LVA,2011,54.58,14.511533250274729,0.1613390480613483,0.004858787949023091,0.0032917940959893447,0.006324524962156752,0.0532354707049322,1.4186099899377284e-08,1.9286186519452522
MWI,2011,56.21,16.53887162394266,0.21780005382635817,0.04792102657875691,0.0019819596198124754,0.0056208503813714675,0.0415266623104147,2.522469968185726e-08,0.832909122935104
ETH,2011,55.92,18.313606066847804,0.24443450814536885,0.04395443179194616,0.0013452467497083722,0.00622638974198325,0.0482695552785669,3.374959943048226e-08,0.28517894223366236
HUN,2011,55.89,16.116796188021954,0.17514411044069703,0.009716893707847564,0.01882532440104496,0.016158107821291262,0.0496552467890948,1.7057699854517436e-08,2.105352923464337
BOL,2011,56.13,16.12788801289941,0.15248056453221806,0.1325853880532653,0.00047874038553216843,0.002242517676620031,0.030821419516208,9.876559951226781e-09,0.712949807856125
POL,2011,56.1,17.468904506005387,0.17103993712728371,0.004599478164496119,0.016875405984725336,0.017801291645599317,0.048913578045507,1.742979984810104e-08,2.028148247292285
RUS,2011,57.03,18.791757021338867,0.14535409276711217,0.0061352766408689086,0.012645726691028134,0.016227676138849585,0.0495622740671976,1.2510499921743694e-08,2.252343876557299
VUT,2011,58.33,12.07161219289159,0.05642475588986952,0.005387188009896779,0.0009655946633877158,0.00018016976845247116,0.0451278694775681,7.343489973036577e-09,
TUN,2011,58.24,16.141313711565218,0.1725352685683923,0.01162240838967753,0.017014685772766203,0.013158727943317246,0.0595528975390015,2.440319970224192e-08,1.0296194171811583
MAR,2011,58.72,17.30304756067744,0.15383727071975434,0.019586013641057366,0.013167595447315349,0.010918891349947788,0.0580359048632314,1.7671499843859045e-08,0.6043159668533296
SRB,2011,59.14,15.805758624973723,0.17644479825911683,0.016813072831986405,0.03207821033203202,0.011784039670155653,0.0519390529360652,1.668649986078036e-08,1.8453002361560848
SVK,2011,59.94,15.500463299607317,0.18191562858291188,0.010246297941677184,0.014078209328946458,0.01786458383591775,0.048840852659907,1.7537599846216294e-08,1.9530276168241774
ZAF,2011,59.56,17.76543377352677,0.3299295153376137,0.03583880768293445,0.04454697169047567,0.030614882256762406,0.0485307893701158,4.0966399160877056e-08,1.1786549963416462
TLS,2011,61.21,13.87677764629607,0.10276092484768483,0.03785068663384782,0.000613634687718668,0.0008163017350632533,0.0465925921876293,8.779609961459225e-09,0.3488947566197701
IDN,2011,61.04,19.274538550424225,0.33186968181114,0.05750504381239327,0.020815974470771645,0.017366135970226272,0.0526175304937244,4.833479883187359e-08,0.4700036292457355
ROU,2011,62.07,16.811657488036367,0.1715880019092392,0.010437892173847961,0.011420265810817568,0.014162892079524689,0.0499529602997479,1.5871599874046157e-08,2.0095554142156695
GNQ,2011,63.34,13.47421398693302,0.14573977512938188,0.036452652914672055,0.0017327030027723316,0.0009252528215605103,0.0457765173605815,1.8842199822485752e-08,1.1314021114911006
GAB,2011,62.54,14.2166951979261,0.17101388452791175,0.0547325048674277,0.0013646734095186205,0.0018073158204180545,0.0431339613753279,1.9623799807453238e-08,1.0818051703517284
ZMB,2011,62.78,16.478866384188876,0.1937268114053343,0.05322983518144171,0.006540197208640028,0.005020321073285841,0.0462393056600012,2.180039976237128e-08,1.0986122886681098
LBN,2011,63.03,15.143352180614427,0.2699948084462164,0.012951974874313195,0.035876284473468155,0.03212993482220714,0.0590089319553132,3.641889933683188e-08,1.4929040961781488
BTN,2011,62.59,13.697997858263832,0.37468050542013726,0.05814232935850486,0.005016952023819334,0.008062004532260813,0.0558308976019722,3.504259938600811e-08,1.0296194171811583
KHM,2011,62.66,16.49452133427845,0.22453039160649974,0.05813517842784156,0.0050604323867729515,0.006062717530951003,0.0503920911362813,2.7327999626590215e-08,0.5850050219402422
MYS,2011,63.48,17.115377003555984,0.27801200065237514,0.10142130514577626,0.00816697627471891,0.017565440384175717,0.0532166684562937,3.1420599506372954e-08,1.0647107369924282
DJI,2011,63.66,13.534438643534054,0.12051437238008318,0.006229545029634447,0.0023431566630316676,0.002503315090601441,0.060394068182777,3.1779199495041236e-08,0.8185203854830044
MRT,2011,63.91,15.096226460234002,0.10969403976401003,0.02249342639603906,0.0011800724405476057,0.001847133997139102,0.0539587667462612,8.150979667807643e-08,
BWA,2011,66.52,14.540894224413595,0.14490154413929032,0.056803907232128116,0.005472062917552454,0.004663497969825184,0.0500450450586043,1.0413399945780551e-08,1.2669476034873244
MDG,2011,66.78,16.88473802353201,0.15185767232236397,0.046687601046218795,0.0007409864017558732,0.00331019824358684,0.0421892274268928,1.3021899915215061e-08,0.2776317365982795
AGO,2011,68.25,16.892115457790993,0.26771666095697244,0.0740198719873019,0.0019954836974246178,0.007129385428344847,0.0490584783740131,2.966659955994643e-08,
ZWE,2011,67.99,16.46829028617924,0.1945912931052177,0.04721152067198279,0.0035996405134156844,0.005773448525600861,0.0448565182696202,1.861959982665525e-08,1.0116009116784799
BIH,2011,67.88,15.166814256438935,0.16220125849568465,0.020831263754527013,0.017526012283513692,0.008714566620878344,0.0544908582782293,1.379929990478966e-08,1.1939224684724346
RWA,2011,69.16,16.166037483968033,0.4363818345551091,0.04946175003372443,0.12480283599242442,0.012296940755789411,0.0464404287220795,7.037879752341237e-08,0.5423242908253617
SOM,2011,70.17,16.08762384339423,0.08604987889845188,0.026734626747403654,0.00034805142307568976,0.00036648383659424063,0.0502560218317339,1.4053499901249571e-08,0.6259384308664953
MOZ,2011,71.34,17.025570900798723,0.13672420703862276,0.04187299946101952,0.00086337918090796,0.0027845305938187107,0.0446451435296909,1.490449988892794e-08,0.6151856390902335
LAO,2011,70.68,15.66565010523733,0.3300858160671043,0.0958150859541231,0.004158828073640394,0.00654055088786451,0.0526416236532437,3.373149943109297e-08,0.8415671856782186
UGA,2011,72.51,17.351527567411274,0.3091077209068588,0.07287017010704029,0.018262713806403028,0.0066088394323072135,0.0463344831280752,3.7342799302757664e-08,0.4054651081081644
SEN,2011,73.22,16.391971093022544,0.14654373222554148,0.021881736019594894,0.025187843114222005,0.003710714774304266,0.0545353010700689,5.780659832919856e-08,0.5306282510621704
LBR,2011,73.93,15.146773744888295,0.16173753613948583,0.03888996807854334,0.0008240373879137142,0.001556101645585591,0.0480647718888796,2.515049968372618e-08,0.7047463164032972
MNE,2011,74.32,13.330624817403656,0.15344053287544712,0.015016443731856777,0.008896414292023714,0.00619872713250069,0.0586671748329117,1.2713899919178374e-08,1.589235205116581
BGD,2011,74.44,18.815713215866836,0.5134502701662189,0.047074977887578716,0.01782417438946776,0.021591172972804048,0.0571379381218386,8.345269651782362e-08,0.4252677354043441
MLI,2011,74.52,16.569805506091175,0.158810584728854,0.05236544238142915,0.0006564065180961709,0.003741651284169922,0.0457866369959581,4.17780991272952e-08,0.2151113796169455
ARE,2011,76.0,15.887586080765765,0.20292841045000634,0.04614685274555431,0.023645200831505158,0.04706166832367684,0.070269302923599,7.386539727195147e-08,0.8153648132841945
NPL,2011,77.17,17.15096171137078,0.6082688760436941,0.061614190384855085,0.012665111805353096,0.01414497152931536,0.0588008981858272,8.28666965665552e-08,0.23111172096338664
MMR,2011,78.24,17.751536779183905,0.27402836892648047,0.08617633568966808,0.0033503652531362083,0.005300350292713159,0.0484104728220698,2.993029955208858e-08,0.6312717768418579
SDN,2011,78.67,17.42237315296606,0.1335447652851082,0.02879129613358354,0.0011892315837206732,0.0031676706297193574,0.0572259572715515,4.346349905546211e-08,0.6097655716208943
COG,2011,79.55,15.147015280127501,0.24963626450698878,0.12456573748406442,0.004514935322962593,0.0038780655736465183,0.0423579003256718,2.853089959299388e-08,
SYR,2011,80.36,16.818467097059223,0.208652139373874,0.015649357536607154,0.02358999908179501,0.022390345870425897,0.0573704287914232,3.410769941833242e-08,0.9360933591703348
BGR,2011,79.73,15.811853176289203,0.16928655745571417,0.015370036492096624,0.03519341542692157,0.013956689718631825,0.0521933144878633,1.531309988275449e-08,2.004179057179289
BHR,2011,80.28,13.496068831438974,0.18954846632798725,0.023551750347139553,0.033252913321967476,0.0317887063892466,0.0740807006331144,6.210549807145351e-08,1.1184149159642893
MKD,2011,81.68,14.547788769771584,0.1780503690777572,0.017862459131648065,0.03112956406552017,0.013646802357741983,0.0545047353473021,1.7169499852604138e-08,1.713797927758343
PHL,2011,83.12,18.25979013320024,0.16343704320237334,0.03432492717295938,0.033721481597371226,0.009439450871259933,0.0503647849858274,2.259609974470814e-08,0.712949807856125
COD,2011,84.48,18.040176079588996,0.3232198923601486,0.21566376170328527,0.013663262058452714,0.005579474741703203,0.0383932224364135,3.798059927873703e-08,
BDI,2011,84.05,16.097708723612108,0.35083806153531216,0.03761563050473595,0.009991199324971407,0.009073741810736837,0.0463989041105217,4.600139894193563e-08,0.585933096252796
UKR,2011,84.17,17.576671527077664,0.141724670615471,0.004505482055465649,0.013707675067470391,0.01131808317217807,0.0509001133887415,1.2825599917751992e-08,2.2925347571405443
MDA,2011,85.11,15.20183629359198,0.14119927674112262,0.004628126680510099,0.013444613779000535,0.007335071467348309,0.054299384269252,1.286739991721501e-08,1.9726911717329554
ARM,2011,84.78,14.915621473130527,0.14309894837221063,0.010047883520494474,0.009341413817645,0.007362761228062718,0.054613560434448,2.0184699796288946e-08,1.6467336971777973
SWZ,2011,86.16,13.985465546319354,0.20570884139154388,0.039968715060858584,0.008696458945626135,0.010740552209380003,0.046557108845393,2.2824199739527953e-08,1.1052568313867783
STP,2011,86.26,11.759685303502954,0.10016815616051543,0.0014760341254655266,0.00020321035137789886,0.00015937629892292954,0.0517630111938923,1.242529992280596e-08,
BEN,2011,86.73,16.09990105155202,0.21204911987549352,0.02663502245128202,0.002080014269689158,0.004648732878094599,0.0516477222527682,4.1210999150826764e-08,0.3852624007906449
ERI,2011,88.01,15.39919376083264,0.13575002538770276,0.028962090263775785,0.0015962113765214533,0.003285047318750206,0.0573885803040822,2.526489968084242e-08,0.8458682675776092
CHN,2011,87.73,21.00677509476185,0.5246412440606796,0.02457383285341101,0.07419616683588513,0.06340756653694149,0.0529543305626619,1.0384499460810836e-07,1.3137236682850553
BHS,2011,8.86,12.46988935468901,0.09269983399603156,0.0023524168964364055,0.0023084075758953203,0.0015515397394795921,0.0622026278217985,8.901969960377464e-09,1.358409157630355
BLR,2011,90.49,16.068735102350608,0.1331068839084462,0.004069822027840526,0.0047038007629275685,0.007446064129775824,0.0506631592839556,1.0003899949960992e-08,2.457877977400081
GEO,2011,90.37,15.239390023724196,0.1340237477728319,0.015874367856558675,0.005509526646126097,0.005411477508121264,0.0521773772551203,1.4724399891596024e-08,1.449269160281279
IND,2011,92.74,20.9348106006065,0.531597100987238,0.03777030316321645,0.033000481600614355,0.027708246358546084,0.0586140881901434,9.091079586761348e-08,1.0260415958332743
NGA,2011,93.47,18.9077304832818,0.30517932750650983,0.03444546246272057,0.002972687183989459,0.009043265137972635,0.052854771145327,6.120029812726171e-08,
BFA,2011,94.58,16.59477735402446,0.16589367418573972,0.03309286077332049,0.000944415898881027,0.003994167681576539,0.0470898250204594,3.783059928442287e-08,
IRQ,2011,94.63,17.275470555102153,0.22551557823266624,0.03269081566387933,0.024107775264893685,0.022708169763568334,0.0606008353359516,5.8329198298852285e-08,0.7654678421395715
GMB,2011,98.8,14.221346797194762,0.15728120860473388,0.02342056192564971,0.011224532574633997,0.003754499039461422,0.0539933758494326,4.995589875220407e-08,0.7178397931503169
GIN,2010,101.7,16.19930155600925,0.24581254352138693,0.06635968556049393,0.001874690668844081,0.0052397216512529605,0.0492157864559339,4.4408999013920385e-08,0.262364264467491
KAZ,2010,102.8,16.605333563720308,0.13720782077309623,0.008248151283994087,0.011583799976169944,0.006820647410002628,0.0550872774392148,1.666529986113389e-08,2.0881534822818573
GHA,2010,105.4,16.99485384868408,0.2029775723017897,0.030409533470975154,0.001940116755779348,0.0038130172014564055,0.0483316970046993,3.415889941658479e-08,0.5306282510621704
NER,2010,106.0,16.605212221845466,0.1659507593774588,0.02640193720378065,0.0012939544797034698,0.0051507441131678966,0.0503237706424743,5.827329830211132e-08,0.25464221837358075
LSO,2010,107.0,14.498073047807372,0.18755915741903345,0.035585151925083006,0.024774776044130777,0.01844367492677635,0.0514802761495177,1.3645499906900165e-08,
TGO,2010,107.0,15.645616497729952,0.21448224223539106,0.027985211398578052,0.0021139879520873815,0.004632753207977238,0.048457714000402,3.732339930348192e-08,0.4510756193602167
PRK,2010,107.0,16.98674355883651,0.49352708913116633,0.017594366371963974,0.03964774600023652,0.03438193087511579,0.0557069210143104,7.957359683402126e-08,2.72785282839839
CIV,2010,108.1,16.782352292514098,0.1740650899511352,0.038775661247756964,0.0013589482114664108,0.0024426243626761764,0.0468540321345952,2.6893699638364457e-08,
YEM,2010,108.9,16.961489222519383,0.13962807515447256,0.02531097258592859,0.012337059556794167,0.008978825431193665,0.0602416609687899,3.3090699452502796e-08,0.4700036292457355
EGY,2010,110.0,18.20602834244885,0.2808263080623858,0.014958536157408688,0.04017538903597918,0.029854244031213766,0.0618597687202368,5.618099842184768e-08,0.8754687373538999
SLE,2010,110.7,15.478517225560323,0.20478686802496004,0.0488079516302818,0.0012989649795794862,0.003164832629781998,0.0498434231282068,3.836709926398284e-08,
GNB,2010,110.9,14.242072057402082,0.18033913308992897,0.0483097992888851,0.003822568666244034,0.0025840624330184733,0.0520430482329535,4.263459909114547e-08,
CAF,2010,112.4,15.308273812764067,0.2908057908096143,0.2848848215408027,0.0009765210480827649,0.003881177477188883,0.0363496122199823,3.267719946610031e-08,0.6931471805599453
TCD,2010,113.3,16.288787832943395,0.1731150710277548,0.08390356557598234,0.0006588239278478889,0.003742029864927449,0.0483756558189488,4.114589915350748e-08,0.3750059006234558
SAU,2010,113.3,17.148834449969232,0.1424314187591605,0.013016558831188987,0.04491412870661414,0.01605131461871039,0.0650536485154738,5.487689849426298e-08,1.1969481893889715
QAT,2010,113.0,14.334411196861735,0.21286613190141063,0.039404060767157176,0.01562818229432731,0.03325549792789381,0.0762794111890024,6.14201981137796e-08,0.7975071958841881
TKM,2010,115.5,15.451488641542321,0.13509783973039063,0.0105709134994428,0.003274823905937809,0.005205323764911647,0.0570730579510273,4.059859917587686e-08,1.5496879080283263
CAN,2010,12.07,17.28284612062566,0.16128934737140546,0.006228377325916113,0.009086000992065463,0.01674387269975272,0.0436713541933469,1.2513999921699903e-08,1.3270750014599193
CMR,2010,123.3,16.832752086011176,0.2177844939837142,0.06606768262396895,0.0043220594304336285,0.003573124779712263,0.0457842840336068,3.386769942648946e-08,1.2947271675944
OMN,2010,125.7,14.930218303666825,0.1326204626037232,0.016619218564328443,0.010888163228106611,0.011667338130373123,0.064087557533705,4.998769875061497e-08,0.9932517730102833
PAK,2010,125.7,18.940341100721604,0.5369909677451611,0.03768792075776054,0.03210052950847658,0.03163237129885535,0.0592639749745157,9.533929545520922e-08,0.35065687161316933
ISL,2010,13.31,12.531402138871293,0.11087498995718698,0.0011831238328971132,0.0014062627488792376,0.0013079812194904579,0.0538794813315523,4.475259989986024e-09,1.5216989981260935
AUS,2010,12.94,16.880730736722473,0.08671524256282502,0.03870079340304411,0.012819091230333687,0.020849727914541344,0.0439677527203426,8.978319959694886e-09,1.5602476682433286
AZE,2010,130.2,16.00837168372148,0.14473195485521284,0.019664235367517317,0.010059993156869538,0.005551741524254647,0.0534355639197016,2.0865399782317546e-08,1.7047480922384253
KGZ,2010,131.7,15.563772096170426,0.1303701652061822,0.009705490981342636,0.007684007255058233,0.01032315837405289,0.05822473432858,1.6795399858957273e-08,1.80005827204275
FRA,2010,14.27,17.96168853943023,0.17206230517968135,0.006334806675942409,0.004978787243864868,0.018192896099325676,0.0509194577623723,1.575039987596245e-08,2.0241930674493576
NOR,2010,14.23,15.314072700313538,0.1385104674330526,0.005964342892162861,0.008014118990315126,0.014625673494824139,0.0504330859149168,7.060579975074105e-09,1.667706820558076
UZB,2010,142.7,17.119724184075128,0.15745398589927156,0.015365880849097735,0.013856939615550136,0.02303372324764232,0.0520359262895076,3.058639953223608e-08,1.7783364488959144
MNG,2010,145.6,14.814275372860381,0.12872327462862193,0.007342324047079833,0.011581162699957832,0.004529192704176929,0.0593416402966907,1.66067998621071e-08,2.028148247292285
ESP,2010,15.18,17.61172836297978,0.14339226910548053,0.011516375252396566,0.010788737707739176,0.0146970325671337,0.0573671066580819,1.1531599933511102e-08,1.4085449700547104
SWE,2010,14.84,15.976490241290982,0.13299443436323496,0.0026086275705771455,0.0017170430375330913,0.007637683497024957,0.0547303719798418,7.321459973198112e-09,1.3164082336557241
FIN,2010,15.22,15.441499345887367,0.14044815817957657,0.003375633134224616,0.002225959712422538,0.024890795877595708,0.0480624034331323,7.823619969395486e-09,1.925707441737794
CHE,2010,16.23,15.86817914241787,0.18464808416245787,0.00846711162517919,0.0025803739697431325,0.021372553140986066,0.0493023392590341,1.4227399898790547e-08,1.8229350866965048
AFG,2010,167.7,17.144751112101165,0.166288910530554,0.014601344635304927,0.0017999541102373465,0.003279359019576955,0.0585384817611234,2.1151399776309144e-08,0.3663777194001176
NZL,2010,16.62,15.188820631886458,0.06527396625649964,0.010077075295999362,0.00630199663924013,0.004002455478049117,0.0451180620595353,5.42815998526754e-09,1.3217558399823195
LCA,2010,17.24,11.918899843378258,0.0805399163525046,0.002263082296421417,0.001542600579690112,0.0009697006882793276,0.0517089247554566,1.2808399917972446e-08,0.8576017355254755
TJK,2010,176.6,15.853682666496454,0.16341304056132075,0.018026526452653267,0.009204027685748944,0.00791002014106668,0.0550723925489195,2.5180499682971213e-08,1.7900914121273581
BRB,2010,17.56,12.296382663516551,0.0787308814517999,0.0010527506635112697,0.0007197768984468559,0.000645840400183766,0.0503612129493576,1.3289599911693267e-08,2.063058062429312
JPN,2010,17.94,18.62585945332471,0.18709223067814026,0.01420016571642453,0.014036564875188161,0.030981486833102378,0.055268446974139,2.4350599703524144e-08,2.6741486494265287
PRT,2010,18.03,16.057178852524952,0.15257352677496358,0.01168520528589389,0.009649851060171022,0.01400190519929317,0.0571683490934218,1.4336299897235251e-08,1.4747630091074988
LUX,2010,19.13,13.175756209219884,0.1832069630394677,0.006331461925911987,0.003052382736334091,0.023855753252963196,0.0468443105764488,1.647509986428554e-08,1.8500283773520307
USA,2010,19.22,19.545246986556016,0.17340635168822852,0.017360582243628214,0.014337762281459101,0.024096445649877535,0.0454662638206548,1.566509987730232e-08,1.3937663759585917
ISR,2010,19.45,15.787059086865227,0.3086252299783711,0.017116782465489186,0.10899312892174869,0.054818019140478125,0.055638802584951,4.913759879274817e-08,1.4539530095937054
BLZ,2010,20.38,12.681542899269562,0.11165556499291573,0.03688765233604725,0.0007772058972363699,0.0011058892789735336,0.0506689342378775,1.3174099913221546e-08,0.7514160886839212
IRL,2010,19.98,15.307966200793262,0.1226028363998924,0.0019176062173926014,0.0038718566795443586,0.007582037570097413,0.0567009930211257,7.257279973665943e-09,1.3164082336557241
JAM,2010,19.65,14.790122509801664,0.13686062108825586,0.013428627036423092,0.008458618803770149,0.008522200669453419,0.05997746807704,1.8822199822862394e-08,1.0331844833456545
URY,2010,20.74,14.983831582271884,0.08693919063425751,0.01579906686987037,0.0016355687279555535,0.003410887304457558,0.0457399310789966,7.177059974244905e-09,1.2837077723447896
DNK,2010,21.34,15.431189488665645,0.13773945156221856,0.0023373372977318068,0.0029408215422943476,0.012226531411332585,0.0525435235310016,8.837959960945231e-09,1.5040773967762742
ITA,2010,20.85,17.865250318231368,0.20724057708550148,0.01057784085826913,0.007522963416730672,0.026697561336704895,0.0543188946680429,1.9166199816328388e-08,1.5238800240724537
NLD,2010,21.29,16.60922660751623,0.17002665833892183,0.004198198220780353,0.004278572839196662,0.028781682886774212,0.0458907609546913,1.5422199881077876e-08,1.6253112615903906
ATG,2010,21.52,11.128337553660403,0.08689627744926513,0.0020558203524756605,0.0036864546684997035,0.0009532455170922793,0.0540249850285138,1.4111499900432785e-08,1.4955223883042061
GBR,2010,21.95,17.91448615852255,0.1642082764972571,0.0037892596789388293,0.010268357505053855,0.03287244489356456,0.0332345716568763,1.373519990567214e-08,1.366091653802371
CRI,2010,22.39,15.32266559394677,0.11794826022827432,0.030294074581021072,0.004023915183231937,0.008042057792396659,0.0459701646127378,1.2415699922925199e-08,0.8020015854720274
TON,2010,23.28,11.04903781493702,0.05140493315571135,0.0005303643319703508,0.00030057082406378477,3.0099547004090096e-05,0.0447565502735735,5.888589982662254e-09,1.247032293786383
BEL,2010,23.59,16.216391919776022,0.1922703950717514,0.004582798917287535,0.007445776281073548,0.03243200365205586,0.0434824167387874,1.9503499809806745e-08,1.958685340544036
DOM,2010,23.9,16.089776227759177,0.13719741678867384,0.02329936246801311,0.0037800127415407174,0.012225408227629358,0.0525346151474329,2.0094499798105536e-08,0.9555114450274363
PAN,2010,25.25,15.07376143743451,0.11181454135510745,0.017462218124970643,0.0021222883520604337,0.004829468321613326,0.0502494830508461,1.3007999915395968e-08,1.1410330045520618
DEU,2010,24.87,18.201699839664037,0.17850833067961075,0.0059154223392334365,0.004952478209761546,0.025598226788261697,0.0478323317643204,1.5269499883421184e-08,2.234306252240751
AUT,2010,25.05,15.952004417786664,0.18193844925096386,0.007442461052116216,0.003823904549072056,0.020042988603164634,0.049825132614473,1.4985999887709904e-08,2.157559320943788
CYP,2010,25.95,13.845165491507387,0.13662455722967384,0.01906724422321858,0.015318546659795805,0.006896649347717677,0.0667974513081404,1.510669988589381e-08,1.2864740258376797
CHL,2010,25.53,16.629618943696705,0.32181353229655363,0.02506375248992556,0.060089163660771126,0.026131479363931225,0.0500534299865101,3.4846299392867704e-08,1.1085626195212777
KOR,2010,26.31,17.637488706633675,0.4665157756248278,0.03615963378821516,0.07614826091975876,0.07553672357357458,0.0523516751088897,8.999869595011723e-08,2.2905125117597764
BRN,2010,26.86,12.767653672546212,0.20663507233286635,0.11871981363174064,0.0030486421644171898,0.007048472055381148,0.0468580277137851,1.9977899800441757e-08,1.3376291891386096
SVN,2010,27.38,14.536957948099316,0.2036224443074745,0.012715649377621574,0.009866391686810468,0.018829660980673867,0.0513121492531614,1.7341099849643127e-08,1.7191887763932197
TTO,2010,28.22,13.965085447670683,0.09098211176103099,0.011459364955592844,0.0012361126978103845,0.005950734208402893,0.0529645166564512,1.5681899877039005e-08,1.1151415906193203
ECU,2010,27.91,16.48517835507387,0.16283033610570372,0.04079338163091031,0.0015732378121570256,0.00786305400567357,0.0393168277804163,1.649309986398883e-08,0.9477893989335261
COL,2010,28.39,17.633274621703634,0.17912419735038856,0.051713907767339425,0.002885917730629697,0.00755958023550896,0.0349621737215105,1.993619980127397e-08,0.9202827531436926
EST,2010,29.08,14.030031351929518,0.15968232062418586,0.004959306286558228,0.009560451889944407,0.011980029027445872,0.0513022864264901,1.1785399930552173e-08,1.8357763546448294
WSM,2010,31.29,12.005539723910104,0.052197673913077204,0.0006431091609658913,0.0004204505982581245,0.00021851512383125885,0.0386084245351216,4.9519999877388485e-09,
VCT,2010,31.45,10.917068502644069,0.07957116513020866,0.0015737290386119201,0.001722521607478843,0.000658994815211499,0.0516272977345755,1.3061199914702528e-08,1.4154485507724637
MUS,2010,31.25,13.94840202212825,0.08066395834967442,0.0009080406063146838,0.0013116863631882586,0.0012201363308319206,0.0501694881624617,9.232389957381487e-09,1.4816045409242156
SGP,2010,31.42,15.260726218128484,0.20918899460650056,0.026832691718295703,0.060407559201226285,0.021033586022187828,0.0558798409629252,3.595399935365496e-08,1.1600209167967532
MLT,2010,31.02,12.758247446431243,0.11923101083416396,0.002010066462160623,0.00978833555442035,0.007182003558725521,0.0659441989646839,1.478809989065605e-08,1.691939133945844
SUR,2010,31.59,13.148848372960112,0.09237705603580135,0.03373524641439462,0.0006269464280103134,0.00027558402323455246,0.0442421520313115,1.2418299922892914e-08,1.3787660946990992
CUB,2010,32.17,16.206632517213976,0.10717453103659559,0.011414327993133246,0.0034157606417571,0.0032554103969157262,0.0593111821386317,1.2168599925962587e-08,1.715598108262491
GRD,2010,32.35,11.305627334272705,0.07946038738875433,0.0013966991614614472,0.0007734478121105365,0.0005456281179016224,0.0516061445720045,1.3431399909798748e-08,1.4855739252117144
PER,2010,32.07,17.173607692831414,0.13215262831569888,0.05693351688585769,0.002225070693151695,0.00380343476312044,0.0421936551735268,1.0979399939726388e-08,0.9521403847678523
THA,2010,32.17,18.002149358273822,0.296754171237384,0.06125041467311591,0.020249014905306555,0.014120876480552503,0.0511049172456751,4.172729912941624e-08,1.085189268335969
PRY,2010,33.23,15.621151206287047,0.14959071353719047,0.07869492597753948,0.0006713346044886278,0.002833269498648674,0.0423602266152138,1.5004899887426488e-08,0.6097655716208943
ARG,2010,33.18,17.527999662623156,0.11633253708065734,0.037577171932881806,0.001847087083873169,0.010353817758209335,0.0416732853299042,1.1039899939060303e-08,1.7303272297095538
BRA,2010,33.03,19.071295339432567,0.14967738669642386,0.044786057470675565,0.006487323737895724,0.007929823675884198,0.0465150353230422,1.6810399858705228e-08,1.2781522025001875
MEX,2010,32.72,18.584235395759567,0.21569441606976886,0.05460057006714826,0.23394284446915875,0.02093139392093786,0.0517906757546348,3.904599923770496e-08,0.7178397931503169
KEN,2010,34.5,17.508974892183765,0.2899625591641735,0.037696572432994326,0.004173471937843306,0.008860375681644248,0.0459194444202849,3.42679994128521e-08,0.8754687373538999
PNG,2010,36.1,15.710443132712019,0.09419494270400006,0.12243971248749175,0.005522270159979798,0.0012541152685969555,0.02588026,9.145189958182749e-09,
GRC,2010,36.45,16.148710313059333,0.15464346467457288,0.011610235617004533,0.012616733236710675,0.012524174090864093,0.0591220630336176,1.4865499889508456e-08,1.7011051009599243
SLV,2010,37.25,15.598991079416633,0.1859070022288466,0.07052690119482316,0.009987128195939542,0.013585130818192442,0.0511299017436984,2.1327099772577406e-08,0.7466879474879751
FJI,2010,37.55,13.50642125713229,0.060147708111170296,0.010270803258776946,0.002228337411033197,0.0006061882307833936,0.0416739006637856,6.034659981791439e-09,1.1600209167967532
MDV,2010,39.48,7.814601552028292,0.10070423207532087,0.001055389880124811,0.0003619474891039693,0.00013036250243972844,0.0528540481839733,1.0855599941077974e-08,1.7825505301427451
VEN,2010,40.23,17.167545547288686,0.1432315831605565,0.06352362036246394,0.003078773708608491,0.008085148917946521,0.0461031545178129,2.1456799769802872e-08,0.6383389440649502
TZA,2010,41.49,17.625797683908075,0.14994830477662976,0.04025078629189281,0.0012787650313712026,0.002425140967035946,0.0440850180815897,1.5407499881304473e-08,0.5538851132264376
JOR,2010,40.82,15.686655543578356,0.2376465588315225,0.01898207799256242,0.059569850210981504,0.03224430760500411,0.0600449951925023,3.7160399309552354e-08,0.9593502213346021
TUR,2010,42.95,18.05932166944027,0.15622506109568035,0.01679575431847792,0.012120700628512617,0.01516966560546193,0.0561971431805392,1.7390299848788732e-08,1.3164082336557241
SSD,2010,44.39,16.122623791438475,0.2284239653567874,0.14635379093269546,0.0010143593635467342,0.005343542811672541,0.0401292661408447,2.995669955129807e-08,
CPV,2010,44.03,12.934316904505497,0.08962525848959865,0.0009806250300709973,0.0006778851839120096,0.0006332264697941982,0.0601453102726387,2.03994997919302e-08,1.1085626195212777
NIC,2010,43.73,15.554588863141527,0.11463962208235082,0.04462157528227397,0.00950288918191335,0.0034170871022557725,0.047092558523702,1.2666699919777356e-08,0.6418538861723948
SYC,2010,45.9,11.062063067876528,0.06973860349304051,0.0007408125306246349,0.00040928123300845747,0.0001790489697764936,0.045298713315175,6.619559978090713e-09,1.4973884086254776
LKA,2010,46.62,16.754317471519162,0.2111683888163627,0.027205443029735415,0.01763238480696168,0.00874030699027411,0.0545948999217671,3.0734699527689115e-08,1.4973884086254776
HND,2010,48.24,15.823147641402363,0.1421908250326475,0.0788182155196913,0.0036022391390530045,0.004943784334802329,0.0451491280976007,1.4277299898079353e-08,0.4762341789963716
FSM,2010,49.22,10.366405197892377,0.06622111852630769,0.0007676612726731254,0.0001788380075301917,3.779928559800287e-05,0.0404979215057354,6.492669978922618e-09,
NAM,2010,49.36,14.597833696949545,0.14537752543278226,0.06302791512160286,0.0014739521985593165,0.003131387085936526,0.0490262450054681,1.556149987891986e-08,
COM,2010,48.85,13.12392126326973,0.07989280782373068,0.0017868426454148508,0.0005593945097126762,0.00041207508539866684,0.0487759866959468,6.577239978369958e-09,1.1505720275988207
HRV,2010,48.8,15.214119048023438,0.18220478330953002,0.01292919161881056,0.010704341565136126,0.012929593390420598,0.0541072773945419,1.5541299879234e-08,1.9125010869241836
CZE,2010,49.65,16.16576936927681,0.20319310278901048,0.0068787450924759795,0.011366001585652813,0.02315952484093681,0.0481801954488305,1.911299981734662e-08,2.122261538862764
ALB,2010,50.08,14.850056612172123,0.1449571949539024,0.010044094774025946,0.008537831765660269,0.007505380038900333,0.0597806353058848,1.3713199905974073e-08,1.3787660946990992
KIR,2010,51.47,9.4312117438447,0.06084622925969143,0.0005447296078838442,0.0001699845518074285,1.4199899180954418e-05,0.0373476939320141,7.302019973340252e-09,0.8415671856782186
HTI,2010,52.31,16.06623074797054,0.15443273376059333,0.01886942533197742,0.0011673703580065429,0.00722062641945862,0.0573828502550997,2.0105399797886446e-08,0.5068176023684519
DZA,2010,51.51,17.37745464491216,0.15507209376645253,0.02113176908594945,0.006281930293987386,0.017726187692704364,0.0618313608494309,2.4839999691487204e-08,0.9969486348916096
GTM,2010,51.82,16.505192206753055,0.22216088225307956,0.07584666860178241,0.007774211356356266,0.011964397298598288,0.0468908888666401,2.473359969412452e-08,0.44575362702227583
KWT,2010,51.94,14.857466597274978,0.2635908265479615,0.05651785895068515,0.1514531865757896,0.06403611464005975,0.0672332169941695,8.948969599579703e-08,1.252762968495368
LBY,2010,53.12,15.645419111869689,0.12613287672783322,0.00844640944096217,0.005243808174420125,0.007433893020262293,0.0634612948576839,4.4398399014391066e-08,1.547562508716013
SLB,2010,55.48,12.842480412692518,0.05596957895571009,0.021541465620584985,0.00031468848038587505,3.9799208001014304e-05,0.0351615208676756,5.5754999844569e-09,
GUY,2010,54.56,13.491644468925486,0.09327011027685365,0.035091499673322896,0.000362749198553241,0.0002961881319642848,0.0432024173953039,1.370669990606319e-08,1.003254488682343
IRN,2010,54.6,18.122106953636344,0.25440176078380106,0.03506564858521527,0.03060549504416174,0.033342916935013,0.0596371452846073,3.58215993584065e-08,0.9707789171582247
LTU,2010,55.82,14.94416465195026,0.1629570788463286,0.003940061752334441,0.004407083525654901,0.006753384477308667,0.052662198156532,1.415589989980525e-08,2.0992441689760155
VUT,2010,56.59,12.046495209126059,0.05539902413227333,0.005415656821774471,0.0009690303384084297,0.0001470731842090122,0.0430188044623468,6.965429975741392e-09,
ETH,2010,57.22,18.286945397387793,0.2466713015206303,0.04407444261200183,0.0013480329951117394,0.006344227761095889,0.0465790755265946,3.313949945088678e-08,0.28517894223366236
HUN,2010,56.88,16.120031843327542,0.17550965588835257,0.007721866501586486,0.01900338151375633,0.015539989464263538,0.0489766093347018,1.604669987125171e-08,2.1041341542702074
VNM,2010,56.53,18.26383194320163,0.3654706308232793,0.04478396625464449,0.0100531483395464,0.014096942555537824,0.0545053536998021,5.396739854375992e-08,1.1052568313867783
BOL,2010,57.91,16.11175488170249,0.18860415073892237,0.1327950218200781,0.0005475420714771719,0.0025175562940621963,0.0338725839720756,1.487169988941627e-08,0.7227059828014898
POL,2010,57.92,17.468727540547988,0.18313597673065493,0.0046591184318543095,0.017912447914485412,0.01913524680421518,0.0479584455261171,1.7280699850688706e-08,2.028148247292285
MWI,2010,59.06,16.506148421031423,0.20947814593351075,0.0471383893115661,0.001841947572539203,0.005045000556753902,0.0419645101507085,2.472879969424323e-08,0.832909122935104
MAR,2010,58.72,17.288901327060533,0.14139494655861085,0.016679118924808625,0.011526045198654942,0.008966920731230467,0.0588742464671635,1.675589985961991e-08,0.6097655716208943
LVA,2010,60.32,14.523174631692596,0.175384521103387,0.006015887209175651,0.0034289434482622887,0.00691462081383269,0.0510460613765204,1.5122899885648948e-08,1.8991179875485542
TUN,2010,60.11,16.12994415241259,0.16700367816201064,0.010933099263205355,0.01601872047913114,0.011896397422812966,0.0602377031935118,2.7711099616047477e-08,1.0367368849500223
SRB,2010,60.12,15.815044222047257,0.17097385278619165,0.013019465741606047,0.03221869750390555,0.010628130797848754,0.0524836366067921,1.5719799876443946e-08,1.8421356765531218
GNQ,2010,62.3,13.442881028083919,0.14758107141523016,0.038074646092319635,0.001750872328088078,0.0008726281492842429,0.0454439562786033,1.7412999848393717e-08,1.1314021114911006
ZMB,2010,62.17,16.446239053938918,0.1822225943973382,0.05265902000960812,0.006023473404977161,0.004395667880931242,0.0463234946980633,2.0576899788295597e-08,1.0986122886681098
GAB,2010,62.84,14.19259165096485,0.17111369941897558,0.05772752009048373,0.0013610623342921772,0.0017350349559637271,0.0431154466207671,1.935159981275779e-08,1.0818051703517284
DJI,2010,63.34,13.520160279829627,0.1146270572358307,0.006027975196529427,0.0023741794043197016,0.002471059416355865,0.0583445386641469,3.017489954473771e-08,0.8185203854830044
TLS,2010,63.05,13.852853027552706,0.09019296187657178,0.04679925028163352,0.0005903726957402579,0.0007859410673903207,0.0389423544889505,7.553839971469751e-09,0.3646431135879093
ZAF,2010,63.08,17.75438448262585,0.32773968074330523,0.034930983095956956,0.04373990160575454,0.029958905684631436,0.0497669111368102,4.0863899165070865e-08,1.1786549963416462
MRT,2010,63.5,15.070075065570267,0.1126683039103427,0.02122487914185453,0.0012351808499568551,0.0021135349107215527,0.0521210452436935,6.693289775999355e-08,
LBN,2010,63.82,15.077298340044893,0.29629929555708956,0.016828407706427226,0.03772412748124924,0.035901783710453515,0.0583052873657826,4.050529917966036e-08,1.4929040961781488
IDN,2010,63.55,19.261593394305272,0.33399517623871183,0.05869025330788959,0.021159600309356676,0.01963199803395272,0.0486822356456229,4.9647498767562914e-08,0.44468582126144574
ROU,2010,64.1,16.82020136674431,0.17228477472065415,0.008312019256283165,0.01136098986117126,0.0133342158824756,0.050565508819565,1.5262599883526522e-08,2.0268315914075385
BTN,2010,63.64,13.684369004540685,0.36990186210009923,0.05727409364878152,0.00474816559922984,0.007710202846856255,0.0568405609849687,3.4304199411610944e-08,0.9895411936137477
RUS,2010,66.33,18.79139733049675,0.21346184245892205,0.00983608769400351,0.013575741203048124,0.017742921282835243,0.0511181034271019,1.595139987277642e-08,2.2710944259026746
KHM,2010,65.85,16.478038568549596,0.21990421111239483,0.06552009517361597,0.0051541574805737565,0.006079572888364634,0.0491601723499333,2.8814999584847894e-08,0.5877866649021191
BIH,2010,66.32,15.168126132249727,0.15781910264315432,0.014235441588603386,0.017360043674977267,0.007727586147794948,0.0553355781501285,1.2673199919695001e-08,1.1817271953786161
MDG,2010,66.98,16.85537158005612,0.1514905757426631,0.04433008038524827,0.0007137991847365656,0.003223347429427267,0.0432001820765478,1.3265399912014582e-08,0.28517894223366236
SVK,2010,66.84,15.499766088265433,0.18411949619846893,0.008441346373887493,0.014193442840491165,0.017544688894315843,0.0480543061939359,1.638109986582978e-08,2.0095554142156695
MYS,2010,66.73,17.099639805741866,0.24275606642256556,0.10802489683980933,0.008268053251023016,0.0182832854453752,0.051053063567293,3.0315199540494335e-08,1.068153081183401
BWA,2010,68.3,14.52030902786752,0.16283732600422718,0.06014892469049563,0.005530914255336944,0.005127795356600674,0.0502366884313338,1.311269991402855e-08,1.244154593958768
ZWE,2010,69.56,16.44521076666398,0.1888356969708462,0.0499016138993322,0.003320619635073312,0.0053253073473082165,0.0451553569737278,1.8763699823961783e-08,1.0224509277025458
AGO,2010,70.61,16.858806194903824,0.25926035539876907,0.08275271290538978,0.0018574099456488287,0.006775039501606252,0.0472529404307685,2.8821199584669224e-08,
MOZ,2010,71.21,16.9959349907958,0.1404318414209409,0.042387809911246674,0.0008168902542845401,0.0027755575739164327,0.0443482589376985,1.6337799866538147e-08,0.6151856390902335
RWA,2010,72.11,16.140660661319576,0.4265201716935171,0.0496828018403334,0.1219643519788227,0.012085146551325308,0.0467780080778758,6.805879768399998e-08,0.5538851132264376
LBR,2010,71.79,15.12053268168198,0.1534072052327881,0.037889075956355704,0.0008108231940121905,0.0014921641691089276,0.0468127319551856,2.3999899712002407e-08,0.5877866649021191
SOM,2010,73.1,16.062241605824227,0.08455680440627113,0.02904225914738991,0.00033452903892103124,0.0003161240275339142,0.0484172052312699,1.3341399911003524e-08,0.6259384308664953
UGA,2010,72.9,17.316657336753135,0.3002685545633717,0.06563910308751016,0.01814763600426193,0.006393506907179997,0.0464268128749041,3.682829932183818e-08,0.4054651081081644
MNE,2010,72.88,13.329072605989992,0.14432522517958946,0.012335999712575277,0.007999600702835178,0.0050209777679616025,0.0597436320205408,1.1831499930007806e-08,1.589235205116581
SEN,2010,73.56,16.359093183170348,0.15585408820309166,0.02335437901853967,0.027135186101798946,0.004164589048184511,0.0535647770165109,5.288859860139805e-08,0.5306282510621704
NPL,2010,75.47,17.138623206424782,0.5949970541219728,0.06642874011005445,0.012353795661785376,0.013603224174452944,0.0594327760733213,8.066819674632093e-08,0.22314355131420976
SDN,2010,76.09,17.39981653079423,0.13966748487071082,0.027727591646941756,0.0011487888892921713,0.003607549959555853,0.0559163702721304,3.842369926180965e-08,0.5423242908253617
MKD,2010,76.3,14.5463530436417,0.16329496710268493,0.015370333885791265,0.03086655549724037,0.012254320174747504,0.0553570832909464,1.552899987942508e-08,1.7227665977411035
LAO,2010,76.38,15.648804417498438,0.4494457976545651,0.13181347685185427,0.005387423736538352,0.01092746122654751,0.0511310423365998,5.583639844114828e-08,0.7227059828014898
MLI,2010,76.61,16.538221777189694,0.16085230710389511,0.05180892312819987,0.0006367462340821634,0.003994892779358887,0.0440676429495452,4.498459898819291e-08,0.22314355131420976
ARE,2010,76.98,15.867380819883076,0.21271088541219205,0.0509807858618475,0.024312189994968522,0.05235244029444882,0.070308747840165,7.51003971799651e-08,0.8197798314933114
COG,2010,80.81,15.118591559577341,0.2508098127616856,0.11547396825542414,0.00459324189461415,0.004129824523236916,0.0423940685934717,2.9120999575983687e-08,
SYR,2010,81.19,16.839647608905903,0.21018574437515766,0.01941176464481507,0.023497729245416696,0.021821902872577258,0.0589315582813349,3.614489934677311e-08,0.9321640810304452
BGR,2010,81.8,15.816427250897993,0.16856892217877795,0.013202334382787787,0.03491646217973788,0.013334759583942105,0.0525829937084173,1.5607699878199852e-08,2.0255131996542803
MMR,2010,82.66,17.743130548576303,0.32261454364727765,0.10252455261339818,0.003676670754977497,0.00677221370745389,0.0484813951532403,3.797809927883198e-08,0.6259384308664953
BGD,2010,83.1,18.803316400249326,0.48071541516789984,0.041285000276545275,0.016377542895403944,0.018592608263432748,0.0561333259108516,7.530769716437531e-08,0.43178241642553783
ARM,2010,84.08,14.911876328432282,0.14955650474749888,0.013245634973621526,0.00942333359866364,0.007106851400453803,0.0556614866845955,2.0634899787100453e-08,1.6389967146756448
COD,2010,86.35,18.006395668231722,0.3188920924786982,0.20834273035866924,0.013756526606073677,0.005741839046663577,0.0382462211704332,3.925989922933014e-08,
BDI,2010,86.3,16.062753083001297,0.3543717207554149,0.03935873055151892,0.0093077026296971,0.009407415184292427,0.0468297055326259,4.6893498900499866e-08,0.585933096252796
STP,2010,85.74,11.737902214948516,0.09946707701385546,0.0015247769365845263,0.00023051742881583827,0.00017593452261422074,0.0511707169871256,1.1121199938159456e-08,
CHN,2010,85.86,21.001727071181534,0.5147391774151923,0.023028304495228896,0.07176525062332657,0.060529185733144954,0.0523629968968942,1.0068499493126574e-07,1.2556160374777743
GEO,2010,87.04,15.25139208936935,0.13890456188604994,0.02356878132851836,0.005750661206396513,0.005377250639198296,0.0526001223877537,1.4631999892952289e-08,1.4883995840570443
BEN,2010,86.9,16.07172577871801,0.20633646581138732,0.026869444498498398,0.001968932379857038,0.004541077681789796,0.0500635314697167,3.800469927782141e-08,0.35767444427181594
PHL,2010,86.62,18.243239989958152,0.16181617782565189,0.04300305300203964,0.035651702767407804,0.009938659497929369,0.0489100453161752,2.20020997579538e-08,0.7030975114131134
ERI,2010,88.54,15.376469397634994,0.1377955773024466,0.031052253478165485,0.0017602698156406016,0.003468517731604211,0.0558028905793856,2.398039971247021e-08,0.8197798314933114
BHS,2010,9.18,12.455631266616717,0.09687964482225493,0.0024084752934824924,0.0022510255399044664,0.0013541567157924087,0.0638013261588297,7.730309970121154e-09,1.366091653802371
BHR,2010,89.79,13.477189306969082,0.2155544145270011,0.030094184141793445,0.03720617090190692,0.03747034272529231,0.0738063179179653,6.544709785833864e-08,1.0152306797290587
SWZ,2010,91.41,13.969893602221399,0.21746156898295008,0.03731966210795599,0.008958955444503005,0.01140740543789319,0.0470202464862089,2.56191996718283e-08,1.1052568313867783
UKR,2010,92.18,17.58045524190999,0.1492043396888596,0.005248382116036106,0.01340771058828049,0.010989278089244148,0.0518106384199696,1.2746999918756997e-08,2.325324579963535
IND,2010,93.24,20.921862058864534,0.5160864849367337,0.03831164141890878,0.03138993537310163,0.026296360046011855,0.0586232404108485,8.637249626989584e-08,1.0331844833456545
NGA,2010,93.81,18.879542650837333,0.29717164147745034,0.032354123726374646,0.0028228161031402877,0.008597262403432077,0.0524996805295566,5.770359833514734e-08,
BFA,2010,95.48,16.563635677154622,0.1722412895160816,0.037842740145949835,0.0009777118839287872,0.004332890457870732,0.045593578391038,4.146389914037252e-08,
BLR,2010,95.77,16.068647480650323,0.1459293223207408,0.005053732355202686,0.0049638526732468415,0.008320569850518723,0.0502907778075355,1.082899994136638e-08,2.474856313934499
GMB,2010,97.19,14.184183782789074,0.17269890051627526,0.026978560745685276,0.01201889682528714,0.004295467257019093,0.0526428093722275,4.916669879131785e-08,0.7178397931503169
IRQ,2010,96.61,17.24020413956475,0.23341509631516355,0.042219529513146094,0.024647909152163305,0.02314463264837993,0.061874063121434,6.13442981184385e-08,0.7419373447293773
MDA,2010,98.28,15.20285512991966,0.14696563596701845,0.004793989447713561,0.012883405379509836,0.006706705687173468,0.0547136037542876,1.2705999919278782e-08,1.9544450515051506
