Country_ISO,Year,Population (GPWv4.11),CO Population-Weighted (ppm),VOCs Population-Weighted (ppm),SO2 Population-Weighted (ppm),NOx Population-Weighted (ppm),O3 Population-Weighted (ppm),PM Pop.-Weighted (kg m^-3),HospitalBeds,mortality_cluster
SLE,2018,15.64884091242392,0.2380962311152125,0.0616213747754675,0.0015992175696442,0.0043540851985535,0.0512185362135107,4.9369198781341096e-08,0.7701082216960736,2
GIN,2018,16.41588071909455,0.2354645921886261,0.0725504733104222,0.0020741973645734,0.0048575927695596,0.0500226381651389,4.56858989563993e-08,0.262364264467491,2
CAF,2018,15.467492656614825,0.2950000471390657,0.2610919592765459,0.0010546916172093,0.0042156287376435,0.0365379233166061,3.3124799451373825e-08,0.6931471805599453,2
LSO,2018,14.589626220613274,0.1733381793156521,0.0302213982103244,0.0235796236918506,0.0175752436159277,0.0519240836526349,1.1726199931248117e-08,0.7701082216960736,2
TCD,2018,16.550888943938283,0.1694583197876723,0.1019198612892188,0.0006056485578802,0.0033739438448496,0.047605978127042,4.279679908421699e-08,0.3750059006234558,2
EGY,2018,18.373053255333687,0.2943958403405572,0.0142039693120895,0.0460139683873074,0.0367262333700823,0.0645564677550749,5.854709828611862e-08,0.8064758658669485,2
CMR,2018,17.031354475643468,0.2310039913512365,0.0747894052111839,0.0047332654045152,0.0039309108365959,0.0458276286787577,3.966969921315747e-08,1.2947271675944,2
YEM,2018,17.15870949800309,0.1748403396441625,0.0314888743757639,0.0172293250745629,0.0132204948652427,0.0617612909282802,3.860839925469574e-08,0.4510756193602167,2
NZL,2018,15.249051764378011,0.0588968882616582,0.0074345322503814,0.0056190714072825,0.002695005208935,0.048008624024577,5.337039985758002e-09,1.2781522025001877,0
FRA,2018,17.99861323687647,0.1438573300326764,0.0061266964077537,0.0027475240965016,0.0143736365666532,0.0547233753525702,1.256449992106667e-08,1.951608170169951,0
ESP,2018,17.600963290655493,0.1242455256013609,0.0110459472779242,0.0061672851407771,0.0112328971222171,0.0595549601732858,9.786259952114557e-09,1.3737155789130306,0
PRT,2018,16.02341820093828,0.1174376542413108,0.0099491872881577,0.0060991175113132,0.0116014936659429,0.0588881183555556,9.083249958747285e-09,1.4883995840570443,0
OMN,2018,15.383855814252566,0.1573344889808988,0.0178189788128378,0.0144688721983679,0.0146090719481002,0.068959347179406,5.224909863501582e-08,0.7371640659767197,2
PAK,2018,19.105904487074632,0.5637206451836477,0.0391501520100561,0.0352228602628938,0.0354829498728262,0.0613948657685005,1.1037199390901129e-07,0.4054651081081644,2
BHS,2018,12.555264853497734,0.080715485307902,0.0014819313970495,0.0014633597666271,0.000783908663301,0.0633926069789191,1.0438399945519904e-08,1.3297240096314962,0
CHE,2018,15.951133572335197,0.1500615208868672,0.0089587433531344,0.0015760523767255,0.0152647161421422,0.0534890923212327,1.1570099933066394e-08,1.728109442151599,0
JPN,2018,18.61317319935184,0.1559496199066903,0.0112521662659244,0.0103914622532745,0.0196562871772221,0.06063050360881,1.7173299852538887e-08,2.6340447877917144,0
AZE,2018,16.107433211646097,0.129450365550086,0.0125018541354719,0.0074246757529636,0.0053285072562091,0.0566126145574554,1.7372599849096386e-08,1.599387576580599,3
MNG,2018,14.944797841233378,0.1178573271189266,0.005685452143603,0.0128033847443217,0.0060076091248239,0.0587439228508843,1.2266299924768944e-08,2.1815467646169897,3
UZB,2018,17.231682817036365,0.1524862190950049,0.0136790773600749,0.011833857882117,0.025715872296178,0.0539310759501095,3.08649995236759e-08,1.747459210331475,3
IRL,2018,15.348177061520913,0.1080012132448704,0.0017391537949338,0.0026562420634016,0.0054685273113583,0.0608504813820065,7.782329969717671e-09,1.3787660946990992,0
LUX,2018,13.317606802752625,0.1552701135988372,0.0058344892172153,0.0020834560972526,0.0185729224994543,0.0509878119371906,1.3266799911996011e-08,1.706564623164823,0
NLD,2018,16.63725325556712,0.1368566766094058,0.0033520316593106,0.002450021245362,0.019260840360061,0.0525673121172349,1.1335999935747553e-08,1.423108334242607,0
DNK,2018,15.463085386840731,0.1231749920086869,0.0019670510858735,0.0019041160199311,0.009914945078584,0.0573101109865414,8.356029965088382e-09,1.2837077723447896,0
GBR,2018,17.964898509744053,0.1290867112713662,0.0031061758370527,0.0049946101427726,0.0211100075961127,0.0404531028202377,9.987149950128416e-09,1.247032293786383,0
ISR,2018,15.924560177370626,0.3096995033469688,0.0129527290425261,0.0881728486368861,0.053088718798104,0.0591738037688228,5.034029873292714e-08,1.410986973710262,0
EST,2018,14.002347870037102,0.1373657912880068,0.0031835012782287,0.0085048589390455,0.0095115355867036,0.05544370638378,9.319449956573926e-09,1.7101878155342434,0
AFG,2018,17.364794739525365,0.1683067684962793,0.0144559494504654,0.002260907221997,0.003886974915709,0.0593662165082749,2.7943599609577617e-08,0.3364722366212129,3
USA,2018,19.60427269594084,0.1543967124159015,0.0174204667131242,0.0100579755543188,0.0171825056164182,0.0477100599059891,1.3026499915155147e-08,1.324418957401803,0
CYP,2018,13.925790502365755,0.1170109741380206,0.0110176155576159,0.0079416792189434,0.0028538120020734,0.0705388319730666,1.5149899885240272e-08,1.1568811967920856,0
ITA,2018,17.868916786086434,0.167819511956632,0.011359740139416,0.0043660867564861,0.0198677967412327,0.0573235111137285,1.647429986429872e-08,1.423108334242607,0
URY,2018,15.010774974106878,0.0822177052658789,0.0136133672016924,0.0014578558116205,0.0033512094197689,0.0475419264794198,6.792069976933892e-09,1.2584609896100056,0
BEL,2018,16.26571711750193,0.1539154327302582,0.0038707589374783,0.0043039377579735,0.0233638316152453,0.050271951777424,1.4158099899774104e-08,1.890095369948917,0
CRI,2018,15.40783941565632,0.1148414253600248,0.0342256102963476,0.0039428288245492,0.0085105959221415,0.0485190059506622,1.3801799904755158e-08,0.7514160886839212,0
TJK,2018,16.028836990718194,0.1612408016903115,0.0175514354603034,0.0086992099137995,0.0090579823335793,0.0562226987954905,2.6588699646520526e-08,1.6752256529721037,3
PAN,2018,15.199839010451472,0.1158443006346823,0.0212707843201484,0.0020251899178467,0.0057350898878095,0.0539231268624845,1.682899985839238e-08,1.085189268335969,0
DEU,2018,18.202673053746317,0.1470252967576806,0.005347771147915,0.002901169534958,0.0190622611359164,0.053452858126043,1.2171199925930944e-08,2.190535589185423,0
BRN,2018,12.875546639333615,0.2208718962585358,0.1093489086339289,0.0030588788562324,0.0069920654382352,0.0507641928025364,1.876449982394677e-08,1.4861396960896067,0
BRB,2018,12.315404873486372,0.0734696412496073,0.0008624090184167,0.0004355891172843,0.0003317299715282,0.0561886180549533,1.825819983331907e-08,1.9501867058225733,0
CHL,2018,16.71374098105743,0.3336715727064532,0.0236573188098809,0.0600531333715464,0.026997060674941,0.0529587815082788,3.492619939008029e-08,1.1151415906193205,0
ATG,2018,11.211642248215066,0.0732989280372016,0.0011398641080015,0.0019937771048432,0.0003872310163916,0.0582845175801998,1.4882599889254111e-08,1.495522388304206,0
AUT,2018,15.978241070192356,0.1554783569309705,0.0086545173920022,0.0027527008402798,0.0163905726566158,0.0532854036609869,1.3992199902109171e-08,2.1126345090356,0
KOR,2018,17.67410340817469,0.4291623031584186,0.0331256635189648,0.0717850362975474,0.0681520342156852,0.0586492959140346,7.776579697624033e-08,2.5974910105351463,0
LCA,2018,11.977953423571966,0.0737679458513303,0.0013393057295529,0.0008746583748163,0.0004608477933412,0.0565635174228697,1.7239599851398097e-08,0.8576017355254755,0
TTO,2018,14.002115063159875,0.0793743536054758,0.0065962816203456,0.0007272934579836,0.0035134436221112,0.0571451882514775,1.8639799826278932e-08,1.235471471385307,0
BLZ,2018,12.85336011145615,0.0952122377354297,0.0345723647635968,0.0006626144225677,0.0010074183836537,0.0518261901846596,1.5482199880150744e-08,0.712949807856125,0
MLT,2018,12.768569792646122,0.1041088756832148,0.001737688344719,0.0051482241232847,0.0047395465837344,0.0687799882292686,1.338439991042892e-08,1.6695918352538477,0
JAM,2018,14.818875494187711,0.1125966406419636,0.0107380828712949,0.0066393735000101,0.0065945153083781,0.0602433609211071,2.062359978733357e-08,0.9895411936137476,0
SVN,2018,14.545658947129327,0.176463276362288,0.016467275109553,0.0062783051320688,0.0164059533604793,0.0532560898463379,1.6448099864730008e-08,1.6937790608678511,0
SGP,2018,15.404649462525738,0.1614863127325484,0.0211306362782446,0.0428105552221853,0.0133992122620641,0.0601924331764127,2.667189964430488e-08,1.275362800412609,0
BRA,2018,19.13998125247005,0.1375068886081158,0.0484768265128868,0.0059857694838318,0.0080684691825025,0.046143672493889,1.457759989374679e-08,1.1939224684724346,0
ECU,2018,16.606523375653833,0.1603988643469794,0.0457302330660016,0.0014225986265637,0.0079253969090394,0.0422508588034268,1.6345199866417222e-08,0.8754687373538999,0
TON,2018,11.125752432083992,0.0495125022680593,0.0005065656739413,0.0002660536046007,2.339972622427089e-05,0.0512590171390729,6.2514499804596865e-09,1.247032293786383,0
COL,2018,17.70689457622481,0.1777538079951239,0.0564538345155554,0.002799679238111,0.0086204757005236,0.0395081412703721,2.0498499789905756e-08,1.0043016091968684,0
PRY,2018,15.72482949415539,0.1379870647330293,0.1111711613107644,0.000560768739816,0.0030684823889591,0.0395806063595009,1.1207699937193732e-08,0.6418538861723948,0
GRC,2018,16.121294192167156,0.1343086541035421,0.0100245884920409,0.0094252177578915,0.0096258742624246,0.0610649293846369,1.3295999911608192e-08,1.6486586255873816,0
VCT,2018,10.91180526221878,0.0736604994098678,0.0011151419979768,0.0010810524521745,0.000364472571802,0.0564408761925005,1.77019998433196e-08,1.4154485507724637,0
PER,2018,17.277006879865358,0.1396988047298455,0.0523535297393623,0.002945337232683,0.00720570444327,0.0409251300342371,1.346479990934958e-08,0.959350221334602,0
ARG,2018,17.608630807908703,0.1125925814132816,0.0425759923263439,0.0015584809374485,0.0099722514049902,0.0438662233229662,9.769989952273648e-09,1.545432582458188,0
MUS,2018,13.975923906281016,0.0648420369469874,0.0007674274522095,0.0009397453010339,0.0007038062702524,0.0514619531673621,8.326369965335782e-09,1.5173226235262949,0
THA,2018,18.024231288387995,0.2831140953625289,0.0566759957728403,0.0238276522785685,0.0160234796184317,0.0527039074771846,4.0501199179826425e-08,1.1314021114911006,0
DOM,2018,16.182274118846998,0.1212563070819719,0.0216450006522618,0.0027231618268885,0.0112052975084408,0.0542562773811346,2.0845099782740907e-08,0.8064758658669485,0
MDV,2018,7.967460405334763,0.0987563531038679,0.0010503362037559,0.0003706173129184,0.0001235053728974,0.0561717662665992,1.2659499919868532e-08,1.7833912195575383,0
GRD,2018,11.340319478802147,0.0735575558453111,0.001003127699132,0.0004991514032083,0.0002704044374246,0.0562067017978719,1.790149983976815e-08,1.4678743481123135,0
MEX,2018,18.689153114286587,0.2189957787864747,0.0554969584982056,0.2262602086880467,0.0221973948050366,0.0532625934562438,4.097239916063125e-08,0.6830968447064438,0
CUB,2018,16.212188084155574,0.0939386041698105,0.0121452489699053,0.0029620737249343,0.0031831464096901,0.0593973463912242,1.3726899905786107e-08,1.6467336971777973,0
SLV,2018,15.624700742420622,0.1919062275673,0.0858566942667153,0.0097910973841129,0.0154180181466531,0.0534979297046932,2.5624599671689945e-08,0.7323678937132266,0
WSM,2018,12.05783159439868,0.0500595809760251,0.0005583440969202,0.0002988233478557,8.589631080626632e-05,0.0449267178614482,5.705089983725974e-09,1.247032293786383,0
KEN,2018,17.718261977769583,0.3133632153094609,0.0440061954074832,0.0045136839846608,0.0108211327832079,0.0457821865017164,3.742449929970341e-08,0.8754687373538999,0
VEN,2018,17.27405882870109,0.1272400347204207,0.0531180652799998,0.0022958515148723,0.0060721759679345,0.051311345931797,1.9963999800719355e-08,0.7371640659767197,0
TZA,2018,17.878419796764753,0.1461114484852591,0.0389538083065822,0.0011974427791469,0.0021751077371264,0.042736429920007,1.4217199898935614e-08,0.3646431135879093,0
HRV,2018,15.18382327144768,0.1622364548055553,0.0169617290968518,0.0075242417626926,0.0119512376044287,0.0559853785126687,1.5183899884724593e-08,1.9021075263969205,0
SVK,2018,15.504179954349674,0.1555465354530664,0.009753583776959,0.0100183087406389,0.0145677551131961,0.0521775975198686,1.4135099900099474e-08,1.9021075263969205,0
LKA,2018,16.794768839912408,0.237735784128295,0.0330412392797407,0.0190176388812204,0.0126542975805025,0.0557326034811065,3.7848199283756894e-08,1.5706970841176695,0
CZE,2018,16.171086062677233,0.1655148977995018,0.0066729800626678,0.0080462638219698,0.0183607530007499,0.0528122695903387,1.6040399871352783e-08,2.0438143640366846,0
PNG,2018,15.882057685352205,0.0862303012794013,0.1099426099116065,0.0051059275379627,0.0008724023463866,0.0326341342321303,8.800949961271641e-09,1.247032293786383,0
JOR,2018,15.882884327355768,0.2632256572083697,0.0164826329933792,0.0621815221590561,0.0389376567504433,0.0589061947807281,4.3851799038509843e-08,0.8796267475025636,0
FJI,2018,13.56663182952811,0.0578755326487804,0.0090687156119581,0.0020300690148095,0.0005281754907647,0.0475637845548587,6.480779978999745e-09,1.0769507918869303,0
SUR,2018,13.221197540678734,0.0863946873756722,0.0316995858273318,0.0006092783522429,0.0002760269010695,0.0494848760874582,1.5900499873587053e-08,1.3480731482996928,0
NIC,2018,15.64533686976472,0.1001006435521768,0.0461422376948827,0.006203562057279,0.0027336172614391,0.0480035947171921,1.5564899878866945e-08,0.6678293725756554,0
TUR,2018,18.171126922878333,0.1365052791123314,0.0134122690476791,0.0084569975739715,0.0134592189836282,0.0570107087216061,1.627759986751987e-08,1.3217558399823195,0
LTU,2018,14.845764759341591,0.1456511633423506,0.0032123359197924,0.0040640834140346,0.0068504092750392,0.0545669287779943,1.1984199928189476e-08,2.005525858729668,0
LVA,2018,14.447484306451482,0.1491333893922958,0.0036239645011294,0.0030910617425037,0.0063328312277819,0.0550874213577044,1.1873899929505252e-08,1.8702625307159984,0
RUS,2018,18.790664910978176,0.1434516920861589,0.0059269200573212,0.0114216973673154,0.0198209281091109,0.0515379845648983,1.1390399935129394e-08,2.096790180014449,1
GTM,2018,16.668127006611527,0.2049958314709908,0.0852207688072346,0.0073536971694664,0.0124365366904463,0.0474172595118578,2.508039968548677e-08,0.3646431135879093,1
SYC,2018,11.101919987319764,0.0679566834962173,0.0007289252694138,0.0003449504977354,0.0001461073258048,0.0472693839016843,7.806199969531621e-09,1.3609765531356006,1
NAM,2018,14.7757824999777,0.1336226353367797,0.0555221250159367,0.0015599087095372,0.0030215136267195,0.0477236805792875,1.3207399912782292e-08,0.7701082216960736,1
MWI,2018,16.75379545905144,0.2002001627790089,0.0436157561713669,0.0018772688277307,0.00513467397011,0.0402535292740586,2.2999499735511504e-08,0.832909122935104,1
KWT,2018,15.162603134751732,0.2741169464994662,0.0534031261763552,0.1277460819402612,0.0618608089515843,0.0734198317778498,8.592939630806933e-08,1.1019400787607845,1
SSD,2018,16.409131028044385,0.2456148678228613,0.1558376306966098,0.0011703189095929,0.0059468583339069,0.0414847714161119,3.0924799521828384e-08,0.7701082216960736,1
POL,2018,17.466391484851346,0.1495495565899177,0.0044413774652327,0.0112311043718993,0.0144265392518882,0.0522410823110515,1.3651999906811449e-08,2.0135687975291283,1
COM,2018,13.316517848314684,0.0785058750433076,0.001464545030187,0.0004945267015116,0.0004274946111564,0.0504772589795502,8.571229963267008e-09,1.1505720275988207,1
ETH,2018,18.486853300607688,0.2538519379672105,0.0500279948836469,0.0013527046823495,0.0065240877821447,0.0459808404220085,3.236479947625988e-08,0.2851789422336623,1
HUN,2018,16.092953305528294,0.1529298154469618,0.0092044190667612,0.0131900584519622,0.0136866855427472,0.0522983857248582,1.420039989917432e-08,2.0731719286662407,1
KIR,2018,9.548817026979435,0.0516453129217555,0.0004906865936402,0.0001750686745852,1.1899929195561714e-05,0.0395600567841087,5.709749983699378e-09,0.9516578757114464,1
DZA,2018,17.521459272815598,0.1854996164084777,0.0227234272119887,0.0134740262313176,0.0251059671476041,0.0644283696981126,3.0096699547094334e-08,0.973143543466938,1
ZAF,2018,17.8321483612118,0.3974467804010931,0.034936211230832,0.0465930226970851,0.0346439122911745,0.050220974766117,5.192419865193877e-08,1.1786549963416462,1
SRB,2018,15.738487352134642,0.1489414622393217,0.0142274314001207,0.0189440195823629,0.0095491008662306,0.0544681875295967,1.3509899908741302e-08,1.888583653863595,1
HND,2018,15.938107029952231,0.1416467137727754,0.0962712196757182,0.0030085368111871,0.0055889725554233,0.0451196465936859,1.9813299803716572e-08,0.5007752879124893,1
ROU,2018,16.74372799434311,0.1472473894248663,0.0092121574801308,0.0081063267717087,0.0120007905893825,0.0529237077124506,1.189549992924854e-08,2.069391205826334,1
FSM,2018,10.420449013493128,0.0609189624939672,0.0007349968236457,0.000147189167143,2.7199630086707746e-05,0.0475498044851104,5.768769983360646e-09,1.247032293786383,1
VNM,2018,18.350501340886577,0.3245296780209684,0.0424835324413023,0.0101735356440955,0.0165616801155567,0.0562779087716958,4.657069891558498e-08,1.205970806988609,1
IRN,2018,18.217362707662605,0.318305762353515,0.0311989855314402,0.0381882389890669,0.0468882805443191,0.06385096304649,4.6500498918851785e-08,1.075002423028976,1
GUY,2018,13.52762762534144,0.0847481694497518,0.0317352834433513,0.0003157331510424,0.0001868295462733,0.0491359302260822,1.6681199860868783e-08,0.9858167945227652,1
ZMB,2018,16.694499312377324,0.1746157884745373,0.0503910905740571,0.0057585029503473,0.0043701668949415,0.0448493588593087,1.8985599819773495e-08,1.0986122886681098,1
HTI,2018,16.169388723095846,0.1394585763643432,0.0182838559191424,0.0010813621171813,0.0066988087959072,0.0588330401038952,2.119219977544533e-08,1.8389610707123487,1
BOL,2018,16.235002381882953,0.1324393453078491,0.1317787947216381,0.0003523019343851,0.0018668513481445,0.0317009519781184,7.460369972171441e-09,0.8153648132841945,1
GAB,2018,14.374002657655614,0.1764651615387947,0.0602924433571611,0.0013507483285928,0.0019870884314563,0.0420011555709002,2.1304399773061277e-08,1.0818051703517284,1
LBY,2018,15.68723146848692,0.1263471370504028,0.0082853574350501,0.0072344600739335,0.0092915158624206,0.0649372831815,4.1429799141785864e-08,1.4350845252893227,1
TUN,2018,16.21572447789435,0.1778653442776619,0.0108547405632648,0.0197227113578881,0.0157054216714325,0.0626572116128567,2.8660199589296475e-08,1.0367368849500225,1
ZWE,2018,16.625081115140805,0.1714827544585303,0.0406241691941155,0.0030544873003636,0.0048121679250354,0.0457213863378126,1.5622299877971873e-08,1.0420419371797154,1
IDN,2018,19.35685218772108,0.23604486630178,0.0520203026030239,0.0199944530140972,0.0144207168407535,0.0551600796585743,3.5291999377237385e-08,0.7654678421395714,1
BWA,2018,14.669929252072125,0.1249292176544399,0.0500999136919841,0.0051019578508121,0.0036677824548336,0.0512519635029288,6.240669980527019e-09,1.252762968495368,1
SLB,2018,13.015475829759728,0.055955018049599,0.0178688784162469,0.0002695726620247,5.329857960547113e-05,0.0433787325443826,7.073029974986124e-09,1.247032293786383,1
VUT,2018,12.23494038379929,0.0546116056977601,0.0035226212779595,0.000766505159848,0.0001668640774154,0.0502560455337036,8.185519966498631e-09,1.247032293786383,1
TLS,2018,14.030998358661398,0.102654572694142,0.0329364943242648,0.0005009245163627,0.0007195960286632,0.0489649561200789,1.043039994560338e-08,0.3506568716131693,1
LBN,2018,15.373091554047909,0.2687616551489032,0.0102587535830175,0.036253547197777,0.0342943784757965,0.0609776752953191,3.958619921646641e-08,1.316408233655724,1
KHM,2018,16.603352727615285,0.2050864311896329,0.0724075443168397,0.0051968012067414,0.0069751390590533,0.0509318313027765,2.7197099630158883e-08,0.5481214085096876,1
AGO,2018,17.105431208367683,0.2107655704137722,0.0644387711627078,0.0021619493025285,0.0054186684629551,0.0477316272305844,2.4672599695631413e-08,0.7701082216960736,1
CPV,2018,13.029358043401066,0.0831719661255319,0.0009251649029412,0.000523963707039,0.0003626572319158,0.0626641422494447,3.045289953631045e-08,1.1600209167967532,1
MDG,2018,17.078412152803082,0.1297045015337467,0.0402608710399167,0.000622390274984,0.0027905986551078,0.043409610625643,1.1151099937826484e-08,0.2795238847503174,1
MAR,2018,17.393438352565596,0.1669869800270851,0.0175148928182387,0.0159469842404363,0.0140362256699786,0.06012562248168,1.9772299804528082e-08,0.5364933705145685,1
BTN,2018,13.780580764035568,0.3826646288206813,0.0502518354073652,0.0059582632430354,0.0099917913798071,0.0592033781762213,3.716989930919929e-08,1.000631880307906,1
MYS,2018,17.216120683558668,0.2229932240156275,0.1029745442906272,0.0078661862744461,0.0161162261553468,0.0546307438889459,2.7265399628298988e-08,1.0647107369924282,1
DJI,2018,13.630552364296223,0.132339576819129,0.0059132551944394,0.0021728785885518,0.0030436394266943,0.0599220431683611,2.922239957302568e-08,0.8754687373538999,1
UGA,2018,17.579683722787465,0.3114628008655394,0.0706706219428899,0.0162786321755115,0.0071077936795169,0.0473861610908062,3.7185499308619315e-08,0.4054651081081644,1
LBR,2018,15.317990497262274,0.1680431825752808,0.044324548131594,0.0007919862960424,0.0016522882197022,0.0480895549382715,3.005909954822526e-08,0.9707789171582248,1
BIH,2018,15.153350758959052,0.1418538120198482,0.017291808218584,0.0125027241895224,0.0075406100046092,0.0561702873649503,1.2649099920000135e-08,1.220829921392359,1
GNQ,2018,13.675803219098317,0.1595161089915972,0.0406144981143647,0.0018202373623602,0.0011433021809143,0.0465794020318899,2.1742999763620985e-08,1.1314021114911006,1
MDA,2018,15.188886603292934,0.12802258760739,0.0045284530614842,0.0118729082489454,0.0070202214803132,0.0558457062805809,9.944059950557835e-09,1.9095425048844383,1
ALB,2018,14.85524342565002,0.1304245653056927,0.0097973102352193,0.0065411598914045,0.0073598070548093,0.0605773051506406,1.2558299921144552e-08,1.3428648031925547,1
RWA,2018,16.331337658581248,0.4376290234790439,0.0481573554167724,0.1158389186405195,0.0134512696664578,0.0460586386135879,6.975549756708523e-08,0.5481214085096876,1
MRT,2018,15.26655370014682,0.1066143184185411,0.0210775123240163,0.0012848901749588,0.0020002202250845,0.0539570457778618,8.040959676714828e-08,0.7701082216960736,1
SWZ,2018,14.081658784976147,0.2190469452702754,0.0406427794221887,0.0078944159373752,0.0108374431932295,0.0475115571157521,2.5139699683997745e-08,1.1052568313867783,1
MOZ,2018,17.218645654044657,0.1352053027299657,0.0412968094577994,0.0008102066938973,0.0027598321573562,0.0441293824698919,1.5759199875823812e-08,0.5709795465857378,1
SOM,2018,16.27176304630816,0.0848167999994895,0.0318199758992729,0.0003329385698029,0.000364364611152,0.0482471330299263,1.3055599914775654e-08,0.6259384308664953,1
LAO,2018,15.780544032213758,0.2920328650125718,0.1094984270816904,0.0042390206431585,0.0065333113671282,0.0512797503165076,3.100729951927368e-08,0.9001613499442714,1
COG,2018,15.34361087972559,0.2427406139540114,0.1651321967884584,0.0040713677231179,0.0033569441527407,0.0383099494280213,2.8077599605824195e-08,0.7701082216960736,1
SEN,2018,16.602718034244955,0.1422078695246041,0.0201497248939756,0.0268227792467144,0.0039094182564088,0.05492737105031,6.271679803330159e-08,0.5306282510621704,1
MNE,2018,13.337920270668556,0.1296541696504087,0.0123128092891993,0.0064069764225603,0.0052996052518954,0.0599074255301595,1.1353799935545613e-08,1.599387576580599,1
CHN,2018,21.037790006663457,0.5267717785396041,0.023751510380377,0.0753478007485122,0.0687397535886522,0.0542144354094085,9.217919575149781e-08,1.7209792871670078,1
MKD,2018,14.55607708736502,0.1440106983972707,0.0153594119950986,0.0231669586403079,0.0117660131870871,0.0554769522434883,1.3085499914384846e-08,1.715598108262491,1
BHR,2018,13.616845327989022,0.2188475920810086,0.0282567831377666,0.0364805237997298,0.0357087881729212,0.0791460829476236,6.03780981772426e-08,1.0331844833456545,1
UKR,2018,17.545290900206282,0.1315090397968867,0.0043153176092212,0.0099177857691271,0.0114532187729327,0.0527706544430796,1.0191499948066664e-08,2.038619547159581,1
BGR,2018,15.807336059882786,0.1478622634023785,0.0124836351680241,0.0272376872361273,0.0123250969814841,0.0535233209833037,1.2286999924514815e-08,2.1482677326096886,1
BGD,2018,18.898817928165908,0.5514328260680488,0.0474495211471309,0.0213642064162062,0.0277896051251576,0.0587163239249231,9.590459540115415e-08,0.6312717768418579,1
MLI,2018,16.779978643422552,0.1547742413723419,0.0602078140229573,0.0006645671263415,0.0035543607691153,0.0447656681544493,4.3245299064922045e-08,0.2231435513142097,1
GEO,2018,15.185430329247753,0.1249996548846775,0.0170832134319501,0.0053497435696447,0.0061114221583317,0.0540038422044099,1.2245699925021416e-08,1.6524974018945473,1
BLR,2018,16.060851351783274,0.1270394016792405,0.0039480133290906,0.0042742493677276,0.0086816640594289,0.0519294531454373,9.044979959094168e-09,2.391511302188447,1
MMR,2018,17.810584747459185,0.2466495190468096,0.0986139137332941,0.0039293669163562,0.0048102422123577,0.0492022663731827,2.868999958844196e-08,0.7227059828014898,1
SDN,2018,17.580615798490076,0.1436654191046159,0.0316568367204332,0.0017839268558709,0.0039275351266058,0.0562180499557802,3.6105599348192845e-08,0.5068176023684519,1
ARE,2018,16.00850451215446,0.246684707867595,0.052031287003998,0.0291974466692209,0.0563522281262232,0.079093051361621,7.205509740403142e-08,0.9555114450274363,1
BDI,2018,16.323569812374632,0.3600849283277819,0.0401356512005552,0.0099228581985704,0.0100515376127793,0.0440976761239773,4.60515989396251e-08,0.585933096252796,1
KAZ,2018,16.71579605143455,0.1274582774108882,0.0071454205696701,0.010474649809601,0.0084551740591491,0.0552777638648835,1.5649099877552833e-08,1.824549292051046,1
COD,2018,18.26008609689383,0.3084030308939842,0.1912619190546266,0.0129000454712908,0.0056917174015875,0.0380649299359593,3.6849899321042454e-08,0.7701082216960736,1
ARM,2018,14.93466374708949,0.1433416848361041,0.0115586674792139,0.0092731659852183,0.0095993058847753,0.0567498891290269,1.8667799825756625e-08,1.6448050562713916,1
FIN,2018,15.4748217905996,0.1247207998405971,0.0024563377308671,0.0016693997764622,0.0206947165211384,0.0511358521145165,6.379409979651564e-09,1.5282278570085572,0
AUS,2018,16.999030140503763,0.0793005929899245,0.0383723591720124,0.0080480920505347,0.0141689072626425,0.0487824942625143,7.83105996933725e-09,1.5611476233063195,0
NOR,2018,15.410459340080992,0.1252383074820233,0.0056273755795279,0.0043021972635754,0.010661204855035,0.0558825951408008,6.083669981494481e-09,1.5085119938441398,0
NPL,2018,17.234183000108658,0.6416734951660734,0.0630114116366834,0.0143477864707624,0.0173463887006329,0.0608657999999637,9.231509573896143e-08,0.2546422183735807,2
ERI,2018,15.558535900952744,0.1806558243984019,0.0320209560303346,0.0017960092094768,0.0044937141257277,0.0584524947045626,2.658509964661624e-08,0.7701082216960736,2
BEN,2018,16.283063459552523,0.229968224563367,0.0344908468738204,0.0023674374072654,0.0051642462958389,0.0522155334287789,4.6020498941056825e-08,0.3646431135879093,2
SYR,2018,16.806261155550022,0.2173658782594404,0.0147038407446993,0.025296446831142,0.0250823327371698,0.059001128070523,3.6990799315840384e-08,0.8153648132841945,2
NGA,2018,19.091186310836225,0.3463077963905538,0.0407523684164142,0.0035304326822017,0.0107380808926562,0.0538995918557057,7.089659748683618e-08,0.7701082216960736,2
IRQ,2018,17.492667875250966,0.2604824989028709,0.0298191528134122,0.0311904247901616,0.030395630643744,0.0627211333112799,6.291399802091439e-08,0.7227059828014898,2
STP,2018,11.90344044135904,0.1033020116915862,0.0012871602537023,0.0001461043262431,0.0001295666058847,0.0512712755661205,1.3865299903876731e-08,0.7701082216960736,2
BFA,2018,16.797792883627636,0.1718843355038726,0.0470352194400718,0.0010175071639665,0.0041682308433201,0.0455036882195451,3.879249924757099e-08,0.7701082216960736,2
PHL,2018,18.36874435419173,0.1447761121278127,0.0355854597729728,0.0343450193293641,0.0086426266757032,0.0531406483052186,1.9825099803482708e-08,0.6626879730752367,2
IND,2018,21.02001768372473,0.5646204687452122,0.0389625913811843,0.0360654810241889,0.0332310058100437,0.0600357427162392,1.0095199490434721e-07,0.9707789171582248,2
PRK,2018,17.02691024160226,0.4829810477287838,0.0163438113062615,0.0404982400374279,0.0372703663088978,0.0579232056515107,7.339239730677794e-08,2.624668592163159,2
SWE,2018,16.036615342097868,0.1196541125442058,0.0023118097075167,0.001165423629989,0.0060919284661311,0.0585811201921707,6.610919978147868e-09,1.1410330045520618,0
ISL,2018,12.594627680869786,0.101562237624056,0.0009429223090008,0.0006573219166061,0.0007726834032771,0.0582199990999992,5.408309985375091e-09,1.3532545070416904,0
CAN,2018,17.363424871775646,0.1472696445692906,0.0058634533106591,0.0069603176909408,0.0131183706778135,0.0457640240797626,1.1762499930821795e-08,1.264126727145683,0
CIV,2018,16.976105436412038,0.1812439872577168,0.0484380278910152,0.0014701997265509,0.0024000824963844,0.046797347140799,3.0850999524107915e-08,0.7701082216960736,2
TKM,2018,15.550674636589754,0.1247435778900694,0.0092394505148314,0.002892077908158,0.0052376445610219,0.0577631266820209,4.536159897116265e-08,1.5727739280625088,2
GMB,2018,14.460383361563691,0.1577518039893438,0.0219090738457343,0.0126146803000158,0.0040700939189999,0.0539702527521766,5.667629839389858e-08,0.7178397931503169,2
GHA,2018,17.18085254872527,0.2217890912471731,0.0405309611341473,0.0022410769101495,0.0042025289917101,0.0487416516361397,4.0826699166590316e-08,0.5335651107354801,2
QAT,2018,14.626831413426713,0.2271764785199963,0.0373829032994396,0.0171706421502516,0.0334569112377714,0.0808050060405339,5.67037983923396e-08,0.708035793053696,2
SAU,2018,17.315977805274695,0.1553756900528955,0.0126752919996402,0.0441284964129157,0.0164189030705931,0.067774070724167,5.781729832857997e-08,1.247032293786383,2
GNB,2018,14.43563849887074,0.1690759717327586,0.0487919622630535,0.0040092531927801,0.0025063165630421,0.0526514481615089,4.778759885817268e-08,0.7701082216960736,2
TGO,2018,15.857877665385589,0.2228183392384947,0.0344311161316698,0.0024282703636895,0.0047737077049466,0.0497589618999092,4.28461990821016e-08,0.4885800148186709,2
KGZ,2018,15.691259431786174,0.1326174717510376,0.0102567502385864,0.0072073942218132,0.0124592225348873,0.0593277249139913,1.686319985781625e-08,1.6486586255873816,2
NER,2018,16.929164908174666,0.1749630484235673,0.0309415933179519,0.0014646239145695,0.0057418181668964,0.051569712353085,5.7959998320319264e-08,0.2151113796169455,2
KGZ,2017,15.676847607481545,0.1354130160104003,0.011535013194458,0.0073252805005435,0.0124414768559118,0.0593744224137588,1.5346099882248612e-08,1.673351238177753,2
NER,2017,16.889339518305437,0.1689230978155868,0.0304761347614413,0.0013593137143623,0.005341830981918,0.0505912922136797,6.508009788229038e-08,0.1655144384775733,2
SLE,2017,15.628561592855048,0.2780135811106261,0.0684871845822115,0.0019410090225983,0.0056853228806064,0.0510765730009533,5.4638998507289895e-08,0.7178397931503169,2
GIN,2017,16.389795558539596,0.2640490213902837,0.083653049615697,0.0021537699714336,0.0056881109803052,0.0499460612473946,4.965309876728488e-08,0.262364264467491,2
EGY,2017,18.35421584010383,0.297517283065007,0.0145481752412197,0.0463620243367431,0.0367513465834022,0.0643466956587269,5.844419829213781e-08,0.8197798314933114,2
CAF,2017,15.447583330193751,0.2661379850187302,0.1454380246374814,0.0009894553275876,0.0039987921629495,0.0393042613283154,3.2294299478539116e-08,0.6931471805599453,2
LSO,2017,14.578748865374576,0.1719725509221279,0.0289967647163899,0.0234905850788238,0.017701010642233,0.0510098154875563,1.15547999332433e-08,0.7178397931503169,2
TCD,2017,16.519544139907754,0.1639888609689688,0.0814645830986266,0.0006246448687668,0.0032176468178245,0.0480961443356707,4.9851198757428976e-08,0.3646431135879093,2
YEM,2017,17.13628842955512,0.1765438705632786,0.0343928208832008,0.0162521356753343,0.0123828066173986,0.0614673305804315,3.8255299268266035e-08,0.4510756193602167,2
CMR,2017,17.00740382540864,0.2333953773072096,0.0712444072768459,0.0047152208530447,0.0040829533900669,0.0455564661130504,4.3746999043100025e-08,1.2947271675944,2
NZL,2017,15.240592276333109,0.0588645373054642,0.0062655116239347,0.0057586093359525,0.0026957890932055,0.0472721661760128,4.808289988440173e-09,1.308332819650179,0
FRA,2017,17.99427728739684,0.1512396632124508,0.0063179526389668,0.0030270189519483,0.0153389997241442,0.053372021227805,1.3089599914331189e-08,1.9629077254238845,0
ESP,2017,17.600818897715936,0.1346226186457814,0.0119102643736003,0.0069921587832692,0.0122242346623067,0.0588945839382677,1.0669299943083021e-08,1.3762440252663892,0
PAK,2017,19.086245920657237,0.5579997199435595,0.0367775483629572,0.0347786608695913,0.0353224179336281,0.0597271829257887,1.029439947012668e-07,0.4054651081081644,2
CHE,2017,15.94277496160376,0.1603730270952745,0.0091767406202781,0.0016860967396484,0.0158237327679371,0.0528500977959155,1.1335499935753222e-08,1.7316555451583495,0
OMN,2017,15.369478167602749,0.1566216082819056,0.0171521482700337,0.0136817347560111,0.0145531700323218,0.0677368590581983,4.9889998755493995e-08,0.7466879474879752,3
MNG,2017,14.930475126358708,0.1617563237379061,0.0068387354514432,0.0144073223079715,0.0082568581333763,0.0591364915184873,1.5128599885562733e-08,2.1633230256605382,3
AZE,2017,16.097655527704767,0.1336180113730105,0.0138481028784186,0.0078747208385283,0.005508330255146,0.056728712890083,1.6953299856292813e-08,1.6054298910365616,3
UZB,2017,17.219497871145624,0.1567102117147727,0.0136149001886901,0.0121823242402852,0.0259487063010871,0.0541417733593252,2.929029957103917e-08,1.6601310267496183,3
JPN,2017,18.615550874034398,0.1578624287564433,0.0110434608915375,0.0109284711298367,0.0210055064880158,0.0610013223421156,1.7873599840267215e-08,2.639771360348916,0
BHS,2017,12.545268740507256,0.0847080967249909,0.0015316793800117,0.0015239332236833,0.0009049544052166,0.0629919196386414,1.0065199949345877e-08,1.383791230901772,0
EST,2017,14.005667132355232,0.1331375380740006,0.0026435098469373,0.0079525445271052,0.0081639034682535,0.0555702885485483,8.192089966444832e-09,1.724550719534605,0
PRT,2017,16.027138303219903,0.1935420616575706,0.0120247292853829,0.0073919093970951,0.0159322421071056,0.0570325512106874,1.743429984802259e-08,1.4770487243883548,0
LUX,2017,13.305207997376884,0.1641962251007135,0.0059236365706474,0.002047269912096,0.0193837297669378,0.0488927598018419,1.4274099898125036e-08,1.7334238922150915,0
DNK,2017,15.459459048646384,0.1199534785402073,0.0018334172629517,0.0018774285276367,0.0092760808254194,0.0571708611704255,8.385709964839934e-09,1.2837077723447896,0
IRL,2017,15.340190140300454,0.105452757703398,0.0014942660282367,0.0026627567146314,0.0048640990664633,0.0606684596739454,7.2890299734350214e-09,1.3787660946990992,0
AFG,2017,17.34217622043291,0.1784506084981222,0.0147455234392661,0.002234317053597,0.0040067592087422,0.058393366022432,2.0575899788316173e-08,0.3506568716131693,3
NLD,2017,16.634046685536912,0.1413738390930938,0.0034507423344024,0.0026839599549361,0.0207867017595652,0.0516973585228511,1.2167199925979622e-08,1.4445632692438664,0
GBR,2017,17.958757230787985,0.1328379835219883,0.0029297849855275,0.0053957885151483,0.0216180891319381,0.0397391302265741,1.0276899947192663e-08,1.2612978709452054,0
ISR,2017,15.908174862326026,0.3004276150877227,0.0120264010599814,0.0875295985229862,0.0511147468988963,0.0591793799474512,4.5749698953482515e-08,1.420695787837223,0
USA,2017,19.597120634295653,0.1579928526475392,0.0178622371326982,0.0106990574181585,0.0181112997685858,0.0478066745832214,1.3186599913056792e-08,1.33500106673234,0
URY,2017,15.007237129339678,0.0864534756416101,0.0106203865137456,0.0014862160336122,0.0034768577190854,0.0484545941371973,7.099749974796775e-09,1.244154593958768,0
ITA,2017,17.869015485753593,0.1888456013589725,0.013507899156498,0.0048704142538997,0.0211169122648032,0.0580756047604338,1.5779499875503692e-08,1.4327007339340465,0
BEL,2017,16.26005885746853,0.1618978956461666,0.0040441374413466,0.0046592249344825,0.0248640447243117,0.0480999030685706,1.5144599885320546e-08,1.8961194845522975,0
CYP,2017,13.916968591835785,0.1206877781374998,0.0151077057324534,0.0087408531952008,0.0031091994260669,0.0699704567735203,1.2547499921280125e-08,1.181727195378616,0
DEU,2017,18.203404030042293,0.1532742490168104,0.0051715643787874,0.0029732415334759,0.0201315173235719,0.0516912038341664,1.2708299919249557e-08,2.192770226986839,0
TJK,2017,16.008075072945633,0.166647786673777,0.0178682192995583,0.0088990883923748,0.009154653990234,0.0553534736224172,2.4304299704650507e-08,1.6882490928583902,3
CRI,2017,15.398262681000183,0.1159792738557326,0.0352934355224446,0.0038692746926599,0.0091080346371272,0.0465986650613293,1.4253599898417444e-08,0.7654678421395714,0
PAN,2017,15.185142447932996,0.1168619538129342,0.0223656194357729,0.0020326777101892,0.0058051355481365,0.0522067216422289,1.662969986172654e-08,1.1474024528375415,0
BRB,2017,12.31357802432363,0.0754350505526691,0.0008940632063534,0.000467172857765,0.0003588566032663,0.0537088974540388,1.913289981696607e-08,1.958685340544036,0
AUT,2017,15.97560842747582,0.159258735184954,0.0091636105788219,0.0026376064557839,0.0169074501163111,0.053180154520678,1.2799299918088962e-08,2.124653884501384,0
CHL,2017,16.70384463787071,0.3574945672557546,0.0237067843823606,0.0612897944224302,0.0274184181071883,0.0527030572239933,3.8828699246166055e-08,1.128171090909654,0
ATG,2017,11.201637622434069,0.0746015606760054,0.00113617131286,0.0021093886745897,0.0003987175016115,0.0555007904310838,1.4990599887640957e-08,1.449269160281279,0
BRN,2017,12.863435148997947,0.1425167210075936,0.1006002689398685,0.0027044975473569,0.0068946472015242,0.0472292290808097,1.4715099891732916e-08,1.4678743481123135,0
MLT,2017,12.76802752422998,0.1088109071050796,0.0016447157132889,0.0055671317251316,0.004730900621384,0.069042589869156,9.680209953146768e-09,1.7029282555214391,0
KOR,2017,17.670232422190935,0.4201608941303124,0.0320363964879917,0.0715470265872785,0.0659054339863893,0.0592843574813029,7.88834968886969e-08,2.5847519847577165,0
LCA,2017,11.971354301513816,0.0757094313474227,0.00139497457039,0.0009466797572822,0.0004968905294512,0.0543801283097301,1.8165699835003672e-08,0.8415671856782186,0
BLZ,2017,12.83314441787974,0.1056128338229206,0.0427417522057021,0.000730487129299,0.0013096460391252,0.0504408149790948,1.5673699877167566e-08,0.712949807856125,0
TTO,2017,13.998892102772386,0.0819748988662142,0.0076645977822491,0.0007649353623341,0.0036893639196371,0.0545095697147235,1.92831998140791e-08,1.244154593958768,0
JAM,2017,14.815561905825234,0.1193533629357511,0.0135930110029078,0.0070638074639273,0.0074590589235079,0.0592502230070091,1.997279980054363e-08,0.9969486348916096,0
SVN,2017,14.545030313040083,0.1863995388441899,0.0182843498058071,0.0066652031012678,0.0172933857025633,0.0538350629193216,1.54898998800315e-08,1.706564623164823,0
ECU,2017,16.592252884533885,0.1615979383155673,0.0444569187314538,0.001448696132839,0.0082041289117749,0.0413195322896618,1.6279199867493826e-08,0.8754687373538999,0
TON,2017,11.113883434661837,0.0504939281294569,0.0005087895446453,0.0002603701007632,2.4299704759782883e-05,0.0504582447788755,6.2033099807594735e-09,1.247032293786383,0
SGP,2017,15.3902295413125,0.1502689576825487,0.0190669714736601,0.0436686554137537,0.013703222511843,0.0594598042785431,2.6164699657704242e-08,1.249901736214336,0
GRC,2017,16.123692465531295,0.1387470571185104,0.0114625986807325,0.0100152039963849,0.010467884028128,0.0610907631197503,1.1896999929230696e-08,1.6505798557652755,0
COL,2017,17.69876244080579,0.1746004010743249,0.0568918944379189,0.002774592256465,0.0085957345938592,0.0373612821889215,2.0301099793932676e-08,1.007957920399979,0
PER,2017,17.264878782214566,0.1333492930454006,0.0450840621925062,0.0026271889150201,0.0060416593653866,0.0414065850104765,1.287629991710045e-08,0.9669838461896731,0
VCT,2017,10.911224280591671,0.0756503927968944,0.0011604474203662,0.001140002949641,0.0003927738542497,0.0541779766275347,1.860779982687489e-08,1.4154485507724637,0
MUS,2017,13.97322387548333,0.0640406365886265,0.000746617211991,0.0009154398570437,0.000658493145792,0.0497361020908315,7.805829969534509e-09,1.5085119938441398,0
THA,2017,18.02269670860714,0.2741427807488998,0.054089110399128,0.0226221858573338,0.0152781454829189,0.051746290074192,3.739869930066864e-08,1.1378330018213911,0
BRA,2017,19.13228652543112,0.1400351233187162,0.0496333209937462,0.0059468573398361,0.0079350560056881,0.0462300444978108,1.4853099889692712e-08,1.205970806988609,0
ARG,2017,17.59916307788991,0.1138943761666109,0.0349671961082419,0.0015828925643008,0.0098915261539086,0.044657066734396,9.886379951129746e-09,1.790091412127358,0
MDV,2017,7.971921039915879,0.101402844498717,0.0010579601627359,0.0003442877261785,0.0001278358286522,0.053741920511609,1.4187099899363098e-08,1.7817091333745536,0
PRY,2017,15.712478781334958,0.1418556646603289,0.0763643557473957,0.0006433540034248,0.0032860270943669,0.042979597366283,1.2074499927103226e-08,0.636576829071551,0
DOM,2017,16.171810788464906,0.1270951466089228,0.026659918126423,0.0028266283194648,0.0119799114445569,0.0524898659092737,2.0239399795183346e-08,0.9082585601768908,0
MEX,2017,18.67714957243733,0.226068506259767,0.0649089153456665,0.2294520826204785,0.0229540074578352,0.0536617180435064,4.1241399149573495e-08,0.688134638736401,0
KEN,2017,17.693316674968848,0.3014955202172112,0.0481832600403725,0.0044157800766679,0.0102960107029641,0.0457902805134634,3.418829941558008e-08,0.8754687373538999,0
CUB,2017,16.212660445759525,0.0976840689893626,0.0137988760895153,0.0028687781182765,0.0031486836886317,0.0591325711452098,1.2874199917127488e-08,1.6428726885203375,0
SLV,2017,15.621182644674445,0.1894645232920967,0.0873179880629834,0.0095405706753081,0.0151483058641042,0.0522103805433647,2.3864499715242824e-08,0.7275486072772778,0
GRD,2017,11.335603986922154,0.0757382280641295,0.0010833849265607,0.0005304033112908,0.0003266746360303,0.053813109152983,1.8702999825098892e-08,1.4655675420143983,0
WSM,2017,12.05227842716298,0.051217316251285,0.0005576554812748,0.0002800527815587,8.899603973497398e-05,0.0442785490559967,5.7022199837423434e-09,1.247032293786383,0
TZA,2017,17.847975904404283,0.1386535222174829,0.0347054635852268,0.001186093313141,0.0020663506262989,0.0420484705077969,1.3127099913839624e-08,0.5197853651374625,0
VEN,2017,17.26183837419514,0.1337310119492594,0.070489474351322,0.0024236485895375,0.0070420147095875,0.0487673397176623,2.112269977691577e-08,0.6471032420585385,0
HRV,2017,15.187725926047614,0.1696034762779406,0.0198398491524574,0.0077264876686618,0.0122270312622495,0.0567136298372605,1.4224699898828956e-08,1.888583653863595,0
JOR,2017,15.868352258668144,0.2649446646771299,0.0181976183895788,0.0638184863497291,0.0384839244834666,0.0597761091816978,4.0551199177800114e-08,0.8960880245566356,0
PNG,2017,15.8617114825203,0.0869433956789528,0.1109804500021806,0.0051588183846064,0.0010017121188493,0.0315414738663844,9.094379958646128e-09,1.247032293786383,0
SUR,2017,13.213076132501248,0.0885505430322867,0.0399377512123454,0.0006198018831234,0.0002777754168364,0.0444648162765965,1.6142099869716303e-08,1.3428648031925547,0
CZE,2017,16.17049947133356,0.172902610797509,0.0068738121297926,0.007722793316708,0.0194864675190224,0.0517858703268339,1.5528799879428184e-08,2.0425181875752383,0
LKA,2017,16.79022118590107,0.2269352329951995,0.0340943670189415,0.0181563002942542,0.0118198544815536,0.0544988242027918,3.5338499375595226e-08,1.56234630490025,0
SVK,2017,15.50386916608258,0.162463067437519,0.0103112290879017,0.0099863707977808,0.0157862302040641,0.0512309492686375,1.3673299906520436e-08,1.9198594718553708,0
FJI,2017,13.560492597208365,0.058328666715754,0.0084371677872753,0.0020591005965554,0.0005444677505298,0.0473888444187831,6.596969978239993e-09,1.0612565021243408,0
RUS,2017,18.791508815913478,0.137609381189802,0.0049943365128286,0.0110785614882952,0.017926561722407,0.0514949585568496,1.1226499936982851e-08,2.105352923464337,0
LVA,2017,14.452872729367442,0.1451054421565105,0.0029814729889713,0.0028946374916433,0.0058392612818211,0.0554358893373962,1.1097099938427189e-08,1.8825138324965192,0
LTU,2017,14.85160563061386,0.1402570815126722,0.0026917310393654,0.0038536352006031,0.006347846722009,0.0553572650827228,1.1103699938353925e-08,2.0228711901914416,0
NIC,2017,15.63460413495234,0.1060832126494344,0.0540262357988038,0.007295444412351,0.003353236612763,0.0463612322897179,1.4426499895938052e-08,0.6523251860396903,0
TUR,2017,18.162083362016173,0.1403342472731168,0.0144784939238669,0.0091050410230931,0.0147996252832747,0.056589332034624,1.5514899879643942e-08,1.3137236682850553,0
SYC,2017,11.098438885485336,0.0711747326957079,0.0007367655216152,0.0003339052474376,0.000134423964694,0.0465388276807987,7.1043399747641765e-09,1.3056264580524355,1
SSD,2017,16.38222902270923,0.2258395689903464,0.117869213276319,0.0011093144831092,0.005510024893319,0.0401765864646071,2.979619955609324e-08,0.7178397931503169,1
GTM,2017,16.648723360255637,0.2165542977870656,0.0957578941107703,0.0075513834010921,0.0130527213799455,0.0466852138987473,2.6679699644096808e-08,0.371563556432483,1
KWT,2017,15.141749257566618,0.2880733636373989,0.056745161018318,0.1369880002919502,0.0705514350954548,0.074073663235526,8.446309643299257e-08,1.1151415906193205,1
MWI,2017,16.723498659008662,0.1903789751058537,0.0352579351715393,0.0017790575382538,0.0046955167864172,0.0414574218930023,2.234069975044657e-08,0.832909122935104,1
NAM,2017,14.754942002269072,0.1335568837996198,0.0425051758953797,0.0015406915250464,0.0031712263421936,0.0482860455147797,1.44127998961356e-08,0.7178397931503169,1
COM,2017,13.29359537166706,0.079378890780462,0.0013534187155646,0.0004852622412314,0.0004116842464104,0.0497049798008559,8.141679966856524e-09,1.1505720275988207,1
POL,2017,17.467466160697224,0.1518436420895935,0.0042127777775204,0.0113933466306655,0.0148394556205467,0.0519253451861856,1.3502499908841248e-08,2.0255131996542803,1
HUN,2017,16.096564447294462,0.1576529312075593,0.0101413037058009,0.0131563454975675,0.0140794536859489,0.0525726726253997,1.346309990937247e-08,2.081938421878423,1
ETH,2017,18.463046753068365,0.2547379959573042,0.0544823566685985,0.0013947029495217,0.0064841811859485,0.0451591824918506,3.233829947711718e-08,0.2851789422336623,1
DZA,2017,17.505574711794296,0.2034639455225744,0.0232971496285785,0.012834228815097,0.0242011074312538,0.0656007879673904,3.2424499474325914e-08,0.959350221334602,1
KIR,2017,9.535155643701025,0.0549509333133197,0.0005165925430922,0.000177441256369,1.1399935020493843e-05,0.0397798030445732,5.973339982159604e-09,0.9516578757114464,1
ROU,2017,16.7548510476836,0.1509406979149274,0.0094237437156432,0.0088827374156631,0.0121473769649988,0.0529940412272019,1.2375199923427212e-08,2.061786606441115,1
IRN,2017,18.2068301062023,0.3276522654921399,0.0327736272079716,0.038663709978888,0.0482587534719659,0.0644966999938425,4.0542499178152877e-08,1.0647107369924282,1
FSM,2017,10.412010326778365,0.0599929908501766,0.0006751420403138,0.0001516834954769,2.5199682485334235e-05,0.0447710056630682,6.154619981060326e-09,1.247032293786383,1
CPV,2017,13.017542827050107,0.0836534956944971,0.0009311173756417,0.0005698096276551,0.0003860044906799,0.0613851891892028,3.66808993272558e-08,1.1314021114911006,1
VNM,2017,18.34054449714585,0.3297816638574637,0.0417230585201302,0.0104104853618808,0.0163967377551297,0.0547839909133971,4.652829891755869e-08,1.2584609896100056,1
SRB,2017,15.748329957251668,0.1515998337553967,0.0159095748780835,0.0208342508719007,0.0098454263409811,0.0550334429722277,1.2812799917916078e-08,1.8825138324965192,1
ZMB,2017,16.663877926406165,0.1689638392281905,0.0342683589270086,0.0056569154402656,0.0042635212626682,0.0448345790534764,1.898809981972603e-08,1.0986122886681098,1
GUY,2017,13.522120881418603,0.0862786361005817,0.036529621373288,0.0003068369207369,0.000180118777639,0.0442714459667155,1.6843599858146572e-08,1.0043016091968684,1
LBY,2017,15.674212342837048,0.1298116673915542,0.0081878974913733,0.0069779056901045,0.0091902341320399,0.0652142615096362,3.5293699377177384e-08,1.4350845252893227,1
BOL,2017,16.22020518901032,0.1452637284513875,0.1217421409348817,0.0003687390074152,0.0019087312130259,0.0318179233996874,8.458419964227565e-09,0.8153648132841945,1
HND,2017,15.924384600220614,0.1421242473256907,0.1043249624576459,0.0031850583122943,0.005590776443679,0.0443581420564372,1.7244599851311888e-08,0.494696241836107,1
ZAF,2017,17.824310845748034,0.3859863679148937,0.0343249832158922,0.0461204971107216,0.0339764736356278,0.0496721137371508,5.005189874740369e-08,1.1786549963416462,1
HTI,2017,16.157609900833176,0.1441133534129432,0.0205189706609955,0.0010483712667521,0.0071326758801704,0.0580351740087871,2.0448899790921247e-08,1.1704160207970933,1
GAB,2017,14.352382850830748,0.1760841076236843,0.0597825892888809,0.001354482274583,0.0018470970654192,0.0423519246946182,2.05035997898012e-08,1.0818051703517284,1
TUN,2017,16.205764449632284,0.1820776878936847,0.0105744340800296,0.0191204220981017,0.0153748006890544,0.0623772800515679,2.5901999664543202e-08,1.0331844833456545,1
TLS,2017,14.010159733134428,0.0991668559861179,0.030325030943439,0.0004803825978015,0.0007628099864709,0.0464330736335171,9.246769957248622e-09,0.3506568716131693,1
ALB,2017,14.852663604533983,0.1390222149312198,0.011294241262286,0.006484547800959,0.0073846234271307,0.0611168016540805,1.1936499928759984e-08,1.3402504226184837,1
SLB,2017,12.995389500059852,0.0544472308469633,0.0157057809836698,0.000258203662565,2.9699558963732496e-05,0.0433907368828213,6.866689976424284e-09,1.247032293786383,1
ZWE,2017,16.602460600994608,0.1737388084899988,0.0330171492404473,0.0032295204803213,0.0050224563243954,0.0438211164946675,1.630899986700826e-08,1.0420419371797154,1
IDN,2017,19.346251125506512,0.236789449889816,0.0497181153942497,0.0202186201709093,0.0155832066753302,0.0532333470916976,3.5554899367924564e-08,0.7030975114131134,1
BTN,2017,13.770728681366345,0.3668022670486389,0.046451011435976,0.0058279106899852,0.0100238261721229,0.0568666819346344,3.4578399402167146e-08,0.9895411936137476,1
VUT,2017,12.212551065179646,0.0552341692794131,0.0032434303883154,0.0007555794779192,0.0001430987608839,0.0497812412287882,7.862779969088345e-09,1.247032293786383,1
BWA,2017,14.653317449832418,0.1236082794859491,0.0405387220824062,0.0052365363798904,0.0037459641075264,0.0498730202221684,7.010769975424552e-09,1.264126727145683,1
KHM,2017,16.58841819996874,0.1913169962398383,0.0803728273318916,0.0049605242306527,0.0063938367912524,0.048311075723414,2.2561899745480336e-08,0.5850050219402422,1
AGO,2017,17.076266813875115,0.2154985320831118,0.0649579815892341,0.0020322465873212,0.0052366080038427,0.0488183275161601,2.5078299685539443e-08,0.7178397931503169,1
MDA,2017,15.191849987770414,0.1289830082642395,0.0043822538838258,0.0117512843999689,0.0068174095644138,0.0566503161482157,9.667989953264985e-09,1.9110228900548727,1
MDG,2017,17.051144486147642,0.1260189648692307,0.0417207057583044,0.0005899389517923,0.0026617882962599,0.0423673304627264,1.0238899947582464e-08,0.2795238847503174,1
LBN,2017,15.37240416434826,0.2784753556516385,0.0111391051690237,0.0377206694192483,0.0353974310234175,0.0605332488887553,3.7462899298265586e-08,1.316408233655724,1
MYS,2017,17.20291227757469,0.2058753105616245,0.0971638742869731,0.0076197438766015,0.0161658713281374,0.0534896127520254,2.5583199672749945e-08,1.0612565021243408,1
MAR,2017,17.381670956042303,0.173111790963139,0.0192087735489625,0.0165679759574599,0.0144469602999738,0.0601510399927494,2.1946099759184353e-08,0.5423242908253617,1
UGA,2017,17.547543824436858,0.2986486708884862,0.0582708637824408,0.0167668248879452,0.00708792421189,0.045544236959134,3.5690699363086984e-08,0.4054651081081644,1
BIH,2017,15.156091140733585,0.1511256097702497,0.0216397221369706,0.012807442449614,0.0079149509711833,0.056272081795367,1.2612099920467469e-08,1.220829921392359,1
GNQ,2017,13.648189552226302,0.1612703756787465,0.0373749376803847,0.001802155142486,0.0011052649695774,0.0457883055398055,2.24855997471989e-08,1.1314021114911006,1
DJI,2017,13.617085996941322,0.141160572531502,0.0060182608835452,0.0023364423914746,0.0033972787081852,0.0597519082923538,3.352929943789303e-08,0.883767540168595,1
RWA,2017,16.30861416984419,0.4257999408167399,0.0393622214097464,0.118576366219792,0.0131933773795494,0.0460356364149293,6.880989763259895e-08,0.5423242908253617,1
LBR,2017,15.29435861007973,0.1857388129840864,0.0536373963824764,0.0008694329336271,0.0019797749516391,0.0469495137029256,3.2320799477682954e-08,0.7047463164032972,1
MRT,2017,15.24310367353634,0.1112180997660442,0.0215541297746914,0.0013560681238638,0.0021254845564712,0.0529729144350229,8.713889620340628e-08,0.7178397931503169,1
MOZ,2017,17.191862217115332,0.1271022657571934,0.0361963491792968,0.0007352916068579,0.0023346076814934,0.0434490066305406,1.3881199903656144e-08,0.5709795465857378,1
UKR,2017,17.55068674141157,0.1323615346073928,0.0042011577655097,0.0102313181052256,0.0108251342396966,0.0531680713639426,1.037429994618695e-08,2.0541237336955462,1
BHR,2017,13.60089570865575,0.2286131330431031,0.0294703196863018,0.0377083768798233,0.0356445541971779,0.0792344775571103,6.09809981406589e-08,1.007957920399979,1
SOM,2017,16.243092963692668,0.0860393362110292,0.0336895560061872,0.0003287689495656,0.0003246652905204,0.0479721449068713,1.3985399902204292e-08,0.6259384308664953,1
LAO,2017,15.764084870696122,0.3077731155050784,0.1032786299368678,0.0042911976273653,0.0071047593193176,0.0515516551067543,3.1497599503950606e-08,0.947789398933526,1
SWZ,2017,14.06972975664508,0.2083423690503251,0.0385196241785991,0.0079071400091284,0.0104503028760267,0.0477077453889777,2.295209973660056e-08,1.1052568313867783,1
BGD,2017,18.88728703866185,0.4982586717676344,0.0383031028546173,0.0194989831617494,0.0257315390607835,0.0566899742294863,8.556659633917869e-08,0.6097655716208943,1
COG,2017,15.314391722121702,0.2286374465965872,0.0945451672568315,0.004046714992932,0.0030854441179653,0.0396637185616216,2.6077199659989825e-08,0.7178397931503169,1
BLR,2017,16.063603612354825,0.1260276538626233,0.0032336012716648,0.0042355274760682,0.0083259062490465,0.0520316633109686,8.490199963958251e-09,2.3978952727983707,1
SEN,2017,16.573896183309536,0.150482404496063,0.0224405723087283,0.0278342315579888,0.0042781675767736,0.0539284370151312,6.87418976372757e-08,0.5306282510621704,1
MNE,2017,13.33755023804348,0.1382484184450138,0.0140182732672881,0.006563508971947,0.0054545896410097,0.0608047882376648,1.0974799939776882e-08,1.5851452198650555,1
MKD,2017,14.555222504521437,0.1505581564358159,0.017497994256629,0.0238584921256738,0.0120806630536112,0.0559503074139233,1.283949991757362e-08,1.717395053939193,1
BGR,2017,15.802694004487346,0.15351887599553,0.0138518052440831,0.0293993963332141,0.0130684881063508,0.0533581466667285,1.3108799914079682e-08,2.134166441369082,1
MLI,2017,16.74994246668894,0.1624529603218567,0.0639351782253358,0.0006789434657148,0.0036520790335709,0.0444243799458012,4.6089398937883634e-08,0.1988508587451651,1
MMR,2017,17.80195616764427,0.2403013846162333,0.1086071994714424,0.003807881806947,0.0050096178842695,0.0472863229513732,2.709349963297113e-08,0.7227059828014898,1
GEO,2017,15.18691816416369,0.1291937895614752,0.0216046898605539,0.0053684848633037,0.0061468692308855,0.0533637073130919,1.2190999925689761e-08,1.6054298910365616,1
CHN,2017,21.03411233268236,0.5243435128139524,0.0248288540407909,0.076103047238685,0.0690486249993621,0.0536085725154933,9.383209559776877e-08,1.673351238177753,1
COD,2017,18.22936128215372,0.2848552184121884,0.1016957856302666,0.013218433298974,0.0054933747498624,0.040006760314618,3.658069933092621e-08,0.7178397931503169,1
SDN,2017,17.556938226399257,0.1375024403175424,0.0230066067150532,0.0017792242414014,0.003522834525422,0.0567352778470426,4.3346999060518824e-08,0.5538851132264376,1
BDI,2017,16.292236064105747,0.3355416244502854,0.033868337790773,0.0093470191943128,0.0092949180973419,0.0447103926264066,4.410019902758621e-08,0.585933096252796,1
ARE,2017,15.994068684977403,0.250257626284558,0.0543751580634007,0.0294029250447816,0.0605314899503854,0.0783952226869749,7.298719733643446e-08,0.9001613499442714,1
KAZ,2017,16.704859928400445,0.1289365324040927,0.0066994604159622,0.0104377001882491,0.00838554682092,0.0559085485927537,1.564379987763576e-08,1.8453002361560848,1
NPL,2017,17.222542669767176,0.613331353938623,0.060479929937305,0.0139690903554294,0.0169079053538638,0.059661577006001,8.480749640384417e-08,0.2546422183735807,1
ARM,2017,14.93326556996532,0.1510208510189555,0.0165295678528145,0.0099101280648487,0.0109342328014744,0.05530244453307,1.7855999840581634e-08,1.6620303625532709,1
FIN,2017,15.47193579519097,0.1197994404562342,0.0019452457820313,0.0015143777509639,0.0176973981496585,0.0515551024895338,5.548059984609515e-09,1.55814461804655,0
AUS,2017,16.985887377832096,0.080563341351069,0.0395015833209472,0.0086900618001048,0.0149872342314524,0.0479012879678485,7.485469971983869e-09,1.5611476233063195,0
SWE,2017,16.030016420015553,0.1156871964745409,0.0020586545159269,0.0011371881563774,0.0055922820017274,0.0586587666402546,6.032629981803687e-09,1.1662709371419244,0
ERI,2017,15.534700483102354,0.1829738739888236,0.0295264774472592,0.0019117544324233,0.0045850814303667,0.0583498564602818,2.964639956054549e-08,0.8020015854720274,2
SYR,2017,16.78114966734081,0.2223097325839714,0.0163590589361006,0.0258781368957203,0.0253660150723095,0.0591612548610408,3.5662299364100194e-08,0.8754687373538999,2
BEN,2017,16.257801007384696,0.2377453719481899,0.0433113686557591,0.0023327839425155,0.0051023916319293,0.0514500073195143,4.898999879998999e-08,0.3506568716131693,2
IRQ,2017,17.464377529918558,0.2688715591027641,0.0304893458505434,0.0315491929147014,0.0309720158060427,0.0627181691144026,5.8434698292692986e-08,0.7227059828014898,2
IND,2017,21.008477756839312,0.5488717431232226,0.037535666374422,0.0349314659318712,0.032027015830667,0.0593719765564365,9.549389544045783e-08,0.9783261227936076,2
NGA,2017,19.06584496627949,0.3400118142046501,0.0441870441446984,0.0033765490368283,0.0101990137903892,0.0532697434223009,7.45107972240705e-08,0.7178397931503169,2
PHL,2017,18.35385055329159,0.146787832469571,0.0353719893853971,0.035282468437759,0.009696819513963,0.0521580769103451,2.1315899772816213e-08,0.6830968447064438,2
STP,2017,11.883492525065115,0.1072437946741252,0.0012321156336889,0.0001581095000342,0.0001364456908633,0.0515148385847523,1.3596599907566237e-08,0.7178397931503169,2
NOR,2017,15.399767768911994,0.1241241725287533,0.0054720828084098,0.0045652453914089,0.0108335476330668,0.0553182343221039,6.359479979778507e-09,1.5260563034950494,0
ISL,2017,12.586421805620834,0.1009230463378356,0.0008957556910549,0.0007710296802069,0.0009179775296706,0.0567154044970367,4.9172399879103755e-09,1.4011829736136412,0
CAN,2017,17.35421521867917,0.1488399359005164,0.0054241228124676,0.0073146357058752,0.0138326926449782,0.0455458693039586,1.1870899929540868e-08,1.2556160374777745,0
BFA,2017,16.769523082053272,0.1755120026505386,0.0598049429126265,0.0010182853714288,0.0041228961711793,0.0449751919386411,4.281779908331803e-08,0.7178397931503169,2
CIV,2017,16.952274656815913,0.1888540750261942,0.0597457802188521,0.0014565327409969,0.0022704006887023,0.046294907867528,3.18790994918615e-08,0.7178397931503169,2
TKM,2017,15.539266403738154,0.127120781998275,0.0079373328642042,0.0028140618113802,0.005174016660781,0.0578382431603574,4.045339918176124e-08,1.5810384379124025,2
GMB,2017,14.42726923984674,0.1594921348229341,0.0229082195564152,0.0117816025560794,0.0041155395372564,0.0537128762711384,6.134859811817471e-08,0.7178397931503169,2
GHA,2017,17.15925977475388,0.2320597500132335,0.0500764727102442,0.0022295187749212,0.0042361209568562,0.0481461320765328,4.295809907730085e-08,0.5335651107354801,2
QAT,2017,14.608334986969997,0.2312902970812146,0.0385335367170114,0.0168897478024712,0.0328168637477043,0.0811208895967725,5.7613398340348144e-08,0.6626879730752367,2
SAU,2017,17.29894684036308,0.1585729494487242,0.013060784412631,0.0446162273066372,0.016182443114114,0.0676474703974988,5.7479398348059353e-08,1.2149127443642704,2
TGO,2017,15.832450904414673,0.2340304462265863,0.0453400297707756,0.0024008676094762,0.0047911351598977,0.0496578794886138,4.579659895133575e-08,0.494696241836107,2
PRK,2017,17.02221433713761,0.4775972390487893,0.0161811315108509,0.0403985586439366,0.0362953268417541,0.0586697867141209,7.443869722944011e-08,2.669540346340334,2
GNB,2017,14.412478809466515,0.1643102942953487,0.0464892801171071,0.0033563262303657,0.0023693369031921,0.052591025355126,5.1638298666743035e-08,0.7178397931503169,2
NER,2016,16.847862044953654,0.1750634981962346,0.0349018647623473,0.001421134709539,0.0055309769078492,0.0495050069539451,6.598029782330012e-08,0.262364264467491,2
SLE,2016,15.607862496647634,0.3261488721568008,0.0700976175635587,0.0026116795939218,0.008404690431544,0.0520142785085527,5.97814982130862e-08,0.7323678937132266,2
PRK,2016,17.017496276665916,0.4910841137541116,0.0171565569889095,0.0408438614811714,0.0359055288048718,0.056531270859807,7.526789716737177e-08,2.669540346340334,2
GIN,2016,16.36301169595047,0.3079117534005087,0.081265734855415,0.0026347709405984,0.008024058960356,0.0509680835925085,5.3837298550772616e-08,0.262364264467491,2
KGZ,2016,15.66222504004848,0.1321708444985281,0.0101001186443177,0.0073896908546413,0.0125130620723393,0.0575187771508361,1.5032399887013478e-08,1.6956156086751528,2
YEM,2016,17.11335310457918,0.1556170065303182,0.0320874500879689,0.0158179391566175,0.0115590717788539,0.0593033257312355,3.5020499386782305e-08,0.4510756193602167,2
CAF,2016,15.427269558587849,0.2903699194524541,0.1659452253366058,0.0012269879423286,0.0047838471349073,0.0414919963101101,3.7097699311880356e-08,0.6931471805599453,2
TCD,2016,16.487184957232706,0.1740285227820643,0.0868106830186086,0.0007405946920382,0.003828038701625,0.0473869802795001,4.9986998750649964e-08,0.3750059006234558,2
EGY,2016,18.33501675268532,0.2892066149960066,0.0138572049137052,0.0448961561611998,0.0340905310512875,0.0598890649126681,5.816439830845136e-08,0.8109302162163288,2
NZL,2016,15.232060611936175,0.0610767868685258,0.0102455189640387,0.0057209053698366,0.0036263239323288,0.0446882056899095,5.71493998366973e-09,1.3137236682850553,0
FRA,2016,17.98992245555665,0.1561739516317417,0.0061446678020175,0.0033043486219122,0.0167543576078928,0.0505022431716285,1.3641299906957468e-08,1.9754689512968575,0
ESP,2016,17.60067448392405,0.1351915732617003,0.0116961634259743,0.007674697026807,0.0137373717452242,0.0564867409338908,1.0496799944908595e-08,1.3737155789130306,0
CHE,2016,15.934345896375255,0.1640574929018584,0.0093606411787987,0.0018190505239496,0.0179135490127957,0.0499584946875291,1.2483799922077371e-08,1.7387102481382395,0
CMR,2016,16.98286543600776,0.2399403424705994,0.0747227045955823,0.0047562580506634,0.0044475191082696,0.0447199424082396,4.3756899042666886e-08,1.2947271675944,2
LSO,2016,14.567751890946091,0.171580874120053,0.0347247667078544,0.0241020636165002,0.0174211723132969,0.0512968485463918,1.0614299943668318e-08,0.7323678937132266,2
PAK,2016,19.06619313221617,0.5759346323321596,0.0376752618660931,0.0359182245898792,0.0356323162049486,0.0603267225453484,1.0410599458097076e-07,0.3987761199573678,2
BHS,2016,12.535171695464737,0.0895721935482343,0.0022246516265546,0.0022866985109662,0.0017739755744707,0.0614128765854728,8.914229960268252e-09,1.350343296834232,0
OMN,2016,15.354890787200596,0.1431808313082412,0.0157251275420881,0.0132916394887222,0.0139275873101442,0.0640092819857216,4.7997598848115245e-08,0.7654678421395714,3
MNG,2016,14.915944283475362,0.1289000256320583,0.0055634174536986,0.0138454903057995,0.0060100176091238,0.0578621978415768,1.4502299894841648e-08,2.145931282948669,3
LUX,2016,13.292653529579134,0.1637428166922056,0.0053974316239611,0.0020919533389904,0.0201758958580954,0.0466690048670584,1.457669989375991e-08,1.7595805708638197,0
PRT,2016,16.03084461870821,0.1462827193009795,0.0102956128206466,0.0072299994511211,0.0135367089360131,0.0560850231643915,1.3879299903682516e-08,1.47932922708708,0
AZE,2016,16.087781296899372,0.1334935806596593,0.0133885115500528,0.0085127415810577,0.0058717435240261,0.0528903136192105,1.3735999905661153e-08,1.6331544390514163,3
UZB,2016,17.207162619328745,0.1541063014139796,0.0134635522573777,0.0123191605830827,0.0253300318345783,0.0509889147548092,2.8279499600134945e-08,1.6524974018945473,3
DNK,2016,15.455819512247668,0.1258793337810599,0.0021726271354911,0.0021700886534327,0.0122468077719445,0.0528427383826116,8.333519965276221e-09,1.2809338454620642,0
JPN,2016,18.61792290886942,0.1654403120014605,0.0118920860099862,0.011797255919733,0.0238157843864131,0.0564209894732716,1.901089981929284e-08,2.645465325910589,0
IRL,2016,15.33213891203252,0.110292349945605,0.0016901129541315,0.0029505957080022,0.0062386153081714,0.0578937430817257,7.598249971133299e-09,1.3737155789130306,0
AFG,2016,17.319034241208925,0.1747352240357925,0.0138132433585644,0.0022530230364247,0.0038729703585577,0.0575296425192838,2.0670599786363152e-08,0.371563556432483,3
NLD,2016,16.630829799731284,0.1466885682530912,0.0035785234404946,0.0029195748904976,0.0232962840308934,0.0473731437701913,1.2865299917242028e-08,1.4770487243883548,0
GBR,2016,17.952578003512187,0.1412036834364286,0.003213489208418,0.0063137115099924,0.0255921259556745,0.0358374394503254,1.1423599934750682e-08,1.269760544863939,0
USA,2016,19.58991705199543,0.157941154606676,0.0205226826999362,0.0113766152060873,0.0191075446056964,0.0459181689346583,1.3285899911742433e-08,1.3137236682850553,0
ITA,2016,17.86911417568009,0.1896795155007107,0.0113008056801178,0.0053545119800845,0.0232086984756798,0.0543157752810585,1.7129899853283266e-08,1.430311246536665,0
ISR,2016,15.89151659003323,0.3301493269492806,0.014536723001698,0.1047453816016602,0.0593898249449389,0.0528103635644446,5.0827098708303e-08,1.4134230285081433,0
EST,2016,14.008975421850998,0.1416358741633672,0.0035486769910484,0.0086841840829838,0.0110753908051178,0.052580799802599,8.994289959551375e-09,1.7387102481382395,0
BEL,2016,16.25436839925646,0.1653057836598234,0.003862043699313,0.0048764398170863,0.0259622160587997,0.0456451714035678,1.6247299868012622e-08,1.9110228900548727,0
CYP,2016,13.908068171112289,0.1276900106742113,0.0284709136178649,0.0115553510297862,0.0053850276770744,0.066541397218754,1.0420699945704506e-08,1.2119409739751128,0
DEU,2016,18.2041344724022,0.1553395280099863,0.0054813310197166,0.0031953803302112,0.0214493882877632,0.049122760099296,1.297029991588566e-08,2.199444334074532,0
TJK,2016,15.986872943268656,0.164117762732472,0.0170488037081139,0.0086714639464215,0.0092065781000227,0.0535133732378317,2.3211099730622424e-08,1.7029282555214391,3
BRB,2016,12.311747786688208,0.0759001220789906,0.0010520673829803,0.0006766790011147,0.000651682608754,0.0513251082478075,1.6188399868967855e-08,1.9459101490553128,0
AUT,2016,15.972968835653075,0.1622606149374414,0.0088848307362061,0.0028601947404939,0.0180663620361075,0.0506266784185245,1.3375999910541314e-08,2.130609828254235,0
URY,2016,15.00368672682335,0.0820540690678011,0.0103504230828245,0.0015345230170847,0.0037572925276825,0.0454286367813919,7.257149973666887e-09,1.2556160374777745,0
PAN,2016,15.17022667075829,0.1164543782708383,0.0225628095838781,0.0020877261823078,0.0056703948807641,0.0509162724147389,1.6995399855578192e-08,1.118414915964289,0
CRI,2016,15.388593342889909,0.1177563775232808,0.0376768354487202,0.0042153817808884,0.008737724656227,0.0458279050729286,1.464379989277956e-08,0.7701082216960736,0
ATG,2016,11.191531753842634,0.0765201087545467,0.0015716113716238,0.0034806873733893,0.0007454071150748,0.0534512511274042,1.4024299901659506e-08,1.4770487243883548,0
LCA,2016,11.964711341592167,0.0777524186550602,0.0021419214475844,0.0014771854241908,0.0009816680062563,0.052295713292166,1.5854599874315832e-08,0.8576017355254755,0
CHL,2016,16.693849377902442,0.3424610165977593,0.0245428891872602,0.0588530950007592,0.0286059785462741,0.0485862967326443,3.6934399317925065e-08,1.1346227261911428,0
BLZ,2016,12.812511575880198,0.1053586723561274,0.0421276675181639,0.000779827855203,0.0011756366683203,0.0498695998960347,1.497139988792859e-08,0.6678293725756554,0
BRN,2016,12.85117519644075,0.258484483997181,0.121003763539699,0.0035488424029984,0.0076870795518186,0.04838588321415,2.7094099632954882e-08,1.410986973710262,0
MLT,2016,12.767484990119396,0.1116096783035643,0.0018612727566832,0.0070874396584503,0.0073141383570139,0.0652521764673873,1.2563399921080493e-08,1.7351891177396608,0
KOR,2016,17.666346393425442,0.4523293235904019,0.0346994248235631,0.0752196925349837,0.070866127047671,0.054213764162709,8.5168596373155e-08,2.5626389983283526,0
TTO,2016,13.995658721315491,0.0879827267433392,0.0123300900480285,0.0011423732431463,0.0061273891502612,0.0531549908797511,1.8170999834907383e-08,1.2412685890696329,0
JAM,2016,14.812237297390196,0.1342583916716638,0.0204958536259414,0.0081145656787869,0.0090567465771175,0.0592881256812414,1.9607599807771012e-08,1.0043016091968684,0
SVN,2016,14.54440127869699,0.1882948262458839,0.0148938371106441,0.0071180802509459,0.0177683025973989,0.0512798746810642,1.593849987298211e-08,1.7047480922384253,0
SGP,2016,15.37559863994498,0.1895671746254802,0.0269420679845328,0.0610818659702744,0.0209056550118868,0.0574777643854052,3.546959937095375e-08,1.252762968495368,0
ECU,2016,16.57777579467484,0.1734295884941695,0.0526839687016158,0.0015027582929351,0.0079550961510206,0.0415545491422717,1.739549984869829e-08,0.8671004876833833,0
GRC,2016,16.126085000938748,0.1435665946285079,0.0105447393059704,0.0100900438651279,0.011251987291135,0.0586596323733088,1.2553799921201053e-08,1.6486586255873816,0
TON,2016,11.101871870319725,0.0484216000675507,0.0005463657150658,0.0003144375593287,2.709963280163404e-05,0.0477634628277461,6.3789899796542435e-09,1.247032293786383,0
VCT,2016,10.910642961228689,0.0766471881857396,0.0015262147415452,0.0017017402184144,0.0006711307413741,0.0522585955337229,1.6218399868481752e-08,1.6974487897568136,0
COL,2016,17.690563630978687,0.1895755189113437,0.0690914383624107,0.0027577588849878,0.0084122208454369,0.037138298798602,2.228799975162253e-08,1.000631880307906,0
BRA,2016,19.12453213014037,0.1410586986145404,0.051921877138013,0.0060757790164998,0.0078484948297011,0.0446546933115239,1.5081599886272672e-08,1.2119409739751128,0
PRY,2016,15.699973618856127,0.1387054688513076,0.0625467535723348,0.0006268944605999,0.0034753818582814,0.0411590896702872,1.2656199919910302e-08,0.636576829071551,0
PER,2016,17.252601786430198,0.1341235320253789,0.0564732988689411,0.0023424353548905,0.0052498961477778,0.0417074699919322,1.2070999927145481e-08,0.9707789171582248,0
MUS,2016,13.970516526213803,0.0761269600538594,0.0009025066183562,0.0013172270753731,0.0012505577266275,0.0487895027209637,1.004429994955602e-08,1.506297153514587,0
CUB,2016,16.21313258434333,0.1005589825251561,0.0144108392649955,0.0032320941518379,0.0033455812965365,0.0583688779095443,1.251899992163732e-08,1.6389967146756448,0
THA,2016,18.021159770271325,0.2956504258807028,0.0669316450184957,0.0223874435823123,0.0149972844212551,0.0512899600380364,4.2051299115844113e-08,1.0986122886681098,0
DOM,2016,16.16123681715976,0.1264111100954472,0.0272799766216983,0.0031466590715014,0.0118702529592841,0.0514349000927357,1.8752399824173748e-08,0.8628899551470398,0
KEN,2016,17.667733149223526,0.3144872729317133,0.0480588939994216,0.0045485765232882,0.0103277012241704,0.0460486827781837,3.709159931210662e-08,0.8754687373538999,0
GRD,2016,11.330866033818346,0.0757062903766484,0.0012856372141991,0.0007311836200928,0.0004800507571951,0.0521588608465644,1.6190499868933856e-08,1.4655675420143983,0
MDV,2016,7.976361865563841,0.1063955161599721,0.0011382000045486,0.0004059385957782,0.0001453594348054,0.0538383953568256,1.209979992679742e-08,1.7817091333745536,0
SLV,2016,15.617652127855798,0.1989192064094103,0.1023603452439633,0.0101448822238525,0.0155395700330388,0.0518137305501451,2.5850699665870663e-08,0.7323678937132266,0
MEX,2016,18.665000193234015,0.2223902292383723,0.0653202904762746,0.2256226964926895,0.0214468052866096,0.0509380393232848,3.9458699221505524e-08,0.6931471805599453,0
ARG,2016,17.58960485226156,0.1114352608740507,0.032601221813132,0.001620733900972,0.0107027843227013,0.0408161892242111,1.054359994441625e-08,1.7817091333745536,0
WSM,2016,12.04669430861644,0.0494300670069811,0.0006950374055332,0.0004733719418213,0.000260141160354,0.040414405309943,5.369179985585953e-09,1.247032293786383,0
HRV,2016,15.191613409124654,0.1720722819614874,0.015249472499099,0.0081894090628217,0.0131210374599026,0.0535400995089236,1.4265199898252037e-08,1.8779371654691075,0
SUR,2016,13.204888226629569,0.09029064115411,0.037390996010575,0.0006224752220937,0.0003054903330762,0.0450493930543732,1.5664899877305454e-08,1.33500106673234,0
JOR,2016,15.853605889621916,0.2574080596731442,0.0189024281208083,0.0612560120946942,0.0365620127086581,0.0571369538967678,3.856139925650923e-08,0.8628899551470398,0
CZE,2016,16.169912535698515,0.1772194665724625,0.0075316100852015,0.0084682876248869,0.0207471115226551,0.0489960099744223,1.5921799873248145e-08,2.0451088625993306,0
PNG,2016,15.840942697605048,0.0821127381428817,0.1151777666661656,0.0052222711738064,0.0009030011716947,0.0300370080718778,8.09294996725208e-09,1.247032293786383,0
TZA,2016,17.816576000598783,0.153107717845731,0.0354357872341751,0.0012459295073797,0.0024522517713323,0.0433853727304276,1.5513799879661012e-08,0.378436435720245,0
VEN,2016,17.249466730355028,0.1379030870779984,0.0767317778202655,0.0025858129023111,0.0071964304668309,0.0472085052001838,2.2151599754653317e-08,0.6312717768418579,0
FJI,2016,13.554315441776502,0.0582810467295478,0.0125018620360796,0.0021702143802901,0.0005268232042831,0.0442117414489886,6.195169980809934e-09,1.0612565021243408,0
SVK,2016,15.503558279347311,0.1641423857792035,0.0106435924719888,0.010782030439717,0.0161728800798253,0.048625727468413,1.379889990479518e-08,1.9154509415706047,0
LKA,2016,16.785652756729142,0.2297678135623303,0.0330371138569457,0.0196943979101792,0.0111155744653374,0.0554711101168568,3.5172399381451154e-08,1.551808799597464,0
LVA,2016,14.458232267469048,0.1577401263351208,0.0044668507512499,0.0032530401228855,0.0073747862908189,0.0517510973370172,1.2251699924947924e-08,1.9050881545350584,0
TUR,2016,18.15295726833223,0.1419755514034533,0.0135036371091876,0.0092184640941134,0.0138283935173276,0.0560460126140175,1.491409988878481e-08,1.3001916620664788,0
RUS,2016,18.79235200927369,0.1470840778198116,0.0058957369368944,0.0118722224397864,0.0190457438733509,0.0492036918906149,1.1701999931531598e-08,2.124653884501384,1
LTU,2016,14.85741258765016,0.1475266294529059,0.0032822146355246,0.0040307695227982,0.0071037038443543,0.0530260899660165,1.160649993264458e-08,2.039920783517553,1
KWT,2016,15.12045121722483,0.2689162807457613,0.047986326893084,0.1325058912276643,0.0637264414901336,0.064947323516486,8.054759675604225e-08,1.1249295969854831,1
SSD,2016,16.354583243613913,0.2534035290339865,0.119407485301104,0.0013242328165681,0.0067469838290147,0.0424513571691499,3.4398799408361295e-08,0.7323678937132266,1
NIC,2016,15.62375495602792,0.1103053920796189,0.0575823828968097,0.0080272800052999,0.003169512783429,0.0458635442612462,1.5812799874977682e-08,0.6471032420585385,1
SYC,2016,11.094945623236962,0.0717822748150128,0.0007822629525385,0.0004305762887238,0.0001843630040969,0.0457586166286781,7.1401899745088445e-09,1.3217558399823195,1
NAM,2016,14.733657917238627,0.1346008721523618,0.053866860673116,0.0015455390389991,0.0030908962548141,0.0476774802206771,1.4030399901573942e-08,0.7323678937132266,1
HUN,2016,16.10016259664095,0.1593597430692036,0.0094627050523363,0.014317716558747,0.014736323065792,0.0495995010989671,1.3613899907330865e-08,2.079441541679836,1
COM,2016,13.27013510346962,0.0799529968804127,0.0015664993988881,0.0006597952872101,0.000571864454349,0.0484341744151473,7.67497997054734e-09,1.1505720275988207,1
POL,2016,17.468539682854658,0.1569652660179295,0.0048959253741104,0.0125741025834106,0.0160675832443841,0.0491592820639534,1.3567999907954688e-08,2.0268315914075385,1
GTM,2016,16.628935749819547,0.2195939710012357,0.107352347343375,0.0074953872702782,0.0122650794572973,0.0458404884460739,2.744779962330915e-08,0.4457536270222758,1
MWI,2016,16.692255208262466,0.2008675239083434,0.0469125320447922,0.0018725337139293,0.0050571460537608,0.0415429353853166,2.3153199731964672e-08,0.832909122935104,1
SRB,2016,15.75807662896093,0.1533171788475197,0.0126904031270134,0.0226587114687223,0.0108166089912369,0.0519607486027439,1.3002599915466198e-08,1.8779371654691075,1
ETH,2016,18.43865960360666,0.254182722123672,0.0518326805426802,0.0014349729336929,0.0066281780152311,0.0451771428209137,3.2347899476806695e-08,0.2851789422336623,1
DZA,2016,17.48943375300023,0.1957676137051957,0.0225266969803768,0.0121372832730471,0.0261699179104864,0.0598311761113431,3.1426099506200126e-08,0.9555114450274363,1
IRN,2016,18.196185386985466,0.296466323450495,0.0287843227980992,0.0366642983075421,0.0403827579099772,0.0581927173178753,3.7043299313896986e-08,1.0577902941478543,1
CPV,2016,13.005586363038788,0.0880906644326774,0.0010100976795288,0.0005917378885972,0.0005882289594181,0.0607979041112537,3.361429943503944e-08,1.1216775615991057,1
ROU,2016,16.76585173902882,0.1544904298199784,0.0090587394442418,0.0089708860070907,0.0126998277180566,0.0504318993350593,1.2476299922170972e-08,2.0554049638515948,1
KIR,2016,9.52130503901977,0.0593388082182081,0.0005787015199699,0.0001800467906037,1.319991288076665e-05,0.0407678030289433,6.231839980582085e-09,1.0508216248317612,1
FSM,2016,10.403500125413016,0.064133191815239,0.0008107122839709,0.0001871734819508,4.239910114540753e-05,0.0442876044415056,6.77782997703051e-09,1.247032293786383,1
GUY,2016,13.516583645276818,0.0895302636792394,0.0367952558391153,0.0003820929931741,0.0003121072894524,0.0440769468908599,1.6445099864779347e-08,1.007957920399979,1
LBY,2016,15.661021479665518,0.1287809601659103,0.0080651589931774,0.0068490764359832,0.0093191574477096,0.0625874566669364,4.037499918492971e-08,1.547562508716013,1
ALB,2016,14.850077110722893,0.1336343600731929,0.0086434733263447,0.0064394481782873,0.0074848018537209,0.0590562108518978,1.1269199936502566e-08,1.3402504226184837,1
HTI,2016,16.14569068160179,0.1508154853871715,0.0233179725958373,0.0011320529861538,0.0074449653413529,0.0565681124248186,1.9806099803859205e-08,1.1704160207970933,1
ZMB,2016,16.632289170391484,0.1834234295091846,0.0454498410204411,0.0058846693197777,0.0048686200122972,0.045289167736621,2.121699977491946e-08,1.0986122886681098,1
HND,2016,15.910471243606674,0.1536361120313835,0.1171352908038641,0.0034768995733101,0.0056005476142504,0.0439972046615232,2.0054099798916543e-08,0.4885800148186709,1
VNM,2016,18.330487516678147,0.3543263245902122,0.0535917542537464,0.010304334523108,0.0159130708083197,0.0545878739462855,4.963119876837204e-08,1.244154593958768,1
ZAF,2016,17.816411418078328,0.3776200662800046,0.0386844626659171,0.0471597281115912,0.0339501741935875,0.0492153738659177,4.708559889147317e-08,1.1786549963416462,1
SLB,2016,12.974891425141896,0.0558765383106861,0.0203804240649627,0.0003578809529715,3.239947513133713e-05,0.0402867108291123,6.6438099779298944e-09,1.247032293786383,1
TUN,2016,16.195704219440394,0.1892431265344451,0.0105932241529775,0.0198230055199148,0.0169620496139079,0.0587098461893772,2.9782599556498377e-08,1.0260415958332745,1
BOL,2016,16.205185746432903,0.157514614876568,0.1388028774019462,0.0004408458132035,0.0022341135088681,0.0326578029044347,1.0262699947338494e-08,0.8020015854720274,1
GAB,2016,14.330285279767857,0.1824576175372718,0.0603286062434419,0.0013833097856946,0.0019224439199595,0.0432921539232596,2.2913599737483477e-08,1.0818051703517284,1
BTN,2016,13.76077855799982,0.3748405158141216,0.0484055492622193,0.0058010970521307,0.009572916076814,0.0563558182533938,3.5992999352251985e-08,0.9969486348916096,1
VUT,2016,12.189649012995751,0.0601914428314935,0.006608164904686,0.0010925958996566,0.0003012156300168,0.0464694887612776,8.090499967271905e-09,1.247032293786383,1
BWA,2016,14.6364250274507,0.1206460081035206,0.051646669993036,0.005217422549055,0.0032682494497338,0.0497962242542076,5.5806499844281725e-09,1.2725655957915476,1
MAR,2016,17.369763437389253,0.167648931706578,0.0179066113856222,0.0160054644444291,0.0140022444161445,0.0583378940342496,1.9549999808898752e-08,0.5831462853456167,1
LBN,2016,15.371716299709629,0.3006011010214069,0.0130096384749663,0.0391689070036735,0.0376799912737355,0.0566438537524041,3.852999925771957e-08,1.316408233655724,1
DJI,2016,13.603435820678548,0.1184063178201382,0.0056290570889467,0.0021983398792618,0.0025226334829286,0.0574722135129059,2.971799955842025e-08,0.8919980393051105,1
ZWE,2016,16.579316532666375,0.1721150100869744,0.0459240751430814,0.0032067399092539,0.0048335853817954,0.0447792683645535,1.5867899874104882e-08,1.0420419371797154,1
TLS,2016,13.988877592423137,0.0978174077163205,0.0581355690460367,0.0005134481629291,0.0008170081579239,0.0416156988809497,7.65575997069467e-09,0.3488947566197701,1
BIH,2016,15.15882403072457,0.1466245511515729,0.0149534360084247,0.0134077026948262,0.0081868868002654,0.0542859318778119,1.16509999321271e-08,1.220829921392359,1
AGO,2016,17.046226240671956,0.2465712502873372,0.0705123419734264,0.0021724066150962,0.0064098996292179,0.0482986810071619,2.9085199577025577e-08,0.7323678937132266,1
RWA,2016,16.28536229326028,0.4407592016583008,0.038388872077099,0.1185397643760813,0.0132612387928798,0.0480761393977291,7.080889749304997e-08,0.5481214085096876,1
MDG,2016,17.02311240125608,0.1404605774032993,0.0430076116780364,0.0007210509802498,0.0032668310918553,0.0420061678298567,1.2803499918035194e-08,0.2795238847503174,1
IDN,2016,19.33553647554594,0.3060597224498892,0.0608785312257711,0.0237426737364146,0.0196605515176197,0.0499816206615461,4.5033598985987474e-08,0.6780335427498971,1
BHR,2016,13.584687582709831,0.2124035231321686,0.0274693363612873,0.0371115962984242,0.0364805276564373,0.0739674198991889,5.6544398401365485e-08,1.0331844833456545,1
GNQ,2016,13.61979165213029,0.1606978897108485,0.0406512682673577,0.0021378920792891,0.0011820381176028,0.0450451788836603,2.3625699720913155e-08,1.1314021114911006,1
LBR,2016,15.27015471417514,0.1842849605546993,0.0481060473577369,0.0010453893900547,0.0024013873599894,0.0481121356453283,3.178049949499992e-08,0.4885800148186709,1
KHM,2016,16.573257245734908,0.2323932375653425,0.0942803169503046,0.0052884743356668,0.0069748987411348,0.0497844504865067,3.0235399542910304e-08,0.5850050219402422,1
MRT,2016,15.21909051366252,0.1111702897892266,0.020265201664707,0.0012365980973129,0.0019836762127445,0.0526365542627002,8.217509662362665e-08,0.7323678937132266,1
MDA,2016,15.194804616540472,0.1343069019644056,0.0045419935130504,0.0118975496331322,0.0070823498472724,0.0548974244048102,1.0301699946937491e-08,1.918392120161421,1
UGA,2016,17.514336553072713,0.3117091187239721,0.0564436216035016,0.0169539766821635,0.0071295125190207,0.0484452605953258,3.8867599244654855e-08,0.4054651081081644,1
MYS,2016,17.189527071753254,0.2421881713954954,0.1177359163240629,0.0092705790821928,0.0185060861694749,0.051437956442196,3.0537399533733614e-08,1.0577902941478543,1
BGD,2016,18.875621635234765,0.5300123743902374,0.0450183216111639,0.0203381887594944,0.0256320726229849,0.0565147781946464,8.664849624601894e-08,0.5822156198526637,1
MOZ,2016,17.16434163924748,0.1319005897130182,0.0431873012155482,0.0008081013980953,0.0026146667776852,0.0431213392453907,1.4714799891737333e-08,0.5822156198526637,1
MNE,2016,13.337180068443567,0.1326344262204061,0.0101889706932479,0.006307014901636,0.0056050970530126,0.058592066719508,9.987729950122624e-09,1.5933085305042167,1
BGR,2016,15.798030298500484,0.1547025475202665,0.0128987799021359,0.0292195243049442,0.0127590974240941,0.0521605470273275,1.2878799917068256e-08,2.1126345090356,1
SOM,2016,16.213576584365235,0.0889372731771112,0.0312483712030926,0.0003255899898262,0.0003108936675551,0.0477240472535936,1.354339990828816e-08,0.6259384308664953,1
SEN,2016,16.544218917676982,0.1517438689230247,0.0203430969024404,0.0262753515930465,0.0041707672457148,0.0538337263403525,6.145479811165387e-08,0.5423242908253617,1
MKD,2016,14.554367195517925,0.1473394266760349,0.0133769256431301,0.0243026009359565,0.011916349446719,0.0548933656229536,1.2661899919838146e-08,1.7263316639055997,1
SWZ,2016,14.057656706832274,0.2023962712540711,0.0410816257731443,0.0083944478273419,0.0109305304985158,0.0472751628882904,2.1791399762567448e-08,1.1052568313867783,1
UKR,2016,17.55605362370237,0.1370442466964538,0.0045215115429057,0.010774597982355,0.0113846710022718,0.050462204663534,1.0434699945558521e-08,2.0681277817795625,1
COG,2016,15.284293041983418,0.2506595624586378,0.1061985934724866,0.0042332103086126,0.0035180693306248,0.0423526700748653,2.9764999557022397e-08,0.7323678937132266,1
BLR,2016,16.066348318774367,0.1305752571834511,0.0041842079797713,0.0043381267067854,0.0086060722968071,0.0504288746572991,8.511919963773608e-09,2.403334996094189,1
LAO,2016,15.747350265282844,0.5128637052662149,0.1506954952602521,0.0058395336864886,0.01337455062417,0.0516075235586788,6.134419811844464e-08,0.7929925155296614,1
SDN,2016,17.53268640252193,0.1350509674856108,0.0251584260336615,0.0017555022039292,0.0037824734195058,0.0552599038775549,4.097729916043047e-08,0.5128236264286637,1
MLI,2016,16.718976106802533,0.1649340107399461,0.0594692591125018,0.0007117666340204,0.0037306175846587,0.0440533855852094,4.5585998960958344e-08,0.2070141693843261,1
ARE,2016,15.979421408523049,0.2334617653811386,0.0506042044696187,0.0287702720158094,0.0567629719408837,0.0701239191980265,7.078209749494729e-08,0.8712933659434192,1
COD,2016,18.197662447543436,0.3273570391470672,0.11317649783422,0.01371565785627,0.006643494042622,0.0420532628804544,4.28938990800567e-08,0.7323678937132266,1
CHN,2016,21.03042108347473,0.5241228603476872,0.0244164583657423,0.0758347265263431,0.0674017865156437,0.0507182671902742,9.47335955127728e-08,1.6193882432872684,1
BDI,2016,16.259888664962514,0.3636239117392243,0.0318051762821698,0.0093991344178641,0.0099871400766904,0.0475176720809499,4.8838998807376086e-08,0.585933096252796,1
NPL,2016,17.210765245076924,0.6481593815290533,0.061150234246252,0.0145387690396552,0.0175590476466525,0.0593256622797071,8.943049600109308e-08,0.2468600779315258,2
MMR,2016,17.793252486955847,0.2869472515370096,0.1172362995567701,0.0040638274563517,0.0057039902729586,0.0476145066849159,3.360129943547633e-08,0.7275486072772778,1
GEO,2016,15.18840378871514,0.1269263020867731,0.0177674547956579,0.0052901126471986,0.0058508413972507,0.0526827504194409,1.1360199935472929e-08,1.534714366238164,2
SYR,2016,16.755391313670543,0.2180259611592123,0.0161850761549314,0.0252562790664248,0.0236265030340648,0.0574255074349609,3.384869942713276e-08,0.9001613499442714,2
ARM,2016,14.931865438479152,0.1500399930909671,0.0125177934845858,0.0097515120801246,0.0103459426874957,0.0537911230613907,1.7615899844840036e-08,1.6639260977181702,2
FIN,2016,15.469041446700068,0.1265270832467564,0.0026028606173769,0.0017146561366117,0.0214651014825994,0.0492296169275045,6.0245099818526395e-09,1.603419840108537,0
CAN,2016,17.344919958853552,0.1452345031694019,0.005785094028227,0.0075244174358842,0.0140644039616788,0.0445116540705176,1.0369899946232588e-08,1.275362800412609,0
AUS,2016,16.972569579950516,0.0840109064098559,0.0410440229901101,0.0092989098136558,0.0174329591038413,0.0455044929248066,8.942889960012361e-09,1.5727739280625088,0
ERI,2016,15.510283035157162,0.1372442434555156,0.0264560607038028,0.0016633957898331,0.0035840157358415,0.054903638827622,2.3151199732010976e-08,0.8020015854720274,2
KAZ,2016,16.69380288293828,0.1304897551566968,0.0064640141727155,0.0106522577121869,0.0082318511519949,0.0531958781093739,1.5445499880718267e-08,1.864080130807681,2
BEN,2016,16.231883787844136,0.2301493739289996,0.0471013684802123,0.0023387001077288,0.0051423305256262,0.0498846151188601,4.9657898767046535e-08,0.3506568716131693,2
IRQ,2016,17.435263481570004,0.2638532714999376,0.0287771570306793,0.0307341830554608,0.0291940240675898,0.0587887700274448,5.70362983734303e-08,0.7654678421395715,2
STP,2016,11.86313850571068,0.105469935171293,0.0014567743887433,0.0002394183371424,0.0002160996487888,0.0505336237448419,1.5066099886506316e-08,0.7323678937132266,2
IND,2016,20.996803103798825,0.5607617915937412,0.0379357090428727,0.0355484633052589,0.0312860591886014,0.0591232860740962,9.670429532413949e-08,0.9858167945227652,2
NGA,2016,19.039844703938325,0.3374642272928751,0.0482310679042389,0.0034536024437496,0.0104299890660993,0.051316729924985,7.390599726895173e-08,0.7323678937132266,2
NOR,2016,15.388960651566205,0.1254775514636466,0.0054612322869213,0.0052164934090056,0.0129988013239797,0.0513346872814025,6.6477399779037775e-09,1.5432981099295553,0
SWE,2016,16.023373663834757,0.1196818504327022,0.0024196023997674,0.0012978484302561,0.0071377674209806,0.0555656684695674,6.278189980292166e-09,1.205970806988609,0
ISL,2016,12.578148036470266,0.1037399618695636,0.0010991776828137,0.0009952026215506,0.0013258636541973,0.0529830717104938,4.988719987556337e-09,1.4182774069729414,0
PHL,2016,18.338731569024464,0.1525069954321679,0.0430197645334914,0.0362091820807066,0.0095977786149204,0.0495245597646787,2.1231699774607466e-08,0.708035793053696,2
BFA,2016,16.7404307908102,0.172068204542773,0.0543918899281237,0.000989114664767,0.0039422809886854,0.0442443768712963,4.4536999008227846e-08,0.7323678937132266,2
GMB,2016,14.393020907497156,0.1649831041241342,0.0217326997818998,0.0116160467382531,0.0042154206168337,0.0532271366297246,5.3423898572943504e-08,0.7323678937132266,2
CIV,2016,16.92786207823493,0.1935885699453658,0.0611702677481433,0.0015480291843015,0.002830693803309,0.0461407315972719,3.444079940691566e-08,0.7323678937132266,2
GNB,2016,14.388770006422334,0.1885469396575363,0.0461590467661962,0.0036842687393022,0.0033299356053232,0.0528510605891164,4.478829899700413e-08,0.7323678937132266,2
SAU,2016,17.281620788819513,0.1471862046442277,0.0126197311684399,0.0451053511961171,0.0165844446931167,0.0642788582469034,5.185149865571103e-08,1.1969481893889715,2
QAT,2016,14.589489985199023,0.2104174108076107,0.0358715359152366,0.0174984167978486,0.0331800270060162,0.0759981210252894,5.40865985373199e-08,0.6981347220709844,2
GHA,2016,17.13719044378279,0.2388155935954573,0.0554872305796628,0.0024552962915945,0.0047049105298897,0.0471276218378813,4.701859889462567e-08,0.5335651107354801,2
TGO,2016,15.806360717831264,0.2310001512476538,0.0488177304561451,0.0024961998991039,0.005021635457197,0.047839571859491,4.7713298861720546e-08,0.5007752879124893,2
TKM,2016,15.527726519758728,0.129019347642089,0.0081337888700644,0.0029156134652059,0.0051696493065173,0.0558753033958956,3.800849927767698e-08,1.5851452198650555,2
BHS,2015,12.524971659313849,0.0864204034825145,0.002736036635813,0.0025247411571005,0.001927005132428,0.0593723411406513,8.527849963637889e-09,1.3454723665996355,0
FIN,2015,15.46613869663301,0.1266058611472101,0.0022878658379042,0.0018010571224686,0.0197151254287872,0.0513418691521535,6.028879981826303e-09,1.6639260977181702,0
CAN,2015,17.335537485573923,0.1572944099824165,0.0064995451209322,0.007962859119203,0.0154208747579431,0.0445035742640064,1.2535499921430622e-08,1.2809338454620642,0
NOR,2015,15.378035463266723,0.1251811980851288,0.0048245640518299,0.0053629625740208,0.0116736450938278,0.0540412741454988,6.570869978411833e-09,1.5602476682433286,0
SWE,2015,16.016686485092226,0.1212927866018158,0.0021670532430779,0.0013791026006995,0.0065489944454684,0.0572873708910636,6.344719979872264e-09,1.235471471385307,0
TKM,2015,15.516051912457774,0.1293241234668205,0.0103104254172782,0.0028111879059762,0.0048694917573714,0.0569091136873695,3.787809928262479e-08,1.597365331199831,2
GHA,2015,17.114623044741826,0.2281289937185681,0.0396680265552611,0.0023122975782285,0.0044702604805912,0.0482235082240118,4.8654298816379595e-08,0.5247285289349821,2
SAU,2015,17.26398924445261,0.1444894440220896,0.0123473369254671,0.0436271530216394,0.0157667873764231,0.0647649457004806,5.899959825952367e-08,1.199964782928397,2
QAT,2015,14.570283017163636,0.2030272933210642,0.0345614023263493,0.0152605127883904,0.0310302628015793,0.0754051165147513,6.415249794222846e-08,0.6981347220709844,2
NER,2015,16.804589465384005,0.1631729654696123,0.0298074480256483,0.0012591898875554,0.0051458155522063,0.0504452747643573,6.79679976901756e-08,0.2311117209633866,2
TGO,2015,15.779571557718336,0.2297489491607675,0.0334618530890911,0.002501174453706,0.0052290118572158,0.0490604948088521,5.26482986140783e-08,0.494696241836107,2
SLE,2015,15.58672587383364,0.3545305156951572,0.0654239580850546,0.0028840501264174,0.009419327519611,0.0518382064464484,7.061589750669745e-08,0.7047463164032972,2
GIN,2015,16.33549066786383,0.2793262712752101,0.072041880398182,0.0023091488624518,0.0064811330104135,0.0501019056993285,5.3735398556253444e-08,0.262364264467491,2
YEM,2015,17.089879378277203,0.1507135591182096,0.0307983802491229,0.0154311923642632,0.0108779015165567,0.0599184397535092,3.766969929049687e-08,0.4510756193602167,2
PRK,2015,17.012755850535395,0.5302908323781824,0.0208670576479607,0.0429128570629328,0.0383988890098487,0.0569671335113835,8.22038966212596e-08,2.669540346340334,2
ISL,2015,12.569805240555173,0.1052788525234833,0.0009669253769509,0.000915258023561,0.0009184091331931,0.0568632373543256,6.0055899819664445e-09,1.415853163361435,0
CAF,2015,15.406534566299609,0.2843592319268572,0.2752798951556846,0.0011311250368055,0.0043439653060644,0.0354028768480875,3.661649932961598e-08,0.6931471805599453,2
TCD,2015,16.4537435400413,0.1607068539300882,0.1038132848132697,0.000586429016887,0.0030530008465511,0.0467694570469669,5.053329872319284e-08,0.3852624007906449,2
KGZ,2015,15.647385476168056,0.1335990122132667,0.0110785575323649,0.0074677408841582,0.0120851406233997,0.0575611387710007,1.5742499876086852e-08,1.7011051009599245,2
CMR,2015,16.957709734021016,0.2240049841743604,0.0770738218131857,0.0044970301852497,0.0037256361905889,0.0448763984119142,4.36185990487089e-08,1.2947271675944,2
EGY,2015,18.315441833011494,0.2834647271896992,0.0138177496695975,0.0436664728332832,0.0326719213567571,0.0603992658806881,5.757439834259429e-08,0.8109302162163288,2
LSO,2015,14.556632637121636,0.1710765985723034,0.0351585487237699,0.0236148427367479,0.0170514787079487,0.0516308256784016,1.1260099936605076e-08,0.7047463164032972,3
PAK,2015,19.045729986613523,0.5449954080041015,0.0486304123621724,0.0338928133375021,0.0331273690736512,0.0604090636941542,9.808879518929399e-08,0.378436435720245,3
NZL,2015,15.223455533877564,0.0606271404014984,0.0106355099257524,0.0059768996959819,0.0033734086534612,0.0452990523051868,5.9617399822288275e-09,1.308332819650179,0
FRA,2015,17.98554857633155,0.1576357652844861,0.0067855678734917,0.0035320758694326,0.0163541095567388,0.0517627599050295,1.3845299904153837e-08,1.9851308622085944,0
MNG,2015,14.9011991779548,0.1323957077284924,0.006458664848421,0.0138047366425325,0.0057715067667737,0.0588009734108209,1.577989987549738e-08,2.1162555148025524,3
OMN,2015,15.34008745898728,0.140176584225431,0.0157120654814861,0.0126212982655396,0.0132688777861221,0.0639061984667106,4.9355598782012415e-08,0.7839015438284094,3
ESP,2015,17.60053004950089,0.141868889029454,0.0124231540724302,0.0084327264085137,0.0153201686210918,0.0557957224302225,1.1498599933891101e-08,1.3762440252663892,0
CHE,2015,15.92584517760591,0.1737325348558746,0.0105873378221315,0.0019794685587818,0.0192580663046558,0.0504552109629342,1.2572699920963609e-08,1.7457155307266483,0
PRT,2015,16.03453724813128,0.1353059448000428,0.0102077244572653,0.0076264039126503,0.0139699403974254,0.0550219618575029,1.0728599942448573e-08,1.4724720573609429,0
AZE,2015,16.07780859145981,0.137535635557423,0.0169187267712592,0.0086705340446579,0.0055925276242587,0.0539374313760807,1.8036999837333322e-08,1.6351056591826785,3
UZB,2015,17.194673306377183,0.1546765798033355,0.0156615875631582,0.0123745445267649,0.0240060813719791,0.0518708911629738,2.8147299603864763e-08,1.6524974018945473,3
LUX,2015,13.279939441043092,0.1661052384971386,0.0059159273429418,0.0022013722012473,0.0193177126852679,0.0488426491298308,1.4123499900263377e-08,1.7850704810772584,0
JPN,2015,18.620289330467354,0.1740636422127687,0.0120643225201661,0.0121331951852065,0.0249078352819649,0.0573568272194919,1.9806999803841377e-08,2.649714624089247,0
AFG,2015,17.295343997816914,0.1726831613338826,0.0167762927579452,0.0020441612779865,0.0035867897719532,0.0576164612748046,2.037779979237264e-08,0.3646431135879093,3
DNK,2015,15.452166679276452,0.12670579275183,0.0019002593629982,0.0022855072374553,0.0108199199776591,0.0550610649931573,8.802219961260462e-09,1.2612978709452054,0
IRL,2015,15.32402233499423,0.1118650182402068,0.001591056597901,0.0028365212671461,0.0054858103893071,0.0602285709932345,9.176149957899136e-09,1.366091653802371,0
NLD,2015,16.627602532766243,0.1478275537915702,0.0034782817582691,0.003194069524571,0.0219661371807233,0.0497184046215828,1.29983999155208e-08,1.4951487660319729,0
EST,2015,14.012272794432736,0.1407813764886275,0.0029894481438842,0.0078720053033121,0.0090980598526015,0.0547101994406716,8.902049960376754e-09,1.7613002617433464,0
USA,2015,19.58266120131898,0.1627321911059015,0.0197070178237789,0.0120794982103469,0.0206788256751836,0.0451658322724601,1.4328199897351345e-08,1.3217558399823195,0
GBR,2015,17.946360356176775,0.1373076190731878,0.0028987246353279,0.0063668395931883,0.0227243030809987,0.0389369228079185,1.1695599931606471e-08,1.2809338454620642,0
ISR,2015,15.874576113284032,0.3220005950080207,0.0155277805960847,0.103664033545463,0.0570522796523594,0.0535304371042065,5.2238698635559166e-08,1.423108334242607,0
TJK,2015,15.965211527876,0.1617459091945531,0.0183415683122687,0.0085542478717786,0.0085368214281661,0.0543626445938832,2.3032099734761188e-08,1.7083778602890038,3
BRB,2015,12.309914238208329,0.076975174369587,0.0009599201292181,0.0005725070865388,0.0004770092130135,0.0531574777961382,2.0989699779716253e-08,1.9473377010464987,0
CYP,2015,13.89908780256542,0.1260472355583551,0.0169169550007784,0.0117760809784123,0.0052191972638377,0.0664451046722245,1.1449299934456766e-08,1.2149127443642704,0
URY,2015,15.00012367096341,0.0868288034907694,0.0171350754825503,0.0016028816984933,0.0037198427980746,0.0448401002230016,7.055569975109466e-09,1.247032293786383,0
ITA,2015,17.869212855867847,0.203801793273478,0.0123588715532847,0.0058809592099893,0.0253076078322685,0.0540387991554202,1.7809099841417982e-08,1.4350845252893227,0
BEL,2015,16.248645373444162,0.164750984408802,0.0039363125465206,0.0051694662552615,0.0246592666685487,0.0476629046332935,1.580889987503934e-08,1.9213246735826988,0
LCA,2015,11.958023957481435,0.0777948637797574,0.0017839977293225,0.001203570418458,0.0007038872132609,0.0534420869179736,1.9432199811194803e-08,0.8878912573524571,0
CRI,2015,15.378829597152258,0.1142465960408739,0.0338905696820461,0.0039811198156945,0.0078252516987978,0.0465289590809922,1.4910299888841476e-08,0.7701082216960736,0
ATG,2015,11.181322713140393,0.0769839519847839,0.0014689984931802,0.0029248933260534,0.000593638761638,0.0547002162980484,1.608499987063639e-08,1.6174060820832772,0
BLZ,2015,12.791444034890066,0.1022866574927105,0.0338171536476013,0.0007764275021415,0.0011623052614601,0.0505144510734238,1.7524499846445952e-08,0.6780335427498971,0
PAN,2015,15.155085040144598,0.1200303042113648,0.0215069447100518,0.0022213040763618,0.0057563841842079,0.051745287575959,2.05984997878509e-08,1.128171090909654,0
DEU,2015,18.20486438160548,0.1599391891772576,0.005719869313464,0.0034534230643097,0.0213155244467955,0.0506210257887703,1.3067299914622836e-08,2.2071749081893874,0
AUT,2015,15.970322257941376,0.1709730664127932,0.0094386336218332,0.0031184994221459,0.0188792354148137,0.051362792575027,1.4555999894061434e-08,2.1447610078004784,0
CHL,2015,16.68375320262666,0.3184476787365826,0.0260512794283326,0.0595747504236919,0.0273886764053627,0.0486633511356152,3.5977799352798975e-08,1.1410330045520618,0
BRN,2015,12.838763043312923,0.269477242537242,0.1257139956185795,0.0031913282904921,0.0070592299028596,0.0491971188851698,2.0954199780460758e-08,1.4011829736136412,0
MLT,2015,12.766942132970136,0.1165606773251897,0.0019759954344878,0.0080423395175717,0.0081855180511111,0.0646976328878139,1.0972799939798831e-08,1.7209792871670078,0
JAM,2015,14.808901602757274,0.1269582974642497,0.0132684623353354,0.0077898243815256,0.007944134638116,0.0591815731852163,2.1641299765827072e-08,0.9969486348916096,0
KOR,2015,17.662445204508444,0.4724592405129716,0.0396305243615036,0.0776784217200976,0.0733593480045766,0.0549594034510659,8.752959616928478e-08,2.5352828571130672,0
TTO,2015,13.992414851179886,0.0851690611341367,0.0085882957835947,0.0009577522088954,0.0046050544418369,0.0536595030609034,2.17675997630858e-08,1.2325602611778486,0
PRY,2015,15.68731009486238,0.1461423407953025,0.1024882087309432,0.0005452813071227,0.0025449109652909,0.0381597902587173,1.1496199933918692e-08,0.6151856390902335,0
SVN,2015,14.543771853248098,0.1993098411015643,0.0156902192000468,0.0076954975568856,0.0188983813340976,0.0519236841670105,1.6406599865411743e-08,1.7083778602890038,0
ECU,2015,16.56308603673272,0.1657285977472297,0.0584318882382218,0.0015501478996803,0.0080951318272336,0.0404036159761586,1.7764699842207722e-08,0.924258901523332,0
TON,2015,11.089714272431214,0.0493674356114447,0.0005324052471708,0.0002910536397797,2.9799555988821e-05,0.0499643051961375,5.883319982693273e-09,1.247032293786383,0
SGP,2015,15.360750492869244,0.3781586950990948,0.0312958974719998,0.0579892643103078,0.0183004574469214,0.0622806620496454,4.3650799047303856e-08,1.2237754316221157,0
BRA,2015,19.11671713397412,0.1467215368131189,0.0483371958804991,0.006364409114053,0.0081875731578317,0.0451531068087202,1.5584199878566356e-08,1.220829921392359,0
PER,2015,17.24017219060982,0.1298038332743488,0.0535936792722228,0.0023641781272238,0.0050638042746023,0.0414532365820986,1.1909499929081905e-08,0.9555114450274363,0
VCT,2015,10.91006130373693,0.0773253997494661,0.0013244894764325,0.0013926448198829,0.000503514215439,0.0534475681566485,2.0256899794829e-08,1.691939133945844,0
COL,2015,17.68229704480839,0.1837475038147603,0.0677329363686064,0.0028679036302072,0.008393511718095,0.0373055012104483,2.2699999742355005e-08,0.9745596399981308,0
GRC,2015,16.128471825780537,0.1466060652339732,0.0104021940941297,0.0105408693222847,0.0110342877140597,0.0588255134510091,1.2597199920655277e-08,1.6582280766035324,0
THA,2015,18.019620466119484,0.2994965631935641,0.0597670542104252,0.0226143833476812,0.0152598874050547,0.0507289451027916,4.024059919034708e-08,1.1410330045520618,0
MUS,2015,13.967801827301663,0.0779937891497498,0.0009389400577886,0.0013883627782197,0.0013212018283613,0.048491126074375,1.0151199948476571e-08,1.4973884086254776,0
DOM,2015,16.150549841979387,0.1232103884517371,0.0213007731425156,0.0032674082032798,0.0108282701041717,0.0521340824106422,2.0452799790841493e-08,0.9202827531436926,0
CUB,2015,16.2136045010264,0.1014221617129722,0.0126234479593305,0.0034144919817977,0.0036248552667718,0.0573215879867714,1.3682899906389124e-08,1.623340817603092,0
MDV,2015,7.980779637716222,0.0957496577651919,0.0010892225816484,0.0003515122123427,0.0001368056416814,0.0517072151599897,9.480969955055604e-09,1.7833912195575383,0
ARG,2015,17.579954384576613,0.1152910407703075,0.0470923923415425,0.0016944176632543,0.0105448580472428,0.0398684333622082,1.0417099945742016e-08,1.7833912195575383,0
MEX,2015,18.65270138941711,0.2143401669863381,0.0551847201094777,0.2311472782677261,0.021379552903025,0.0500532625913492,4.2322899104386096e-08,0.6931471805599453,0
KEN,2015,17.641477883615057,0.3135744204376006,0.0452585238340416,0.0045084396954141,0.0103806986277103,0.0458868075677933,3.6292599341423616e-08,0.8754687373538999,0
GRD,2015,11.326105646148504,0.0771628633612454,0.0011519063011215,0.0006245219455666,0.0003620764424128,0.0531325063481033,2.0778199784133207e-08,1.5085119938441398,0
SUR,2015,13.196632706539312,0.0927048743961188,0.0285437445262803,0.0005854535885982,0.0002596013006662,0.0473079982154031,1.8696299825224185e-08,1.3609765531356006,0
WSM,2015,12.041078773534355,0.0507155342162815,0.0006610804381674,0.0004153917129151,0.0001987912397121,0.0435095166433726,6.244189980505045e-09,1.247032293786383,0
JOR,2015,15.83863880770567,0.2574855227375411,0.0175313214013451,0.0612346239625834,0.0361103116351263,0.0580694612771137,4.121489915066603e-08,0.8671004876833833,0
FJI,2015,13.548099891803515,0.0566950447788628,0.0091466584900805,0.0018629276721937,0.0004354461795497,0.0464829780108711,6.1451799811183825e-09,1.0577902941478543,0
TZA,2015,17.78415809120725,0.157272628043019,0.0453465904407575,0.0012748610192483,0.0024049428053922,0.0427860077166519,1.5542599879213794e-08,0.5197853651374625,0
VEN,2015,17.23694010994991,0.1249993336556425,0.0570678220144108,0.0024140947270768,0.0059858450302693,0.0490754316599266,2.2192099753755356e-08,0.5596157879354227,0
LKA,2015,16.78106336067681,0.2290642859218108,0.0323651258778152,0.0197974880672876,0.0114309233438691,0.0528139880288638,3.1660399498809555e-08,1.5496879080283263,0
PNG,2015,15.819733406637532,0.104300091907249,0.1110419844053607,0.0048977096155786,0.0012728066378562,0.0324889430748058,1.0030499949694536e-08,1.247032293786383,0
CZE,2015,16.169325255367706,0.1806752523782021,0.0077575036114389,0.0088041673279405,0.0200124719439181,0.0510182628933102,1.6503099863823848e-08,2.0451088625993306,0
HRV,2015,15.195485835664538,0.1823492205779752,0.0166162335823828,0.0086783737437413,0.0137376005799189,0.0532770868766794,1.4799999890480002e-08,1.88706964903238,0
TUR,2015,18.14374712139576,0.1452916047036268,0.0137012891851052,0.0097022852409134,0.0143571412386587,0.0556010244422534,1.5745099876045912e-08,1.2864740258376797,0
SYC,2015,11.091439962895215,0.070164358894212,0.0008003016731689,0.0004188652636959,0.0001913576899493,0.04405040077758,6.4851699789712865e-09,1.3402504226184837,1
SLV,2015,15.61410910065754,0.1951522946948129,0.0919428238925698,0.010209399272245,0.0154345383259696,0.0509397913743985,2.6474599649547783e-08,0.712949807856125,1
KWT,2015,15.098689683674843,0.2633486874564502,0.0493055979772678,0.1331667400218429,0.0626801651507221,0.066084525806121,8.696629621843156e-08,1.1568811967920856,1
SSD,2015,16.32615139235229,0.2577650349766567,0.2149244782810111,0.0013231802108317,0.006408913967017,0.0405473435526569,3.3336799444328895e-08,0.7047463164032972,1
SVK,2015,15.503247297780796,0.1712688146587029,0.0106705783433542,0.0113189483243135,0.0163061737812832,0.0499498246000062,1.472409989160044e-08,1.9095425048844383,1
LVA,2015,14.463563239215102,0.157244632615344,0.003806938405709,0.0032184671736205,0.0067363070512397,0.0532998234763364,1.2664099919810286e-08,1.900613874140137,1
NIC,2015,15.6127867818792,0.1044935478498196,0.046531447569548,0.0068031718582556,0.002660138691643,0.0463080839613173,1.8164999835016392e-08,0.6523251860396903,1
NAM,2015,14.71191095005562,0.1393661649351643,0.0622414467561596,0.001612161768582,0.0030575967831185,0.0488597545819704,1.3846499904137221e-08,0.7047463164032972,1
RUS,2015,18.79319449232671,0.1477903508931682,0.0062383102174179,0.0116217589811864,0.0173733200938979,0.0507798190687776,1.183349992998414e-08,2.145931282948669,1
LTU,2015,14.86318601502022,0.148909076882489,0.0032816933491729,0.0041020480848912,0.0065437359822111,0.0546462431942607,1.2364099923564516e-08,2.074428999856292,1
GTM,2015,16.608748672055683,0.2106270294476154,0.0832506321619674,0.0072749304064331,0.0121774815840351,0.0455428090925553,2.6645999644995352e-08,0.4637340162321401,1
KIR,2015,9.507259897481749,0.0546340799439565,0.0005524433750544,0.0001539611473742,1.8099836196976557e-05,0.0383179005720706,5.2093199864314925e-09,0.9516578757114464,1
MWI,2015,16.66000403495759,0.2107652520978994,0.0454832643029994,0.0019536264285615,0.005288110266073,0.0411162404243744,2.46183996969672e-08,0.832909122935104,1
COM,2015,13.246111201620051,0.0848235146132418,0.0018348097067083,0.0006547246210514,0.0005908743993347,0.0484482668245998,9.22275995747035e-09,1.1505720275988207,1
ETH,2015,18.413662822950705,0.249867533032641,0.0504806050450072,0.001451265404742,0.0065700111333119,0.0457727429037135,3.2166799482648504e-08,0.2851789422336623,1
DZA,2015,17.47302798377134,0.1921851520375136,0.025742019818725,0.011411275035518,0.0264423871829976,0.0602071542201595,2.9404099567699462e-08,0.9631743177730056,1
CPV,2015,12.993485210285543,0.0894422937491692,0.0009889698081072,0.00061731841977,0.0005645805943785,0.0609336838899211,4.081889916690872e-08,1.1249295969854831,1
HUN,2015,16.103747845711965,0.1682973786066879,0.0094662295366161,0.015104674864881,0.0152700609153163,0.0498921306759161,1.4544299894231672e-08,2.079441541679836,1
IRN,2015,18.18542613761216,0.2908397445037736,0.0313153634385833,0.0355617359068874,0.039125273983724,0.0587625409508823,3.7591399293443335e-08,1.0260415958332745,1
FSM,2015,10.39491687844295,0.0713535214922465,0.0008864180154433,0.0002185161236127,4.36990451828169e-05,0.0448484632966784,6.716779977442433e-09,1.247032293786383,1
LBY,2015,15.647654290722352,0.1298725904888226,0.0081054429648593,0.0063719151618021,0.0086093023733125,0.0632091439547304,3.726989930547729e-08,1.547562508716013,1
ALB,2015,14.847483909609418,0.1451073285694344,0.0103218064020374,0.0072111113274314,0.0084115971143359,0.0584332028081962,1.1481799934084137e-08,1.3454723665996355,1
GUY,2015,13.511015563789442,0.0917605701145326,0.0307488327092738,0.0003579839161111,0.0002580976899255,0.0462756698936509,1.9457899810695064e-08,1.01160091167848,1
VNM,2015,18.320328365060604,0.3520390441414983,0.0463438209771621,0.0099452427214116,0.0149675808042429,0.0555063963138128,4.8106398842887186e-08,1.2556160374777745,1
POL,2015,17.469612054056864,0.15981306138636,0.004858229668036,0.0129734773294913,0.0154370886541835,0.0515150195787402,1.4368599896771669e-08,2.0268315914075385,1
SRB,2015,15.767729219303382,0.1627587152968622,0.0147155482579159,0.024186932560652,0.0109758216893378,0.0520847058985313,1.3283499911774317e-08,1.874874375938561,1
ROU,2015,16.776732730231064,0.1597371737002371,0.010431555640004,0.0094528269205871,0.0129983600967451,0.0509433475032379,1.2446199922546054e-08,2.050270164379556,1
HTI,2015,16.133627680060524,0.1483566539737008,0.0216834202408585,0.0012393227222464,0.0072033127365615,0.0572665052603075,2.1457599769785707e-08,1.1704160207970933,1
ZAF,2015,17.808449092262077,0.3772602559357458,0.0406814966508916,0.0469760587223437,0.0339599553701523,0.0497279972022249,4.774479886021707e-08,1.1786549963416462,1
ZMB,2015,16.599669925114362,0.1948811554626451,0.0642611695541763,0.0061166838892829,0.004930337884893,0.045065031976262,2.2120999755330682e-08,1.0986122886681098,1
TUN,2015,16.18554175254658,0.1866485651097564,0.0122557297935479,0.0191290622668842,0.0160237531993656,0.0591869658865796,2.5785699667548843e-08,1.0296194171811583,1
TLS,2015,13.967132655047568,0.0992227647424951,0.0440129724904585,0.0005766027326891,0.0008386472370777,0.0459530998875442,7.870749969025647e-09,0.3293037471426004,1
BOL,2015,16.189937275957778,0.1395664380480417,0.1375938380825453,0.00034022911551,0.001770844129596,0.0305143351206057,7.874199968998487e-09,0.7793248768009976,1
SLB,2015,12.95396437055682,0.0571834465821824,0.0171344040858837,0.0003744228949984,3.299945551197871e-05,0.0422290070048967,7.1804099742208554e-09,1.247032293786383,1
GAB,2015,14.307688350680165,0.179052174014984,0.0613647243435698,0.0013704155515121,0.0018102055887886,0.0422503113617577,2.131309977287589e-08,1.0818051703517284,1
VUT,2015,12.166210138471236,0.0600702978543505,0.0052685249170763,0.0009694439373386,0.0002565740820549,0.0481731608863466,8.521509963691934e-09,1.247032293786383,1
MAR,2015,17.357712419297513,0.1720983432033455,0.0192573776942365,0.01570503577979,0.0141941566367662,0.0580562714728132,1.936829981243448e-08,0.5831462853456167,1
HND,2015,15.896361569624457,0.1413400139562657,0.0958661842960852,0.0030066893759217,0.005180557708085,0.0430535288247546,1.9609699807729836e-08,0.4700036292457355,1
IDN,2015,19.324705777282336,0.4314582879275452,0.0680280596723476,0.0224994434986039,0.0173454756760491,0.0554953917138956,5.049019872536989e-08,0.6678293725756554,1
KHM,2015,16.55786289389802,0.2303223626766943,0.0678726816418484,0.0052515076639333,0.0068420397711331,0.0497918536435443,2.8588999591334547e-08,0.6043159668533296,1
DJI,2015,13.589596735489824,0.1152591716115133,0.0064008656808372,0.00222361593264,0.0025025330504402,0.0582497806268776,2.9291699570998163e-08,0.8153648132841945,1
BWA,2015,14.619242340848402,0.1234151225266996,0.0655296089102941,0.0052055943527055,0.0033177591453549,0.0509324842001175,6.334059979939842e-09,1.2837077723447896,1
LBN,2015,15.371027963698324,0.2945854968894735,0.0143307160117455,0.0385612919367392,0.0367331043107534,0.0572950057699224,4.0889499164024416e-08,1.4747630091074988,1
BTN,2015,13.750728444493832,0.3745787626776352,0.0538477330792418,0.0055884435203233,0.0090392803290769,0.0570811757432396,3.552669936892681e-08,1.000631880307906,1
MYS,2015,17.175960268385797,0.3914158518663771,0.1334163350056486,0.0091507558326972,0.0177090490545418,0.0561684663920849,3.846209926033345e-08,1.0508216248317612,1
RWA,2015,16.261556871255525,0.4396252883365981,0.0641750916675809,0.1164839940448457,0.0127769213884959,0.0462175214146121,6.912449761090186e-08,0.5538851132264376,1
MDG,2015,16.994271800120806,0.1441657106684767,0.0410746387630105,0.0006795710392861,0.0031948420528178,0.0412065234404641,1.2541899921350374e-08,0.2795238847503174,1
BHR,2015,13.568212406492544,0.2018501334697977,0.0260321423367444,0.0340327056079616,0.0332829473461373,0.073761852083389,6.676789777102388e-08,1.0612565021243408,1
GNQ,2015,13.59056369415903,0.1594018710146348,0.0415721502031113,0.0018969366774349,0.0010379791132452,0.0458431582030937,2.433859970381628e-08,1.1314021114911006,1
AGO,2015,17.01525520734207,0.2495911101096603,0.0811024388830908,0.0020043419639369,0.0061795163987672,0.048422350872261,2.7025199634819287e-08,0.7047463164032972,1
ZWE,2015,16.555624100646515,0.1869384674408048,0.0527017695705265,0.0035311531339398,0.0054489783162815,0.0453736705014325,1.797929983837239e-08,1.0420419371797154,1
UGA,2015,17.47998857051219,0.3156622188347224,0.0932827432157507,0.0164698621519138,0.0068688602728364,0.0472267848406025,3.736859930179389e-08,0.4054651081081644,1
LBR,2015,15.24535042787019,0.2128768550867935,0.044804490963555,0.0012696176942579,0.003087936413137,0.0487822141267891,4.0064299197425956e-08,0.7047463164032972,1
BIH,2015,15.16154947498141,0.1542867971343059,0.0173852460183519,0.01420903286334,0.0083877264641759,0.0540503980190815,1.1556299933225968e-08,1.2149127443642704,1
MRT,2015,15.194486502179949,0.1105273921321656,0.0219658485900399,0.0013255600569466,0.0020390756714608,0.0528137649076377,9.227579574258865e-08,0.7047463164032972,1
BGD,2015,18.863818542388103,0.5266026840346862,0.0495753463094312,0.0203053352310949,0.0250870918463684,0.0572079547481307,8.96560959808921e-08,0.5653138090500605,1
LAO,2015,15.730330838265088,0.3916839973179364,0.1205573844780778,0.0047952016218736,0.0092715956140152,0.0504369685938264,4.2713599087774215e-08,0.7654678421395714,1
MOZ,2015,17.136042194099556,0.140442378651967,0.040998422475928,0.0008540851654059,0.002912117666349,0.0435045223154072,1.6165099869344772e-08,0.5766133643039938,1
SOM,2015,16.18316242192238,0.0856241559099041,0.0314513432651993,0.0003466489103233,0.000396238487161,0.0464113199245945,1.2703999919304194e-08,0.6259384308664953,1
MNE,2015,13.336809745627624,0.1438091024328571,0.0139575811890234,0.0072403919864224,0.0060134787390125,0.0580678810691803,1.0192599948055454e-08,1.5871923034867808,1
COG,2015,15.253260242844249,0.2404454489004713,0.1475234360789616,0.0040524208398689,0.0029992577265107,0.0413421667776591,2.6300599654139226e-08,0.7047463164032972,1
BGR,2015,15.79334474179219,0.1584546615385082,0.0132305342078752,0.0307653992532242,0.0130745059280503,0.0522069957010983,1.2815299917884044e-08,2.10900034392138,1
MKD,2015,14.553511154334634,0.1594872955860289,0.0145771639987028,0.0253856787060203,0.0124145831769372,0.0545641486795219,1.27989999180928e-08,1.7209792871670078,1
SEN,2015,16.51363390380443,0.1504877073272361,0.0182831499455341,0.0268141381237562,0.0040828149564308,0.0536545133431916,6.991669755582764e-08,0.5187937934151676,1
SWZ,2015,14.045436107450382,0.2172967536563195,0.0417801283234298,0.0089094645872984,0.0112469275320404,0.0471976439567702,2.398949971225195e-08,1.1052568313867783,1
MDA,2015,15.197750538680337,0.1380422410578561,0.0049118799423071,0.0124243619721693,0.0073478830651922,0.05529727779462,1.0072999949267336e-08,1.9050881545350584,1
ARE,2015,15.964556395006715,0.2241619781415127,0.0492479898274603,0.0275609671206048,0.0544643564016793,0.0689845033527824,7.560499714194214e-08,0.8878912573524571,1
SDN,2015,17.507831778399602,0.1359309046166457,0.0357949191237623,0.0016766745952329,0.0035068009795687,0.0559417985619107,4.2634899091132674e-08,0.5128236264286637,1
MLI,2015,16.687020104234794,0.1553738562989559,0.0561425282250715,0.0006693019674591,0.0035212192245854,0.0447679349521444,4.9193298790009655e-08,0.2231435513142097,1
MMR,2015,17.784472386401845,0.2699750702087422,0.0922450926749321,0.0037752059341219,0.0054584405709201,0.0477330273293439,2.9715799558485623e-08,0.7275486072772778,1
UKR,2015,17.561391856258993,0.1414338969233331,0.0049045042326939,0.0112879259728303,0.0111921258431514,0.0523267536875657,1.0730299942430333e-08,2.1126345090356,1
BLR,2015,16.069085513446527,0.1334162763739013,0.0045882249788832,0.0044244217948588,0.007720661839106,0.0525405511726743,9.375939956045877e-09,2.4203681286504293,1
SYR,2015,16.728951885199145,0.217420781056743,0.0169167849027813,0.0249026676004438,0.0235789946992978,0.0573243171229129,3.537629937425871e-08,0.904218150639886,1
COD,2015,18.16492580993128,0.337746366715473,0.2357660054974352,0.0131698248942142,0.0059806074617637,0.0376709243046491,4.0670499172955244e-08,0.7047463164032972,1
BDI,2015,16.22645983259159,0.371629491500098,0.0521332090104889,0.0095722425551115,0.0098526953939124,0.0447784634433258,4.897999880047984e-08,0.585933096252796,1
GEO,2015,15.189887209459908,0.1310074183295187,0.0199722678083751,0.0054434236506355,0.0057187527179183,0.0527901047310582,1.2590599920738396e-08,1.4770487243883548,1
ARM,2015,14.930463340596551,0.1466092157663016,0.0122705242502577,0.0095032616256813,0.0091204598728064,0.0547918633836934,1.870539982505401e-08,1.665818245870208,1
CHN,2015,21.026716158442586,0.5330771213067726,0.024476832238295,0.0761163817340135,0.0672283577812102,0.0511351684213336,9.840889515784453e-08,1.5727739280625088,1
NPL,2015,17.198847457904,0.6052214562276133,0.0707173956400211,0.0139519246775748,0.0155611045468737,0.059447024177405,8.539379635394969e-08,0.2231435513142097,2
ERI,2015,15.485254423092256,0.1337101602696349,0.0329407449820559,0.0017969485205077,0.0032924589037515,0.0559522771911392,2.332949972786722e-08,0.8020015854720274,2
PHL,2015,18.323380487618675,0.174500738767994,0.0424273720918315,0.0355383125847687,0.0092357201341943,0.052347007498931,2.2217299753195798e-08,0.6575200029167942,2
BEN,2015,16.205276952593273,0.2285644747226421,0.0336467304115005,0.0023492503492187,0.0052900629110046,0.0505691603860813,5.3859698549566415e-08,0.3576744442718159,2
KAZ,2015,16.682622211004638,0.1321809749709077,0.0078516598859875,0.0105829416038748,0.0078709675045665,0.0547088604252348,1.541969988111643e-08,1.897619859927532,2
STP,2015,11.842361649385792,0.1046325259376002,0.0015803855326574,0.0002003599266092,0.0001691456940605,0.0507057580875714,1.4488999895034441e-08,0.7047463164032972,2
IRQ,2015,17.40527632181497,0.2587991284540913,0.0339976340929513,0.0290458075754819,0.0277825294862406,0.0601368869866219,5.922489824620568e-08,0.7654678421395715,2
NGA,2015,19.01315034106914,0.3184593354664666,0.0387092544959827,0.00320532246093,0.0097265652254478,0.0521027037530593,7.44259972303854e-08,0.7047463164032972,2
AUS,2015,16.95907202162247,0.084317820955785,0.045823449725543,0.0102800913276909,0.0190849001838423,0.0448465465774533,8.6543399625512e-09,1.5665304114228238,0
IND,2015,20.98499054161605,0.5471112719038541,0.0417538971241081,0.0347667464533809,0.0301581614248903,0.0592517310590248,9.484049550264007e-08,0.9932517730102832,2
BFA,2015,16.710466713101503,0.1604176754088568,0.0439085120804816,0.0009310983933245,0.0037852409278126,0.0457835292264078,4.721089888556549e-08,0.7047463164032972,2
GMB,2015,14.357557903467075,0.1570630111561813,0.0196186701810286,0.0109448292449776,0.0038390075715067,0.0531792528193046,5.933929823942382e-08,0.7030975114131134,2
GNB,2015,14.364485417210156,0.1767300593007125,0.0416393810088818,0.0033998290260476,0.0029947492586724,0.0519591948864227,5.0619798718817975e-08,0.7047463164032972,2
CIV,2015,16.902838580448545,0.1872060067557533,0.0490429731629262,0.0014988901027672,0.0025367048419845,0.0468514247901504,3.7256399305980347e-08,0.7047463164032972,2
BHS,2014,12.511482915724413,0.0889205650796629,0.0024645086023135,0.0024238660617982,0.0017453230372743,0.0612002500738666,9.043489959107644e-09,1.324418957401803,0
FIN,2014,15.461259153518428,0.1320290447899478,0.0030002686893085,0.0020035056415436,0.0220652959219031,0.0497288737307631,6.951089975841174e-09,1.7101878155342434,0
ISL,2014,12.562241691524118,0.1090485869543899,0.0010990008772456,0.0011012064495524,0.0012287098268161,0.0540357971231614,5.412409985352909e-09,1.425515074273172,0
NOR,2014,15.365566029006288,0.1286185570110534,0.0054694472663531,0.0057515560452541,0.0115154954427904,0.0528994754731653,6.952139975833874e-09,1.5769147207285403,0
SWE,2014,16.008775457223464,0.1280124536337241,0.0027161170123208,0.0014497116600661,0.0069402784547433,0.0563579574665525,7.335709973093679e-09,1.264126727145683,0
CAN,2014,17.325218984849936,0.1515381825116983,0.0058530255780978,0.007965467264573,0.0147888567793985,0.0441561425840223,1.2129899926432765e-08,1.297463147413275,0
CIV,2014,16.879874767409135,0.1660745764862381,0.0416214291272401,0.0013078873423559,0.0021919179916168,0.0463167109045887,2.6187899657096956e-08,0.7178397931503169,2
SAU,2014,17.24199476458075,0.1402842685477853,0.0122662253160437,0.0432566778719403,0.0157675630493262,0.0644898616485431,4.7141098888858385e-08,1.205970806988609,2
TGO,2014,15.754177719802058,0.2049560578029531,0.0293520536860686,0.002227671895458,0.0044268450466684,0.0482012980113598,3.526079937833801e-08,0.4762341789963716,2
NER,2014,16.767767954548372,0.1695234551797016,0.03152144974558,0.0013570567817775,0.0055312941482876,0.0498767132853205,5.347399857026571e-08,0.2546422183735807,2
GNB,2014,14.341172278559378,0.1665517155738665,0.0406012741633092,0.0034983356818392,0.0027071244298844,0.0521807003982695,4.329209906289706e-08,0.7178397931503169,2
SLE,2014,15.566000647888202,0.3285683271473067,0.0578327092294841,0.0027029417594628,0.0086692422926921,0.0526373448912096,6.078269815273178e-08,0.7178397931503169,2
GIN,2014,16.30969635301474,0.2644528979071491,0.0724030646960239,0.0022189273588115,0.0060339858369424,0.050474968776729,4.627969892909472e-08,0.262364264467491,2
YEM,2014,17.06548630489975,0.1477795388566397,0.0290258000269227,0.0150149040260285,0.0106767135080521,0.0599506915335777,3.1530999502898035e-08,0.4317824164255378,2
TKM,2014,15.503468430973111,0.1294018615859502,0.0092502888512298,0.0030329818569436,0.0050945706090914,0.0562455846951979,4.405939902938466e-08,1.5085119938441398,2
EGY,2014,18.29449593213909,0.298204228643059,0.0149056931360529,0.0454401639412252,0.0342815287085973,0.0596302147996832,5.8175398307811486e-08,0.8501509293696101,2
TCD,2014,16.42285769764792,0.1651210382244842,0.0983789707903119,0.0005818626850701,0.0033001744289737,0.0466643858010667,3.8808899246934666e-08,0.3750059006234558,2
CAF,2014,15.387639680674113,0.2868068322908323,0.2976829864315417,0.0010469507557459,0.0042117620649994,0.0350758855929335,3.167129949846439e-08,0.6931471805599453,2
FRA,2014,17.980821895908576,0.1591111634029383,0.0057644257279844,0.0038908587822676,0.0170191953764516,0.0522593289435262,1.4645399892756133e-08,1.9947003132247447,0
PRK,2014,17.007607241774778,0.5299380823623001,0.0212230151264336,0.0422617230535686,0.0378812087253558,0.0570598269067037,8.535829635698053e-08,2.669540346340334,2
CMR,2014,16.93393622627105,0.2148690252514986,0.0734017774283428,0.0044789853526027,0.0036842268937559,0.0449102601530184,3.347719943963855e-08,1.2947271675944,2
OMN,2014,15.27046662507521,0.133369196596458,0.0149763485463084,0.0119492208496898,0.0122345398622625,0.0635693445361841,4.501459898684292e-08,0.7975071958841881,3
PAK,2014,19.025522068518868,0.534992025346264,0.0421240865903185,0.0329795390192835,0.0316435935725204,0.0595145985507583,9.63906953544168e-08,0.3852624007906449,3
ESP,2014,17.60277976671146,0.1332451401581944,0.0102139218525822,0.0086299000620672,0.0137793600622638,0.0563232838521954,1.0069099949306613e-08,1.3737155789130306,0
NZL,2014,15.216623854273662,0.059323517865317,0.0078831521464025,0.0058766376901564,0.003539816450707,0.0461591944146924,5.674199983901727e-09,1.3190856114264409,0
PRT,2014,16.03910676681766,0.1212340739676378,0.0083882411290194,0.0074864226753542,0.0122092132996834,0.0560243765725983,8.560859963355837e-09,1.463255402256019,0
KGZ,2014,15.631212758692142,0.131513014193515,0.0100958093795649,0.007673693755724,0.0121799720676672,0.0574516435974863,1.5356299882092026e-08,1.7351891177396608,3
LSO,2014,14.545191850802796,0.1711326698384077,0.0329125498078554,0.0244272290866014,0.0182134024019008,0.050059935436503,1.207169992713703e-08,0.7178397931503169,3
MNG,2014,14.884408389243871,0.1244329796849682,0.0059942962549144,0.0142537883754539,0.0056990326198079,0.0576191186143099,1.4559499894010482e-08,2.086913556518537,3
CHE,2014,15.9145749350434,0.1744471129123807,0.008375668951327,0.0021073409963968,0.0198679163412742,0.0492417122924091,1.3271699911930992e-08,1.7457155307266483,0
AZE,2014,16.06430157960143,0.1327835902149839,0.0152116263290164,0.0088285553635941,0.0054872783133425,0.0535265921584359,1.933289981311949e-08,1.673351238177753,3
LUX,2014,13.259953066492578,0.1690907063405945,0.0055795005970404,0.0024011170099481,0.0204859849306274,0.048537253028021,1.5570499878779765e-08,1.80005827204275,0
UZB,2014,17.18012614551475,0.1555781356700796,0.0147324722256756,0.0128969259687662,0.0252618446933741,0.0506156304092846,2.9712599558580712e-08,1.673351238177753,3
DNK,2014,15.448006297699044,0.1335084307359005,0.0022915893024166,0.0025252638356682,0.0120457161774068,0.0534028335798488,9.240989957302052e-09,1.351776856237177,0
AFG,2014,17.2669852273206,0.1687385709653134,0.0160484440625028,0.0020223656393464,0.0035307336178456,0.0570022264705927,2.0574699788340864e-08,0.378436435720245,3
NLD,2014,16.62395426231655,0.1556801955215378,0.004026114313861,0.0035311929929419,0.0249549323278819,0.0476396486267332,1.4883499889240717e-08,1.506297153514587,0
IRL,2014,15.320831665456089,0.1128016705662702,0.0019262595702368,0.0031830796226196,0.006148415694497,0.0591030234346542,9.011669959394902e-09,1.2725655957915476,0
JPN,2014,18.62140583988933,0.1811589186921288,0.0119038116654867,0.012336421477371,0.0260550869273625,0.0576741762677042,2.12831997735127e-08,2.651832521103981,0
USA,2014,19.575289506821797,0.1627661917759381,0.0167271066488664,0.0123864215692389,0.0209105447015194,0.0450850122532678,1.4791299890608724e-08,1.332366019094335,0
GBR,2014,17.940066275618715,0.144820499318252,0.0036268002019717,0.007338225244111,0.0260323410946943,0.0369522418235797,1.3224899912551012e-08,1.3137236682850553,0
ISR,2014,15.857674739955671,0.316115013722461,0.0145559138059256,0.1051856032615449,0.057927972653592,0.0528200151716954,4.94045987795928e-08,1.4350845252893227,0
ITA,2014,17.86842160348148,0.19701483904615,0.0092116888173626,0.0060851389305479,0.0247208541427946,0.052983396180988,1.8413299830475197e-08,1.4398351280479205,0
BRB,2014,12.307222513841523,0.0741421226420158,0.0009105872895269,0.0005440949534915,0.0004287740632617,0.0530764368527018,1.7214799851825335e-08,1.9501867058225733,0
URY,2014,14.99688641862594,0.0872936843038364,0.0182191782237037,0.0016080603775962,0.0036870913169891,0.0459669648004778,7.447199972269606e-09,1.252762968495368,0
BEL,2014,16.242277369531752,0.1713773990417257,0.0042357863771264,0.005694707330738,0.0269091172548225,0.0468205140562179,1.7731099842804053e-08,1.9242486522741336,0
TJK,2014,15.94387870807603,0.1654281669596828,0.0182320170824586,0.0089969042091708,0.0090427963960442,0.0530372518930177,2.3442899725215224e-08,1.7209792871670078,3
LCA,2014,11.950320607034003,0.0750727947055752,0.0015946259080263,0.0011360364661469,0.0006315755141903,0.0532211873775936,1.6024299871610906e-08,0.8576017355254755,0
CYP,2014,13.88853344734284,0.1220154954817339,0.0131173768012484,0.0117785813565402,0.0056286145867422,0.0657740947070058,1.2661399919844477e-08,1.229640551074514,0
AUT,2014,15.966685435293252,0.1688224575543737,0.0072486916409045,0.0032169261401848,0.0184874500845497,0.0499428899253766,1.4515599894648681e-08,2.149433913499871,0
DEU,2014,18.204232273856224,0.1643233743574886,0.0053700573972347,0.0038797440503517,0.0226740420127657,0.0492599891873349,1.4597599893455037e-08,2.2181159363675955,0
ATG,2014,11.17094784147921,0.0746058374125294,0.0013213985682371,0.0026781086634974,0.0005174211146043,0.0546007465798825,1.3904899903326881e-08,1.599387576580599,0
EST,2014,14.015849824873683,0.1477633093683977,0.0039055274892176,0.009016424601419,0.0106459621129572,0.0526000936904899,1.0255399947413384e-08,1.7749523509116738,0
CRI,2014,15.367846316152296,0.1113511661256136,0.0340262520002726,0.0040614899720691,0.0080649348085476,0.0457816243175388,1.3503799908823696e-08,0.7747271675523681,0
BLZ,2014,12.770408874631896,0.1018948360218255,0.0319259517292655,0.0007830793133464,0.0011515936614117,0.0502651826430184,1.67979998589136e-08,0.712949807856125,0
PAN,2014,15.139340810198297,0.1138908665392316,0.0206757234877296,0.0022163430961228,0.0055879005629559,0.0515794044108465,1.7841199840845796e-08,1.1151415906193205,0
JAM,2014,14.805173889100343,0.1259784008350893,0.0130636566487463,0.0081062464256638,0.0082546930815445,0.0585658838099863,2.0639099787013776e-08,0.9858167945227652,0
CHL,2014,16.67315825687496,0.3303990707975768,0.0226354150830352,0.0590823300368412,0.0276485166714205,0.0491461715430349,3.7842999283953694e-08,1.1346227261911428,0
BRN,2014,12.824939931466268,0.2025976210207902,0.1080309412952857,0.0030389217961723,0.0071230924338965,0.0489049252397627,1.8974099819991768e-08,1.3056264580524355,0
KOR,2014,17.657503482403904,0.4833775200043718,0.0363736979025509,0.0787560005285247,0.0768309678621519,0.0537079396427165,9.308419566766613e-08,2.5360749363624,0
TTO,2014,13.987008399115576,0.0813021410235343,0.0078491397479389,0.0009550907555842,0.0044420594294027,0.0536809361095679,1.769979984335854e-08,1.3480731482996928,0
SVN,2014,14.542412782468167,0.1853881940184231,0.011144416658766,0.007840559324786,0.0167726051374749,0.0515536952271074,1.6510299863704997e-08,1.713797927758343,0
MLT,2014,12.765209232953085,0.1133501404339831,0.0018911746014694,0.0080784879686492,0.0074778917445088,0.0646560486653562,1.3012899915332218e-08,1.7209792871670078,0
TON,2014,11.081710301626236,0.0483054867322967,0.0005260526100599,0.0002885633615881,2.9199573688298848e-05,0.0503167433860207,6.010109981939289e-09,1.247032293786383,0
PRY,2014,15.674423848885596,0.1353366713778147,0.1014084511284076,0.0005911102599017,0.0025628371256256,0.0399317064476741,1.0433899945566866e-08,0.636576829071551,0
ECU,2014,16.547982514815853,0.1550935588913398,0.04691997645808,0.0015127582041142,0.0079083841318997,0.0408151149467789,1.701839985518703e-08,0.9321640810304452,0
COL,2014,17.67268293275937,0.1761213694625839,0.0562702943007386,0.0028414921347682,0.0082971928960438,0.0379692580265118,2.173289976384053e-08,0.9669838461896731,0
GRC,2014,16.132552423424556,0.1431085215445315,0.0091977962848957,0.0107148217238576,0.0118518515192579,0.0579637552982625,1.2153799926142572e-08,1.6563214983329508,0
VCT,2014,10.911466823073155,0.0745496935804462,0.0012318090116684,0.0013312844474857,0.000465036853599,0.0532884737986649,1.6659999861222203e-08,1.2383742310432684,0
SGP,2014,15.34153004991222,0.2668669881289151,0.0288788099341214,0.0587063284794773,0.0200444500154932,0.0594684755776333,4.303559907396859e-08,1.1786549963416462,0
BRA,2014,19.107796328101333,0.1376797613574134,0.0453124744868196,0.0062628801596797,0.0079424570170226,0.0456670162609531,1.5056499886650905e-08,1.247032293786383,0
THA,2014,18.016150578449125,0.296173010195808,0.057886517097317,0.0220747646242594,0.0150096140397633,0.0511270087709686,4.234659910338276e-08,1.144222799920162,0
MUS,2014,13.9639518559593,0.074169058287926,0.0008872033187191,0.0013289385698406,0.001255854085039,0.0486915851625038,9.542719954468248e-09,1.4883995840570443,0
PER,2014,17.227209044848152,0.1184617101936002,0.0474533929935981,0.0022613981107667,0.0046359274632583,0.0412266044174151,1.09990999395099e-08,0.9555114450274363,0
DOM,2014,16.138687006342394,0.1252334319542646,0.0213577537345018,0.0033797541910225,0.0115760423312292,0.0516304290928544,1.9521699809451622e-08,0.924258901523332,0
CUB,2014,16.21221398716278,0.1005025786662586,0.0123978510523058,0.0034676308128442,0.0036175667080266,0.058041481517984,1.2416599922914022e-08,1.615419984111648,0
ARG,2014,17.56977714218594,0.1122066712631714,0.0427640693914535,0.0016865010572728,0.0105739759500926,0.0405627085045867,1.0602399943794558e-08,1.7647307968401356,0
GRD,2014,11.32204337111216,0.073940901769671,0.0010848833012407,0.0006160442057963,0.0003370022083763,0.0530444761540212,1.70010998554813e-08,1.5129270120532563,0
SUR,2014,13.187256766818704,0.0864947001184537,0.0262712001115492,0.0005741151643456,0.0002458927658957,0.0468065904227918,1.5153199885190267e-08,1.3686394258811698,0
MDV,2014,7.949680807270198,0.102960891962422,0.0011412135680119,0.0003942352790592,0.0001468552162448,0.0532830826674517,1.10199999392798e-08,1.7825505301427451,0
MEX,2014,18.6393780699199,0.2134387791810312,0.0530120622594346,0.2325865947069677,0.0216842676647779,0.0507119914363577,4.019049919236187e-08,0.6981347220709844,0
KEN,2014,17.61634473831058,0.3014048689465575,0.0439346227031465,0.0044393703971813,0.0099652000495517,0.0450790446194563,3.554939936812009e-08,0.8754687373538999,0
WSM,2014,12.03407125218298,0.0494118851466003,0.0006561077142526,0.0004337669095301,0.0002135371993093,0.0434491055441789,5.64851998404711e-09,1.247032293786383,0
SLV,2014,15.61110372583654,0.1925454401622149,0.0855768010608003,0.0102760085075124,0.0152078314886843,0.0515215529472794,2.5392499677610483e-08,0.8671004876833833,0
JOR,2014,15.810034097742385,0.2505799155924952,0.0160234815866402,0.0619538086443409,0.0364233561189354,0.056597503324686,3.65628993315772e-08,0.8796267475025636,0
PNG,2014,15.7988100643189,0.0861858824460773,0.1045808278802927,0.0051097927445201,0.0009123766578064,0.0319974390249633,7.498199971888498e-09,1.247032293786383,0
FJI,2014,13.539901973413018,0.0588165109923418,0.0105695885784684,0.0020885684217503,0.0006048270552351,0.0472358464257636,6.075359981545001e-09,1.0577902941478543,0
TZA,2014,17.75442894790324,0.1440972383412287,0.0395173287739029,0.0012504029203308,0.0022315352720499,0.0420007379510265,1.4370499896744366e-08,0.5187937934151676,0
HRV,2014,15.199240358407806,0.1695912964481938,0.0115870352759063,0.0090114536121707,0.012282585269878,0.0536644526483306,1.4991999887619973e-08,1.935859813201812,0
LKA,2014,16.775771104486342,0.2217364978786418,0.031026882336846,0.0186810034131817,0.0102956167796754,0.0536018184829301,3.301359945505112e-08,1.551808799597464,0
VEN,2014,17.223441106232453,0.12230259106209,0.0496304024988894,0.0024944233377137,0.0062210610099659,0.0489928659627942,2.0436299791178825e-08,0.5822156198526637,0
CZE,2014,16.16861508859596,0.1857036709924437,0.0068548904615805,0.0094504296857741,0.0210170053268861,0.0491029798032286,1.8041899837244927e-08,2.0451088625993306,0
SSD,2014,16.288625561242434,0.2347453288674166,0.20191422087293,0.0011342105399754,0.0055961324014318,0.0390591786570186,2.838239959721969e-08,0.7178397931503169,1
SYC,2014,11.08563321862587,0.0696385917647329,0.0007773967488295,0.0004120660891065,0.0001771783029974,0.0456618485512425,7.1339799745531655e-09,1.358409157630355,1
TUR,2014,18.127422632114637,0.1429039558595461,0.0131089855617166,0.0103781492268258,0.0151802005197018,0.0549349516166637,1.5446099880709e-08,1.2947271675944,1
KWT,2014,15.05487704148972,0.2636939876858882,0.0503006342634727,0.1345975297233415,0.0600324813594024,0.0661103868478531,7.364029728855324e-08,1.1786549963416462,1
NAM,2014,14.690112895101876,0.1326096455711994,0.0570333224607927,0.0015232622467614,0.0031629924611347,0.0472576673907683,1.4598699893438981e-08,0.7178397931503169,1
CPV,2014,12.981928300524965,0.0854565931894638,0.0009479545490779,0.000576976517032,0.000512503647567,0.0613345460880825,2.6905899638036283e-08,1.1151415906193205,1
NIC,2014,15.601415008306567,0.1035158564196493,0.0455055442782441,0.0075120537393667,0.0029459793384703,0.0465496250621485,1.646589986443707e-08,0.6729444732424258,1
SVK,2014,15.50255202359793,0.168392286717412,0.0085882333223387,0.0119744502475814,0.0159196935548128,0.0487344619712152,1.5047799886781857e-08,1.9154509415706047,1
LTU,2014,14.879914851455965,0.1487691424386074,0.003252511844056,0.0042015560884922,0.006783102655221,0.0527271276806559,1.2588299920767352e-08,2.1114245875328868,1
ALB,2014,14.84799898061054,0.1364568893080538,0.0069134161716109,0.007030795927862,0.0076801767943264,0.0586993199068764,1.1145799937885572e-08,1.3506671834767394,1
GTM,2014,16.588877564762043,0.2098264753697642,0.0770438238206584,0.0074095106521044,0.0121454999036384,0.0459482435226582,2.5309499679714614e-08,0.4824261492442927,1
FSM,2014,10.389279020392468,0.062037174752448,0.0008243501300473,0.0001811675881614,4.559896035160519e-05,0.0440429976222077,5.723969983618083e-09,1.247032293786383,1
KIR,2014,9.49250575544309,0.0515219465946421,0.000509320274406,0.0001824163611238,1.4399896320995316e-05,0.0387649846037426,5.772189983340911e-09,0.9516578757114464,1
COM,2014,13.222838523051433,0.079784217036941,0.0017086524216958,0.0005963521467059,0.0005021059237203,0.0490075730935185,8.210999966289741e-09,1.1505720275988207,1
HUN,2014,16.10702592802955,0.1643942833719277,0.0079072233475443,0.0163048013429986,0.0148707059294882,0.0492482387425844,1.513799988542048e-08,2.0781907597781832,1
MWI,2014,16.63106857462483,0.2098072942450553,0.0417685032395176,0.0019321172587445,0.0052910994127763,0.0413503803639225,2.426769970553937e-08,0.832909122935104,1
ETH,2014,18.38957145861489,0.2484781595373748,0.0485802326115348,0.0013861858003809,0.0064891319675466,0.0449138170821639,3.1165799514346465e-08,0.2851789422336623,1
DZA,2014,17.454630117221924,0.1779900736170763,0.023648843662814,0.0102245407789422,0.0234659503038186,0.0601434335678621,2.9758399557218823e-08,0.9707789171582248,1
LVA,2014,14.47577319021491,0.1605215634395992,0.004463758589567,0.0033842549436876,0.0068943740909936,0.0518952583360219,1.3627399907146986e-08,1.8961194845522975,1
IRN,2014,18.173078989446758,0.2830326420822272,0.0315235892294312,0.0343973668057093,0.0377437441251601,0.0580420571997639,3.5205699380279364e-08,1.0224509277025458,1
GUY,2014,13.507171253145405,0.0853290362309952,0.0285819077597428,0.0003369312322969,0.0002124044405795,0.0458037538598949,1.5717099876486383e-08,1.007957920399979,1
POL,2014,17.46943521377781,0.1641377175031866,0.0045284769530468,0.0145825834056158,0.0165798170687431,0.0491852207276693,1.5386099881633963e-08,2.0255131996542803,1
LBY,2014,15.647207654775396,0.1282133551469576,0.0088517167064926,0.0063840753562815,0.0090533732614078,0.0623070555127716,4.032399918698753e-08,1.547562508716013,1
VNM,2014,18.309281546210432,0.3530199779808708,0.044082872713249,0.0104331657547827,0.0157016464240936,0.0537582813063305,5.1583398669576475e-08,1.229640551074514,1
SRB,2014,15.7773730125638,0.1588849261487728,0.0111424961792295,0.02581917972647,0.0107118121398165,0.0511038899032822,1.4167299899643806e-08,1.864080130807681,1
ROU,2014,16.785578934421277,0.158648265935293,0.0080401868971424,0.0094372041766848,0.0128768108669068,0.0495531959877743,1.3270099911952225e-08,2.039920783517553,1
HTI,2014,16.120506789825363,0.1470015556287634,0.0188036863639201,0.0012247067404485,0.0073233735191745,0.0564355993601781,2.0820399783255478e-08,1.1704160207970933,1
RUS,2014,18.7928353182511,0.1495246482236376,0.0063772371281626,0.0121600035688255,0.0177174577816458,0.0498888523972336,1.2354499923683163e-08,2.180417459019838,1
ZAF,2014,17.797867483032203,0.3544625952992016,0.0333877817518468,0.045665197017905,0.032101021460241,0.0483157254993397,4.5334898972373464e-08,1.1786549963416462,1
SLB,2014,12.932639756805042,0.0536280910772506,0.0185238197742001,0.0003458351921155,3.369943216775726e-05,0.0421110102695037,6.261809980394867e-09,1.247032293786383,1
TUN,2014,16.174666773376416,0.1794807655647476,0.0113132383063873,0.0184217301788236,0.0149652489659681,0.0592117732748605,2.8401199596685932e-08,1.0260415958332745,1
VUT,2014,12.143386328003956,0.0549672920849839,0.0050806376749691,0.0009725599102535,0.0001949769907511,0.048529622005336,7.554899971461743e-09,1.247032293786383,1
ZMB,2014,16.570809450697983,0.186717263171959,0.0525945734565747,0.0060227388426748,0.0048412631511898,0.0457760500612663,2.1285099773472265e-08,1.0986122886681098,1
TLS,2014,13.945297699621662,0.1125066216123582,0.047600331837696,0.0006105475778896,0.001056699496381,0.0475633030556134,9.619179953735689e-09,0.3488947566197701,1
BOL,2014,16.174782161524988,0.1298449968342601,0.110415905314889,0.0003513432717236,0.0017917698212961,0.0314404757144795,7.022959975339016e-09,0.7514160886839212,1
GNQ,2014,13.56272061307251,0.1413537912329509,0.0386292594328541,0.0018289274920283,0.0010144702510037,0.0454341105196417,1.668319986083542e-08,1.1314021114911006,1
GAB,2014,14.28570445660764,0.1628227368936341,0.0547905316182646,0.001326616654875,0.0017819583687013,0.0430203708652087,1.7851999840653052e-08,1.0818051703517284,1
IDN,2014,19.31239793730755,0.3829735541267514,0.0642058973869244,0.0220946818644005,0.0180721760266756,0.0544380878537612,5.204499864565904e-08,0.6471032420585385,1
HND,2014,15.882141337367395,0.1445558757012586,0.0916473279271435,0.0032945908704902,0.0055656012679713,0.0436575344169135,1.944879981087209e-08,0.4762341789963716,1
KHM,2014,16.542399658073414,0.2208849032880849,0.0691466595276311,0.0052593115433922,0.0067295636076016,0.0490671139966091,2.9361999568936484e-08,0.5850050219402422,1
MYS,2014,17.161155059051428,0.3345439042972197,0.1051604435447357,0.0088684666411446,0.0184867364011942,0.0537537501490259,3.737109930170046e-08,1.0473189942805592,1
AGO,2014,16.985862466176027,0.224337238585995,0.0748778978990994,0.0018590199511312,0.0056518412131352,0.0479995651023684,2.4783899692879158e-08,0.7178397931503169,1
DJI,2014,13.57608981145894,0.1106523025233444,0.0057382089434597,0.0020873988663141,0.0023785420248318,0.057843069317472,2.64713996496325e-08,0.7793248768009976,1
MAR,2014,17.34432379222746,0.1529657506473087,0.016772486150028,0.0141902327227679,0.0118964181744685,0.0576324804920534,1.7500699846862752e-08,0.5831462853456167,1
LBN,2014,15.318782221335663,0.287312208060379,0.0121640214054893,0.0378742397570059,0.0366265521870159,0.0566253921885292,3.73870993011024e-08,1.3480731482996928,1
BWA,2014,14.600223243048283,0.1153013374558824,0.0508588486796789,0.0052987736703005,0.0034340887617078,0.0489164754890787,5.944579982330984e-09,1.2725655957915476,1
BTN,2014,13.737804173128527,0.398618606210447,0.0577240559453967,0.0056389651095025,0.0090022845695695,0.0574997480672634,3.710339931166887e-08,1.007957920399979,1
BHR,2014,13.550658564663822,0.1968078338460556,0.0255359700352189,0.0337628798945276,0.0372676061193228,0.0737755741935619,4.9534898773146886e-08,1.0818051703517284,1
ZWE,2014,16.534495236511592,0.1757498595830987,0.038129854922192,0.003353928289275,0.0051317639463045,0.044688393191919,1.62477998680045e-08,1.0818051703517284,1
RWA,2014,16.238518704476615,0.4393205938783837,0.0576015958980488,0.118830798561074,0.0130646288642567,0.0449157345706625,7.083749749102442e-08,0.5364933705145685,1
MRT,2014,15.170811746900728,0.1075675961628027,0.0211047977315856,0.0012890368349233,0.0019378960658885,0.0531174865582028,7.448119722627556e-08,0.7178397931503169,1
MDG,2014,16.96799247667881,0.1373950373772552,0.0414671725881185,0.0006668066350336,0.0030350505709008,0.0419999520536224,1.1644899932198151e-08,0.2776317365982795,1
BIH,2014,15.16286827118053,0.1479516342428607,0.0118531875892434,0.0147168420770326,0.0078569075073933,0.0538101863012277,1.2447999922523648e-08,1.208960345836975,1
UGA,2014,17.44938704799827,0.3014807266246959,0.0819475756446334,0.0165943726209538,0.006680730143366,0.0463933409927196,3.6818299322206415e-08,0.4054651081081644,1
LAO,2014,15.714548623157446,0.3882729129473465,0.1153456792706634,0.0050311365806607,0.0090940296784768,0.0505788774711558,4.5643698958326364e-08,0.7323678937132266,1
SOM,2014,16.160119791411518,0.082243945325141,0.0279293248786728,0.0003336013488817,0.0003545551378979,0.046876360944809,1.302869991512649e-08,0.6259384308664953,1
BGD,2014,18.85200741537309,0.5349463159630192,0.051054202157281,0.0199766523490202,0.0234338001305116,0.0590027984347101,8.791319613563485e-08,0.4700036292457355,1
MNE,2014,13.335267096123784,0.1355090769670075,0.0088413736130641,0.0067264496291066,0.0054489265988564,0.0578860212104528,1.0690599942855535e-08,1.5830939370944983,1
MOZ,2014,17.109547292110435,0.1385812134150725,0.0366625775666018,0.000877532855393,0.0029809615160584,0.0433279874156441,1.6167199869310823e-08,0.5933268452777344,1
LBR,2014,15.221602208130802,0.1692046568319217,0.0366709518113187,0.0009599441061908,0.0020870815293643,0.0480619743118701,2.905329957795289e-08,0.7047463164032972,1
SEN,2014,16.484577547254194,0.1396536373799496,0.0184140352169154,0.0256243988305128,0.003700370177755,0.0545171934078081,5.6578798399419764e-08,0.5306282510621704,1
BGR,2014,15.79800406491238,0.1549630046592283,0.0101352157411018,0.0305362952133732,0.0127751699090328,0.0511093988619911,1.3616799907291382e-08,2.0955609235597192,1
MKD,2014,14.55208362636982,0.153384395735153,0.0110227872493372,0.026936360820671,0.0125023064451635,0.0533262507332026,1.3287999911714528e-08,1.713797927758343,1
ARE,2014,15.945862074949288,0.2150532948655428,0.0474796467688874,0.0262018087904169,0.0515047202355306,0.0701038327815704,6.380969796416118e-08,0.8285518175661483,1
SDN,2014,17.4871419953092,0.1384087820491429,0.0348118815996356,0.001471345040815,0.0037442634884795,0.0542650849725431,3.3795799428921966e-08,0.5877866649021191,1
MLI,2014,16.65897918404168,0.1569847417914256,0.0601532090718464,0.0006470356272937,0.0035584980290469,0.0451108170127267,4.0422599183006734e-08,0.2231435513142097,1
COG,2014,15.227738400502664,0.2285467150990608,0.1487789337991151,0.0042730246130847,0.0031806593359208,0.041179597609656,2.4894499690131937e-08,0.7178397931503169,1
MMR,2014,17.776339620959362,0.2780738093242769,0.0974964218709689,0.0038460644032128,0.005725678970792,0.0481700518136956,3.2066299485876214e-08,0.6626879730752367,1
SYR,2014,16.75209304344344,0.2105508737196699,0.0139166072447428,0.0242562842422694,0.0230848056392543,0.0568318223540943,3.229409947854557e-08,0.9162907318741552,1
GEO,2014,15.202494538741858,0.1278117062351945,0.0190147797709034,0.0055587992078087,0.005829115646374,0.0515935995633684,1.3328999911168882e-08,1.4060969884160703,1
PHL,2014,18.30785796618856,0.1631433585013996,0.0377935587142146,0.0352023783336992,0.0092987810169026,0.0518230848415586,2.263319974386913e-08,0.6523251860396903,1
SWZ,2014,14.030777256163825,0.2237222830167075,0.0363917471303961,0.0093386051732992,0.0119799430634863,0.0466189686795876,2.6811899640561016e-08,1.1052568313867783,1
COD,2014,18.135166819235334,0.3169111084332046,0.240364065077584,0.0132882853624589,0.0056460331155578,0.0364379433855012,3.751699929623737e-08,0.7178397931503169,2
BDI,2014,16.195792552764043,0.3629827060127681,0.0466063175016887,0.0100036749748995,0.0098685591931253,0.0439268649031956,4.880439880906532e-08,0.5247285289349821,2
ARM,2014,14.926773472300107,0.1430636318816577,0.012370665814646,0.0098893190909982,0.0091710044849686,0.05383886254208,1.7562199845784566e-08,1.6639260977181702,2
MDA,2014,15.198773544106189,0.1386619445558502,0.0045976266981673,0.0122207761928539,0.0075190678259846,0.0532485232986772,1.1096299938436064e-08,1.94876321803772,2
NPL,2014,17.187089273633088,0.6026538661102732,0.067146510811651,0.0138537540597147,0.0152349131159009,0.059973601699686,8.613389629047587e-08,0.2390169004704999,2
BLR,2014,16.0689979213955,0.1329259790236862,0.0044839729506266,0.0045821498982255,0.008564105139582,0.0502621258296151,9.875219951240015e-09,2.425687290128029,2
ERI,2014,15.464423603107331,0.1361001976678776,0.0339731978423667,0.0016627698317194,0.0035163284643782,0.0548308847280967,1.9476099810340767e-08,0.8064758658669485,2
CHN,2014,21.0217680477873,0.5327697998381857,0.0249844461003909,0.0759759134645724,0.0670460421773,0.0510192262378364,1.0389199460322655e-07,1.5195132049061133,2
UKR,2014,17.565233717188267,0.1404797342661282,0.0046268645346191,0.0115343281420602,0.0116014145886962,0.0509452124008056,1.1079799938619016e-08,2.1174596088673567,2
BEN,2014,16.179955594156894,0.2095367768030066,0.0300744964329006,0.0021638242428561,0.0048439958854756,0.0497672072226145,3.8200199270372386e-08,0.3646431135879093,2
IRQ,2014,17.374370108097526,0.2463191457165718,0.0353307725194923,0.0279820734499895,0.0267568260010383,0.0598792005208578,5.004929874753382e-08,0.7419373447293773,2
STP,2014,11.822324507664508,0.0908544851967358,0.0014252528444624,0.0002024165123954,0.0001632776694758,0.0511671432718259,1.144999993444875e-08,0.7178397931503169,2
NGA,2014,18.987818839059823,0.3116800604316936,0.0372440473745137,0.0031456362943764,0.0095192022870377,0.051954107426121,6.09762981409455e-08,0.7178397931503169,2
AUS,2014,16.94388707217733,0.084429507581437,0.043608030555149,0.0107240581816378,0.0188112419184051,0.0465648463162051,8.77447996150425e-09,1.56234630490025,0
KAZ,2014,16.66763498899076,0.1315874577819086,0.0072070457424531,0.0106772843801955,0.0078704783696026,0.054144390299431,1.568889987692921e-08,1.9329696377795784,2
BFA,2014,16.68277477738997,0.1677047490121229,0.0426844785396137,0.0009534163541503,0.0039726266591524,0.0460202115773638,3.511439938348947e-08,0.7178397931503169,2
IND,2014,20.97267964116961,0.5311689013550466,0.0416515035025307,0.0338787916166731,0.0291578170033394,0.0587680510397685,9.331309564633297e-08,1.000631880307906,2
QAT,2014,14.52735086329514,0.197760057480344,0.0339819368113764,0.0156918947023004,0.035625724302095,0.0755025017521836,4.8175098839579915e-08,0.7323678937132266,2
GMB,2014,14.325204735886755,0.1487325209352903,0.0200545230187685,0.0110074075941972,0.0036423057437206,0.0540481341265173,4.9638298768019636e-08,0.7178397931503169,2
GHA,2014,17.091789362186063,0.1942711789857373,0.0324604553616767,0.0019739365048219,0.0036878315822505,0.0474490346345515,3.2297899478422843e-08,0.5364933705145685,2
AUS,2013,16.92846798091838,0.088651513646527,0.0417362158525526,0.0110197825481657,0.0194958292580819,0.0455912278831159,9.576549954144848e-09,1.551808799597464,0
GHA,2013,17.0684220947616,0.2087182645565112,0.0330042946609715,0.0021221446573355,0.003959338464544,0.0488856509141192,3.301919945486622e-08,0.5481214085096876,2
NER,2013,16.729538616597374,0.1754707963305351,0.033647683787289,0.0013848266847492,0.0057275611612807,0.0495264477993272,5.036189873183956e-08,0.2776317365982795,2
GIN,2013,16.28321903501798,0.2543193499781196,0.0718703676543926,0.0021371097533001,0.0056692334843687,0.0505954318156099,4.0072699197089384e-08,0.262364264467491,2
SLE,2013,15.544836779965218,0.2616112079146444,0.0556217026483366,0.0020011244142874,0.0056691032249286,0.0522094019407112,4.4830098995131096e-08,0.7178397931503169,2
CIV,2013,16.856371198531985,0.1793701548555929,0.0413196895295449,0.0014387165508301,0.0026602693436194,0.0475589465974176,2.615279965801553e-08,0.7178397931503169,2
TGO,2013,15.728122195646035,0.2142476551013923,0.027940597537757,0.002253773343777,0.0045973997439944,0.0499028710480332,3.5168699381581284e-08,0.4824261492442927,2
GNB,2013,14.317302631805008,0.1729294672117964,0.0469437825602774,0.0033545641528509,0.0026346901537306,0.0520610187694418,3.7654399291073104e-08,0.7178397931503169,2
EGY,2013,18.273101897197183,0.287727685411494,0.0140755766509455,0.0426495012121904,0.0321206489761058,0.0613185388082703,5.8434498292704675e-08,0.8628899551470398,2
SAU,2013,17.2195056277781,0.1427068687761005,0.012272622344712,0.0438307819762013,0.0152752608883347,0.0647540638696753,5.59405984353247e-08,1.1969481893889715,2
CAF,2013,15.368380893509306,0.2745410076367175,0.3240236007369962,0.0008454325211917,0.0031225956198017,0.0340606813799523,2.8248599601008305e-08,0.6931471805599453,2
YEM,2013,17.04048330040007,0.1461755200416505,0.029035784909297,0.0145660274638681,0.0099107607633517,0.0601845525483868,3.760989929274773e-08,0.4382549309311553,2
FIN,2013,15.456355687539896,0.1296795743880806,0.0029725087152944,0.00197064001287,0.0228288417260123,0.0526753314593145,6.705869977515653e-09,1.7681496035889213,0
CAN,2013,17.314792901311854,0.15405124402654,0.0058444349694697,0.0083194591302775,0.0154195326144616,0.0448186867179454,1.1869499929557484e-08,1.308332819650179,0
ISL,2013,12.554620534238085,0.1072558579612846,0.0009676276972843,0.001096259887491,0.0010849412383499,0.0578356573655572,4.938659987804819e-09,1.4398351280479205,0
TKM,2013,15.490724585400637,0.12895284442619,0.0090097866999566,0.0027943441812159,0.0046454541501079,0.0580311496753027,4.2111499113310816e-08,1.4973884086254776,2
TCD,2013,16.390987433824993,0.1791408035574982,0.1406401731393405,0.0006291690316484,0.0036069411596124,0.0460408843987868,3.772909928825752e-08,0.3750059006234558,2
CMR,2013,16.909583746274894,0.2208589211329938,0.0830782124789993,0.0044827832962713,0.0035981777871188,0.0450959536495207,3.210619948459597e-08,1.2947271675944,2
LSO,2013,14.533618651704137,0.1627690963534375,0.0269638362861046,0.0234310659554229,0.0168173463640745,0.0511277327469202,1.1451299934433864e-08,0.7178397931503169,3
OMN,2013,15.195633588033193,0.1341042477616824,0.0149781336097686,0.0115967687894795,0.0111091779423116,0.0640938875547069,5.1149798691849033e-08,0.8153648132841945,3
PRK,2013,17.00243198759599,0.4988023107512211,0.0161721135768737,0.0407519075842232,0.0354323656485266,0.0573990592198709,7.841219692576361e-08,2.669540346340334,3
SWE,2013,16.000801345603826,0.1246260001892455,0.0025393920131516,0.0014944447609468,0.0069915331727689,0.0581530973538273,6.362329979760379e-09,1.2781522025001877,0
NOR,2013,15.35293914040004,0.1294102216280182,0.0055082606396666,0.0065475191378609,0.0130281893833257,0.0548750305019666,6.857999976483918e-09,1.5810384379124025,0
KGZ,2013,15.614774178818196,0.1306199422129537,0.0101002522876555,0.0075819135142605,0.0112649248116098,0.0587240187525497,1.8382999831032657e-08,1.7509374747078,3
PAK,2013,19.00489735333865,0.5329634230128535,0.0402071822018883,0.0324444832001268,0.0304107169290605,0.0593307020539741,9.493519549365419e-08,0.3852624007906449,3
NZL,2013,15.20974518159791,0.0630459393538696,0.0113052422489983,0.0062674971426069,0.0040938676766415,0.0450798683335034,5.6523199840256396e-09,1.3297240096314962,0
FRA,2013,17.976072767520932,0.1631364471944698,0.0060429018353081,0.0040356986025214,0.0168936159086899,0.0524579116620815,1.49755998878657e-08,2.002830439307996,0
ESP,2013,17.605024434279226,0.1370173080054326,0.0105726233276502,0.0089402555522885,0.0134089695934295,0.0578738263295597,1.0267599947288196e-08,1.3737155789130306,0
MNG,2013,14.86733084480625,0.1253593675242351,0.0055750574469612,0.0133037543135651,0.0054240124129092,0.0603839934989242,1.3795899904836572e-08,2.074428999856292,3
AZE,2013,16.050609627533944,0.1355511013889419,0.0134422852932368,0.0090612307703071,0.0054018914771298,0.0543556128499606,1.760069984510768e-08,1.6448050562713916,3
CHE,2013,15.903176226116878,0.177512205381117,0.0088628248813652,0.0021382014172027,0.0201946631851655,0.0498282015197531,1.319879991289584e-08,1.766441661243765,0
UZB,2013,17.165364236950857,0.1536688900709246,0.0149376467595316,0.0127987938900147,0.0231381484514066,0.0527705697861513,3.166449949867973e-08,1.706564623164823,3
LUX,2013,13.23955909395594,0.1719390597204165,0.0057703613957437,0.0025035215730419,0.0211518617678856,0.0482489116562755,1.5127999885571813e-08,1.8196988379172965,0
PRT,2013,16.04365549886972,0.148121590769554,0.0101331200867922,0.0080674028206409,0.0126851126785751,0.0591040404923908,1.3511199908723738e-08,1.47932922708708,0
JPN,2013,18.622521104108166,0.1776065343587188,0.0135818556104833,0.0126206356809912,0.0259981307622598,0.0589484183189097,2.2068899756481828e-08,2.658159431488745,0
AFG,2013,17.23779870619591,0.1738631450757694,0.0160923763491855,0.0019659602331522,0.0032420010308385,0.0578039609855319,2.1253799774137995e-08,0.378436435720245,3
DNK,2013,15.443828533046943,0.1288028265564484,0.0021209911072682,0.0025112042855231,0.0114702959128724,0.0561678009972827,8.28421996568585e-09,1.4036429994545037,0
BRB,2013,12.30452356984705,0.0770078400410424,0.0009712681663278,0.0005875123807975,0.0004751950769333,0.053487338759572,1.5796699875232136e-08,2.0082140323914683,0
LCA,2013,11.942557519075002,0.0781672698311812,0.0017464121341945,0.0012218652185693,0.0006952992234624,0.0540649741585512,1.4994099887588485e-08,0.7929925155296614,0
USA,2013,19.567863066658287,0.1636648001371834,0.014683522498718,0.0127720500169336,0.0211881121666467,0.0456490138274039,1.4585599893630136e-08,1.3506671834767394,0
IRL,2013,15.317630785177526,0.1157706673118578,0.0019135400139676,0.0031894323489259,0.0061565017917623,0.0603899496813038,8.443269964355596e-09,1.269760544863939,0
NLD,2013,16.620292633238822,0.1522291265399715,0.0036858528908381,0.0034927721634474,0.023580504671438,0.0496486166393391,1.3603299907475116e-08,1.5390154481375546,0
GBR,2013,17.933732328880613,0.1475220425878112,0.0033863089784179,0.0077054962646549,0.0260529815030019,0.0388191974037054,1.3015199915302286e-08,1.3217558399823195,0
ISR,2013,15.840482793381833,0.3012832323961187,0.0144209021490959,0.1015077722642751,0.0529188712213071,0.0545706635982655,4.9210798789148626e-08,1.4398351280479205,0
TJK,2013,15.92208085948978,0.1629913598849638,0.0189258145768591,0.0088717077642192,0.0081912310786501,0.0548755003488257,2.5337599679003017e-08,1.7404661748405046,3
URY,2013,14.993638652440586,0.0845821451270089,0.0177862811299715,0.0016239117413049,0.0036144868649814,0.0461009692029943,6.461039979127481e-09,1.264126727145683,0
JAM,2013,14.801432227584469,0.1269970030512735,0.0126273177914895,0.0080613032089376,0.0078648855457162,0.0593416229257844,1.876129982400681e-08,0.9858167945227652,0
ITA,2013,17.867629724518967,0.20096757348042,0.0106932508593515,0.0064687027564172,0.0254188054338757,0.0542109585376913,1.7717699843041556e-08,1.4562867329399256,0
ATG,2013,11.16046434467887,0.07786372063541,0.0013419781443988,0.0026937904862944,0.000519711926358,0.0559112340334564,1.3424699909888716e-08,1.6094379124341005,0
BLZ,2013,12.748921740482222,0.1102749452425222,0.0342829114821189,0.0007867184558662,0.0013897538446048,0.049703179314248,1.6375099865928053e-08,0.7371640659767197,0
BEL,2013,16.235868553230027,0.1793271898151707,0.0043784426151277,0.0060520602819658,0.0284265721905528,0.0465103323969027,1.8575099827482832e-08,1.935859813201812,0
CRI,2013,15.356741061783252,0.1157967808020379,0.0354024337551353,0.0042102016497341,0.008454979709358,0.0463074646191384,1.3341099911007526e-08,0.7793248768009976,0
CYP,2013,13.87786650840129,0.1320068746372869,0.0165274717856013,0.0122626010393624,0.0054081863609212,0.0671816126032702,1.2706899919267348e-08,1.247032293786383,0
AUT,2013,15.963035337873478,0.1705257085206479,0.0080916431768007,0.0032785118021076,0.0185949728848528,0.0508352193499997,1.4093899900680993e-08,2.1564025828159643,0
DEU,2013,18.20359976629402,0.1621748351541058,0.0052841373231473,0.0039230447871289,0.0221306203183807,0.0501071690179724,1.3614199907326782e-08,2.2235418856535927,0
EST,2013,14.01941410575986,0.147270384212488,0.0042026574507132,0.0092986284422658,0.0117795054077444,0.0546554271011764,1.0209699947881014e-08,1.7749523509116738,0
KOR,2013,17.652537218567907,0.4557922663698067,0.0333129040566616,0.0749159894055541,0.0710016655750961,0.0544036212486205,8.670349624125178e-08,2.4849066497880004,0
TON,2013,11.073641750022226,0.0477314610839001,0.0005342862436817,0.0003092721704316,2.899957950812949e-05,0.046457082112551,5.3921499854623605e-09,1.247032293786383,0
BRN,2013,12.810923087012828,0.2070075238337892,0.1186690776718636,0.0030723076259213,0.0070972806147501,0.0478136321402109,2.0561099788620586e-08,1.3270750014599193,0
TTO,2013,13.98157254989692,0.0861031622708044,0.0088480691304128,0.0010650815991687,0.0048861343794599,0.0542632096553391,1.7113599853562352e-08,1.275362800412609,0
PAN,2013,15.123344728985565,0.1189395630651098,0.0211874718776963,0.00223371140813,0.0056501537758331,0.0518702748965842,1.6611799862024053e-08,1.1410330045520618,0
CHL,2013,16.662449855114847,0.326745188331495,0.026790761155953,0.0607257291755017,0.02767114503816,0.0490673797197204,3.673679932520378e-08,1.1505720275988207,0
SVN,2013,14.54105185726022,0.1935289412834396,0.0140230498251004,0.0083834306386184,0.0178587008595964,0.0517101282874646,1.6639599861561862e-08,1.715598108262491,0
ECU,2013,16.532647373789917,0.1582140187016144,0.0444279702877997,0.0015478115214871,0.0080463421888623,0.0399193044157101,1.7866599840392303e-08,0.9162907318741552,0
DOM,2013,16.126681752664027,0.1257376029202793,0.020811683713748,0.0033026123670805,0.0111518780131077,0.05273271522546,1.8264099833211327e-08,1.000631880307906,0
COL,2013,17.66297549155707,0.172264949877019,0.0529046518535203,0.0028919921565138,0.0080111726927867,0.0368964910247133,2.057139978840876e-08,0.947789398933526,0
VCT,2013,10.9128701874752,0.0774997589645809,0.001331437243923,0.0014326033336342,0.000502797576111,0.0539110207717505,1.548339988013216e-08,1.2325602611778486,0
MUS,2013,13.960087013687067,0.0750986858062731,0.0008964960273231,0.0013393496706619,0.0012275782174492,0.0497130493693189,9.514399954738096e-09,1.4929040961781488,0
PRY,2013,15.661369378999046,0.1384887043254117,0.1124911989989386,0.00067853774119,0.0029946655098515,0.0400887304866309,1.0650099943287685e-08,0.6259384308664953,0
MLT,2013,12.763473324779971,0.1145844206483964,0.0019209547843818,0.0085027816790134,0.0071380930880755,0.0663078954057552,1.0911699940467403e-08,1.749199854809259,0
SGP,2013,15.321932927585785,0.2613897744216477,0.0280557985398725,0.0620265271583651,0.0216758892918924,0.0586052282274086,4.2238199107967264e-08,1.1600209167967532,0
CUB,2013,16.210821537989144,0.1014954307311303,0.0117394205664166,0.0033895988137055,0.0034477496746449,0.0576914965011401,1.3127399913835688e-08,1.6174060820832772,0
BRA,2013,19.098795224594216,0.1304789405041193,0.0430273845389592,0.0062889073024594,0.0076637572489947,0.0446885021674459,1.3731599905721582e-08,1.249901736214336,0
GRD,2013,11.31796452666496,0.0769524207286023,0.0011726701535094,0.000673144387472,0.0003713670347258,0.0535509077764651,1.5821199874844818e-08,1.5173226235262949,0
THA,2013,18.012668608572394,0.3011961542576997,0.0561847169509533,0.0222610255064839,0.0151528534411052,0.0510525989916318,4.2657999090147546e-08,1.1537315878891892,0
SUR,2013,13.177792086166589,0.0877400466953656,0.0279609000619778,0.0006041494649543,0.000272058988597,0.0463054672210366,1.3895799903453371e-08,1.3762440252663892,0
GRC,2013,16.136616437439642,0.1460901059409414,0.0101740701780941,0.0111649888969164,0.0110572803347014,0.0593689668245101,1.3230099912482229e-08,1.6563214983329508,0
PER,2013,17.214075646514093,0.1161680905564601,0.0548180598467457,0.0022373742106187,0.0044424745810858,0.0403723372907262,1.0765599942050931e-08,0.9360933591703348,0
MEX,2013,18.625874839958787,0.2192738416363046,0.0552119299464943,0.2275095791286031,0.0209600963859939,0.0513363807109817,4.1831899125046095e-08,0.7030975114131134,0
ARG,2013,17.559495257415044,0.1178438578066789,0.0469277452291563,0.0017777698303687,0.0106519935412101,0.0410946157150543,1.0882499940785598e-08,1.7526720805200082,0
SLV,2013,15.608089291503656,0.1914712355275711,0.0782344374302217,0.0103330318712165,0.0145584791880131,0.051242042788671,2.494259968893336e-08,0.7371640659767197,0
WSM,2013,12.027014338540232,0.0493432064514486,0.0006529467838449,0.0004222598357658,0.000220558675147,0.040967319380342,5.862539982815312e-09,1.247032293786383,0
KEN,2013,17.59056359684292,0.3009878319091339,0.0389915407414438,0.0043680810282894,0.0097811096053672,0.0460954828178516,3.539189937370672e-08,0.8754687373538999,0
MDV,2013,7.917583711656481,0.1019860907847671,0.0010962648820127,0.0003901048991883,0.000139320294477,0.0552575511342533,1.191419992902592e-08,1.7825505301427451,0
PNG,2013,15.777439561618694,0.0813486238244991,0.110506536252183,0.0052135468156872,0.0009314150982536,0.0297738360948878,7.461529972162785e-09,1.247032293786383,0
JOR,2013,15.780587003048424,0.242304736067356,0.0157247219700848,0.0591440147291132,0.0332402997301281,0.0582632643204584,3.848419925948319e-08,0.9202827531436926,0
FJI,2013,13.53163629326862,0.0555533857489864,0.0105476355994825,0.0021672538079517,0.0004918720111261,0.0441656026983868,5.541259984647217e-09,1.0715836162801904,0
TZA,2013,17.72378883082531,0.1450876347967185,0.0353797933711852,0.0012804968139102,0.0023812814973646,0.0438117172667286,1.4519799894587704e-08,0.6981347220709844,0
VEN,2013,17.209757383377063,0.1304154422143212,0.0540961349575342,0.0026672646848199,0.0068072788141802,0.0483600847916846,2.0057899798840327e-08,0.6383389440649502,0
HRV,2013,15.202980834924048,0.175910577813819,0.0150950670426125,0.009289145981984,0.0128272558597251,0.053952138663802,1.4492899894977926e-08,1.928618651945252,0
SSD,2013,16.249636452169707,0.2515514414132966,0.2056561859534478,0.0011513719168938,0.0059271099286096,0.0391496848460682,3.059029953211678e-08,0.7178397931503169,1
TUR,2013,18.110827225174656,0.1477607309482561,0.0130704285789735,0.010654034680689,0.0145999511306343,0.056084782848871,1.5900799873582282e-08,1.2919836816486494,1
LKA,2013,16.77045069071905,0.2178871896182622,0.0282758572894027,0.0179299297942517,0.0095093623537203,0.0554880743000897,3.298369945603778e-08,1.5390154481375546,1
CZE,2013,16.167904417128927,0.1843385729152586,0.0068766296916881,0.0097169471856749,0.0206816016693122,0.0491362268515284,1.7120199853449382e-08,2.0476928433652555,1
KWT,2013,15.009056546486116,0.2597272930200446,0.0494021092737799,0.1341190765295032,0.0586616564599482,0.0665467829140218,8.557319633861393e-08,1.1908875647772803,1
NAM,2013,14.66782907658494,0.138159196925452,0.0600488975307732,0.0015803156431945,0.0031567422422337,0.0495616348547025,1.4169799899608384e-08,0.7178397931503169,1
SYC,2013,11.079792559044115,0.0687969013527256,0.0007401969866067,0.0003896900609642,0.0001640015510104,0.0464759356208972,7.1908699741456945e-09,1.3762440252663892,1
CPV,2013,12.97023628873471,0.088620943941478,0.0009792663621443,0.0006345526288893,0.0005666044493775,0.0610482669845769,2.9395099567964057e-08,1.128171090909654,1
NIC,2013,15.589912426880058,0.1085214553201141,0.0477978119508006,0.0082775334975956,0.003256729096141,0.046613531622583,1.534149988231919e-08,0.6678293725756554,1
COM,2013,13.199011313972782,0.079157103026093,0.0017058392286101,0.0006234576099084,0.0005035931756683,0.0488240228328022,7.586589971221826e-09,1.1505720275988207,1
DZA,2013,17.43588741502996,0.1617678661202751,0.0190570611955403,0.0084069424219424,0.0190548340429954,0.0620074175026245,2.44896997001273e-08,0.9745596399981308,1
ALB,2013,14.848513786450097,0.1403306588861315,0.0087768842180462,0.00778012022296,0.007987869851952,0.0597599330077087,1.2456899922412822e-08,1.355835153635182,1
GUY,2013,13.503312093061108,0.086462438267001,0.031049148405339,0.0003261558054122,0.0001939231956815,0.0453654650422705,1.4605899893333844e-08,1.000631880307906,1
LTU,2013,14.896368432315164,0.1527587086275588,0.0035737933862003,0.0043414114209084,0.0064995818812282,0.054386432463966,1.2844399917510696e-08,2.1174596088673567,1
HUN,2013,16.110293298616693,0.1661911780817314,0.0090573302666069,0.016358270932797,0.0147678475664923,0.049836511781983,1.4302899897713527e-08,2.084429083190875,1
IRN,2013,18.16057748145241,0.2698387057205035,0.0295191849519355,0.0327775572638982,0.0352654272743757,0.0591887312853556,3.585849935708401e-08,1.000631880307906,1
GTM,2013,16.56860357800155,0.2224031765044077,0.0807836165173953,0.0077216670476846,0.0121857729638437,0.0457758302187724,2.7388499624935046e-08,0.4457536270222758,1
KIR,2013,9.4775306647208,0.0556071177576995,0.0005259386700077,0.0001794598961095,1.3099914195749356e-05,0.0377638847478412,6.82111997673616e-09,0.9516578757114464,1
FSM,2013,10.383609505949106,0.063330307791692,0.0007935940209486,0.0001886172106554,3.929922777523222e-05,0.0438429858944416,6.973849975682708e-09,1.247032293786383,1
MWI,2013,16.601270841823105,0.2119785734679672,0.0469446842231494,0.0019284323784454,0.0053792070886192,0.041108733517103,2.4356399703382897e-08,0.832909122935104,1
ETH,2013,18.36488534258873,0.2512253456464993,0.0475433195626088,0.0013891257179555,0.0064552231432194,0.0453768821941836,3.1820499493727895e-08,0.2851789422336623,1
SVK,2013,15.501856267524474,0.1726953977997446,0.0094336132191863,0.0124078907557478,0.0164637781652299,0.0488593104409454,1.4817399890222331e-08,1.918392120161421,1
LBY,2013,15.646760819255633,0.1260748742595006,0.0077595139535197,0.0057722981855732,0.0078493451295057,0.0636155309493891,4.3528899052617465e-08,1.547562508716013,1
LVA,2013,14.487835854862707,0.1649458751811754,0.0052941512178964,0.0034575348316081,0.0069397074314242,0.0532013115628911,1.3838699904245193e-08,1.916922612182061,1
HTI,2013,16.107211450364513,0.1535878100171928,0.0202370054893304,0.0012315992701671,0.0076995075706889,0.0567123088534485,1.998319980033586e-08,0.5423242908253617,1
RUS,2013,18.79247601512312,0.1452990468872879,0.0058993515565313,0.0124772394890728,0.0171156254398311,0.0514728990783235,1.1821599930124889e-08,2.206074192613202,1
SRB,2013,15.78692469070782,0.1612775705304497,0.0132342951113231,0.0273640265504258,0.0106619844983255,0.0530932226982689,1.3688499906312484e-08,1.8578592709325787,1
ROU,2013,16.794347568978313,0.1610992567391196,0.0087574810768103,0.0101755005500739,0.0127702965543167,0.051103189270844,1.3152899913500612e-08,2.0347056478384444,1
POL,2013,17.469258342479684,0.1660933937319881,0.0047574981376682,0.0150715080826036,0.0164551621537433,0.0498146269436497,1.5083399886245522e-08,2.0241930674493576,1
GAB,2013,14.26322638667734,0.1710408608224111,0.0559250899419325,0.0013631764526484,0.0018442473299536,0.0436725417238356,1.9003799819427797e-08,1.0818051703517284,1
ZAF,2013,17.787172704770715,0.3476071216243258,0.0317742230825706,0.0452330145314232,0.0317007047879094,0.0489874349154983,4.3626399048368646e-08,1.1786549963416462,1
VNM,2013,18.298111330744614,0.3585055044400365,0.0412974705835938,0.0105115218708797,0.0151252445926892,0.0539776863506947,5.360299856335925e-08,1.1939224684724346,1
SLB,2013,12.910850477087603,0.0530885414667592,0.0210283786970719,0.0003242984095859,4.1099155418141465e-05,0.0388531908576591,5.9597599822406305e-09,1.247032293786383,1
TUN,2013,16.163672227558166,0.16941389519574,0.0095664997737005,0.0169440464246332,0.0129952784102735,0.0603366783774416,2.521279968215737e-08,1.0331844833456545,1
BOL,2013,16.159393831603964,0.127854114334751,0.1418380822262987,0.0003624353123865,0.0018077400529125,0.029095791284153,6.5664999784405395e-09,0.7371640659767197,1
VUT,2013,12.120029345257578,0.0534357500395418,0.005272982360963,0.0010007021305631,0.0001720062060843,0.0463818138681198,7.455219972209848e-09,1.247032293786383,1
GNQ,2013,13.534080037112982,0.147274169589062,0.0381119727662203,0.0018567322054299,0.0009867040474152,0.045714771379583,1.7295299850436302e-08,1.1314021114911006,1
ZMB,2013,16.541091233775315,0.1863528427308719,0.0548538305489036,0.0061639110085852,0.0048266867835662,0.0460216166434403,2.1227099774705115e-08,1.0986122886681098,1
TLS,2013,13.92297530716902,0.0906787357512413,0.0455632977171287,0.0005533578692901,0.0007606796098924,0.043225479201614,6.955739975808841e-09,0.3488947566197701,1
MAR,2013,17.330753474185602,0.1544347414779271,0.0179864309704388,0.0136433675472432,0.0112229850416106,0.0594311934463892,1.5656799877432313e-08,0.598836501088704,1
LBN,2013,15.263655657148057,0.2825634330402876,0.0130725101906375,0.0369059004635339,0.0337954702159089,0.0581871343665092,3.8051499276041696e-08,1.3506671834767394,1
HND,2013,15.867715968238056,0.1525010705411357,0.0932248579403504,0.0035557856943864,0.0057570195162432,0.0438748468694399,1.9610799807708263e-08,0.494696241836107,1
DJI,2013,13.56239794964054,0.1156123320497608,0.0062285234131793,0.0022816510534189,0.0025026457680011,0.0573806263293396,3.1210799512943e-08,0.7275486072772778,1
BWA,2013,14.58083538987837,0.1178160866657483,0.0492444666727063,0.0051926896209553,0.0034333682400361,0.0506504203852866,6.0493799817025014e-09,1.2781522025001877,1
BTN,2013,13.724710675459823,0.3628794383934104,0.0539130862341866,0.0053428684247047,0.0084884757347403,0.0553832688814006,3.4203099415073984e-08,1.015230679729059,1
MYS,2013,17.146127357322023,0.2749716509479373,0.1045028150377882,0.0089212242768735,0.0188095539698939,0.0520507721015079,3.3557199436957174e-08,1.068153081183401,1
BIH,2013,15.164185330446646,0.1506869560560197,0.016043265821998,0.0151629620485879,0.0079288047870892,0.0554369050300861,1.1650299932135257e-08,1.184789984909162,1
ZWE,2013,16.512910289633492,0.1803220157100982,0.0417286425906527,0.0034173462152957,0.0051840157410517,0.0451817350175645,1.631849986685328e-08,1.0420419371797154,1
RWA,2013,16.21493723846815,0.4373414241334248,0.0528938231078411,0.1212296997463874,0.0126808382364663,0.0474706575282944,7.06755975024799e-08,0.5709795465857378,1
MRT,2013,15.1465628754803,0.1105775329268417,0.0243891177599864,0.001324123960808,0.0019322919209352,0.0528331606621587,7.291129734197129e-08,0.7178397931503169,1
MDG,2013,16.941003868526604,0.1494692811597164,0.0421115268758992,0.0007320329984532,0.0033765799323314,0.0423648754054,1.3131499913781855e-08,0.2776317365982795,1
IDN,2013,19.29993672472114,0.3184155012968752,0.0623919842873668,0.0218143631822299,0.0182898974225595,0.0510835445669491,4.691559889946327e-08,0.6729444732424258,1
KHM,2013,16.526693549417047,0.2296559324522392,0.0612674344622273,0.0053060539646411,0.0068676059176934,0.0487752415164589,3.0590699532104555e-08,0.598836501088704,1
AGO,2013,16.955579560970687,0.2430674771357788,0.0764244221819279,0.0019350865118368,0.0062031844072643,0.0484762782799934,2.741949962408552e-08,0.7178397931503169,1
BHR,2013,13.532791058220935,0.196722800132141,0.0249270533996601,0.0336753806009319,0.0324062947693794,0.0740261533950876,5.674839838980961e-08,1.1052568313867783,1
UGA,2013,17.417819430832953,0.3098607020235323,0.0778334724942306,0.0176159588666518,0.0068901820832732,0.0463692422397693,3.823779926893534e-08,0.4054651081081644,1
BGD,2013,18.84005511657813,0.5054329930343912,0.0418286029199843,0.018882170472409,0.0221818515588606,0.0563088784218365,8.20311966354413e-08,0.4574248470388754,1
BGR,2013,15.8026417793834,0.1590402489485411,0.0130961528101056,0.0327087621183058,0.0127793807606248,0.0536551331741357,1.3604399907460152e-08,2.05668455455722,1
MNE,2013,13.33372206317516,0.1374405413118161,0.0114618077981425,0.0074386008809572,0.0055217102602924,0.0596724878652732,1.0837699941272131e-08,1.5727739280625088,1
LBR,2013,15.197276265193096,0.1581988122146263,0.0375937432398285,0.0008481332333064,0.0015947387279708,0.0481750928674867,2.3765399717602885e-08,0.7047463164032972,1
SOM,2013,16.136533651496364,0.0821332661633348,0.0293616866990474,0.0003420784844831,0.0003918832037459,0.0474540065544218,1.2733699918926444e-08,0.6259384308664953,1
SEN,2013,16.45465158836224,0.1487548326779588,0.0228393236278731,0.0267376712511953,0.0038828609292941,0.054176326244664,5.235319862957128e-08,0.5306282510621704,1
MKD,2013,14.550654057655343,0.159245627083953,0.0135632686035587,0.0281857999109041,0.0125600315310672,0.0555048802911436,1.3981199902263024e-08,1.715598108262491,1
MOZ,2013,17.082331260705228,0.1392034882077842,0.040506276846675,0.0008500665909954,0.0029473323457438,0.043908960960476,1.6104499870322542e-08,0.5933268452777344,1
MLI,2013,16.630129230651693,0.1582801262010577,0.0593520637518937,0.0006458593879165,0.0035434924086526,0.0454278526689816,3.3507599438620394e-08,0.1988508587451651,1
LAO,2013,15.698513330270972,0.3757739904466542,0.1112515715633453,0.0047185073146346,0.0082211842652633,0.0519164014683086,4.310869907082003e-08,0.7419373447293773,1
ARE,2013,15.926811608811128,0.2136170547985782,0.0468908196513127,0.0253332414901927,0.0484441385952018,0.0703284556420979,7.074059749788388e-08,0.8109302162163288,1
SDN,2013,17.466015085106935,0.1416076345586797,0.0402604695346053,0.0014242013436319,0.0036825590484138,0.0549508771413122,3.764939929126135e-08,0.598836501088704,1
COG,2013,15.20154809860861,0.2440196250056973,0.139815031400694,0.0043350889091285,0.0035622217476394,0.0423160642650156,2.750739962167148e-08,0.7178397931503169,1
MDA,2013,15.19979550406137,0.1364348005286507,0.0041205747591715,0.0117820413556459,0.0067303075838037,0.0552011405173303,1.0656499943219504e-08,1.958685340544036,2
GEO,2013,15.214944900164475,0.1297759487643429,0.0136739322111222,0.0054441596331747,0.0055804592329195,0.0533517355120194,1.2769399918471213e-08,1.3987168811184478,2
ARM,2013,14.923069941739552,0.1449010233444615,0.0094197802350857,0.0096208755986461,0.008563073016216,0.0549853810827456,1.7985399838262695e-08,1.6486586255873816,2
MMR,2013,17.768140170942566,0.2827931172122057,0.0923261866673097,0.0037102116446161,0.0057711637521497,0.0482481432546857,3.2268799479362284e-08,0.6471032420585385,2
BDI,2013,16.164154954481685,0.3625305148718592,0.040256415090358,0.0099404268437275,0.0097385896256953,0.0462568711750992,4.8465298825557386e-08,0.5364933705145685,2
COD,2013,18.104494996625665,0.3254057930745043,0.2239514784531658,0.0135785843380999,0.0060196514883161,0.037772176231875,4.02514991899084e-08,0.7178397931503169,2
UKR,2013,17.56906087492698,0.1393609750419789,0.0043911149278409,0.0117508327387729,0.0105817888673276,0.0519092580019148,1.0578299944049785e-08,2.2648832258100344,2
SYR,2013,16.774710778277406,0.2110535480658299,0.0152861620318887,0.0235748974477536,0.0214099162874606,0.0584992554078617,3.382419942796176e-08,0.924258901523332,2
NPL,2013,17.17519118784601,0.5965079321851409,0.0612101077978272,0.0133664358512691,0.0143948029051332,0.0580562066448779,8.094289672412364e-08,0.2311117209633866,2
SWZ,2013,14.01590031396663,0.2099227937688157,0.03625077648497,0.0090423672938325,0.0112277294835132,0.0468367633713124,2.4737699694023105e-08,1.1052568313867783,2
BLR,2013,16.06891032272185,0.1333110802325297,0.0043380470530807,0.0047012458059663,0.0080250489838977,0.0506918962929589,9.174299957916107e-09,2.4414770918606643,2
ERI,2013,15.443149610115269,0.1387688450694018,0.0355100197304308,0.0016374067176454,0.0034044373213137,0.0544591159255306,2.3050999734325703e-08,0.8109302162163288,2
BEN,2013,16.153976370422026,0.218232031121477,0.0273816115508982,0.0021587881391891,0.0048870041190163,0.0513423483831984,3.716939930921787e-08,0.378436435720245,2
STP,2013,11.801877655480467,0.0961410236488782,0.0015231104781095,0.000213605184788,0.0001740428536638,0.0522446770288567,1.1873799929506436e-08,0.7178397931503169,2
NGA,2013,18.961828937690782,0.3158474752368273,0.0373645299722116,0.0030995474360054,0.0093802495758298,0.0519363317180244,5.7622498339823806e-08,0.7178397931503169,2
BHS,2013,12.497809697926924,0.0878821895556183,0.0020478616991317,0.0022209997530614,0.0014646588633445,0.0614542947816548,9.264079957088413e-09,1.3428648031925547,0
IRQ,2013,17.342478153569665,0.2459254733559483,0.0316317153785934,0.0271886587760812,0.0259277753163869,0.0604700960350853,5.8072598313786635e-08,0.8241754429663494,2
PHL,2013,18.29209069191378,0.1574097655190233,0.0392457714931646,0.0356562921843187,0.0096843410255646,0.0500853580210533,2.2545999745838945e-08,0.6678293725756554,2
CHN,2013,21.016795331531277,0.5328672115420066,0.0244706825998791,0.0751461850955332,0.0659229270927729,0.0529160028783388,1.031489946801423e-07,1.463255402256019,2
BFA,2013,16.654294104889853,0.166688308544468,0.0363813928263616,0.0009290632870184,0.004003229374057,0.0457375699427408,3.0930999521636635e-08,0.7178397931503169,2
GMB,2013,14.291769742859175,0.1577357893496039,0.0240250190676891,0.0105827615197979,0.0037521668095449,0.0533263112108712,4.4406099014049176e-08,0.7178397931503169,2
IND,2013,20.960215291399624,0.5193148802448881,0.0351753320062847,0.0328066920355436,0.0273670214614152,0.0583576324706779,8.885659605225255e-08,1.007957920399979,2
KAZ,2013,16.652419728151333,0.1317263222147255,0.0070371808580129,0.0105803561079474,0.00700620214645,0.0559329125415709,1.7169999852595552e-08,1.9629077254238845,2
QAT,2013,14.482492535704884,0.1951072659753682,0.0325777309782668,0.015312826935577,0.0295369738479669,0.0754000568700543,5.5234298474586114e-08,0.7793248768009976,2
AUS,2012,16.912807412172185,0.0835872052826743,0.0382195573563274,0.0115067417893207,0.0187885760650755,0.0454425044825952,8.14865996679967e-09,1.5539252025038417,0
GMB,2012,14.257178065876928,0.1490481172972697,0.0214064884621788,0.0100538829172106,0.003507465644408,0.0526656949181272,5.6836998384777786e-08,0.7178397931503169,2
QAT,2012,14.435527044832147,0.2000650778400868,0.0343894517664059,0.0149712593247126,0.0335880032245029,0.0759989569231555,5.995709820257315e-08,0.8372475245337022,2
KAZ,2012,16.63696938105942,0.1515918771679436,0.0081812759086788,0.0121632666422233,0.007976506916009,0.0550632678412353,1.7447999847783648e-08,2.018895041811802,2
GHA,2012,17.044495707382108,0.1953580265583835,0.0307763442315339,0.0019995675317081,0.0036889534367703,0.0481802407796154,3.7977199278866166e-08,0.5423242908253617,2
NER,2012,16.689789503383835,0.1697536521650642,0.0260256359149836,0.001343318343774,0.0054345371160047,0.0501594829685071,5.83798982958937e-08,0.3646431135879093,2
GIN,2012,16.256021557546507,0.2694431086863291,0.0639505548817843,0.0022692971963082,0.0065782219764504,0.0507380806388055,5.2588198617240655e-08,0.262364264467491,2
TGO,2012,15.7013695790277,0.2024903801040842,0.0274338646064637,0.0021701295645547,0.004343689506695,0.0487463687891507,4.1279599147997346e-08,0.4885800148186709,2
CIV,2012,16.832301888293898,0.1746046630123525,0.0392568663459006,0.0013950614491081,0.0025758845589572,0.0473479381650229,3.1139999515150214e-08,0.7178397931503169,2
GNB,2012,14.292849269596967,0.1683843891080098,0.0427611231145548,0.0031804679456189,0.0028569600004774,0.0513021735800361,4.799789884810084e-08,0.7178397931503169,2
SAU,2012,17.196499070725302,0.1432869370575526,0.0122459997284129,0.0436321540008654,0.0155143358998449,0.0663349126557898,5.8680798278281924e-08,1.181727195378616,2
BHS,2012,12.483946966338888,0.091269576641979,0.0021451255721019,0.0022750890212011,0.0014733401012391,0.0624033208342028,1.018989994808297e-08,1.3506671834767394,0
CAN,2012,17.30425696824996,0.159858672199001,0.0067550819732184,0.0086242599304266,0.0157756810010843,0.043517837869633,1.2454099922447696e-08,1.3270750014599193,0
CAF,2012,15.348743907780207,0.2628235974194951,0.2812343839610473,0.000898958815418,0.0033531857834904,0.0359169300509609,3.226259947956233e-08,0.6931471805599453,2
SLE,2012,15.523215300455968,0.3100296109186106,0.0560096456472501,0.0025425410015034,0.0079162030211572,0.0527408537694764,6.367399797281095e-08,0.7178397931503169,2
YEM,2012,17.014839079058472,0.1467266903731772,0.0312908547702184,0.014007470707742,0.0097855113305827,0.0621917586325597,4.135899914471658e-08,0.4510756193602167,2
PRK,2012,16.997229811184585,0.4933715776606738,0.0159306457431558,0.0400012901545399,0.0342969806833251,0.0553135308807716,7.73968970048601e-08,2.653241964607215,2
LSO,2012,14.52190994386831,0.1655159223747775,0.0323237219567923,0.0243390291114904,0.0175685286532792,0.0511883348103005,1.0954999939993989e-08,0.7178397931503169,2
EGY,2012,18.25124013267134,0.2706037846604163,0.0138997335663287,0.0403829874507514,0.0293555204161455,0.0613285482600008,5.5535298457915285e-08,0.8671004876833833,2
TCD,2012,16.358067925622187,0.169639223234277,0.0878788915067415,0.0006486475826636,0.0037447476720527,0.0483829441405939,4.568849895628052e-08,0.3750059006234558,2
TKM,2012,15.47781623555606,0.1387487762521769,0.0100373062786168,0.0031562298621096,0.0050652330203387,0.0570868294627977,3.9334399226402515e-08,1.5107219394949427,2
OMN,2012,15.114744309064427,0.1367483556458717,0.0161880998139549,0.0117363587178131,0.0123382833643317,0.0647893077593078,5.4465498516754715e-08,0.8372475245337022,2
CMR,2012,16.8846233893489,0.2066421969591281,0.0649880416505846,0.0044531669175689,0.0036078309440201,0.044932805266431,3.6908699318873954e-08,1.2947271675944,3
FIN,2012,15.451428055158605,0.1347211231144507,0.0022886081374022,0.0021112098273544,0.0212939862360225,0.0488292215906977,6.790469976944758e-09,1.8389610707123487,0
ISL,2012,12.546940813016604,0.1115365401952818,0.0012014739410351,0.0012504218965878,0.0011651239793675,0.0548799107784886,5.291399986000543e-09,1.4445632692438664,0
PAK,2012,18.983838285211142,0.5174647087876468,0.0373237515973221,0.0324409264818693,0.0308137484476331,0.0591539823956715,9.617769537492532e-08,0.371563556432483,3
FRA,2012,17.971300977559306,0.1655584603899507,0.0066180314400954,0.0043320013183761,0.0172993280279707,0.0513386639333227,1.5344299882276232e-08,2.012232791986386,0
NOR,2012,15.340150774498689,0.1347281497249869,0.0052373481177156,0.0067806155795422,0.0130109878050629,0.0520183397843888,7.125739974611915e-09,1.603419840108537,0
SWE,2012,15.99276313492817,0.1288981488332584,0.0022068521095939,0.001588883056515,0.0070507350458314,0.0561938379777029,7.046239975175251e-09,1.297463147413275,0
KGZ,2012,15.598060849250809,0.1385410843877554,0.0099424308219629,0.0079204234696636,0.0116582408511469,0.0584168463643679,1.6126299869971226e-08,1.7698546338400052,3
AZE,2012,16.03672759932101,0.1412490786483509,0.0149559658904843,0.0093003523361579,0.0054284651854296,0.0549672730147357,1.7881199840131346e-08,1.6389967146756448,3
ESP,2012,17.6072640745969,0.1492314042931872,0.0121721469294409,0.0100790433614369,0.015406193796372,0.0563532355365919,1.1766499930774742e-08,1.3812818192963463,0
NZL,2012,15.202818867364824,0.0608780438200132,0.0073783270754497,0.0060964468462,0.003671706029865,0.0458995461818172,5.524189984741662e-09,1.3428648031925547,0
MNG,2012,14.849956583309384,0.1425810388989271,0.0062781640207854,0.012945654251081,0.0054537870305581,0.0586840518819031,1.52622998835311e-08,2.079441541679836,3
CHE,2012,15.891646085797664,0.1759970869298377,0.0096086556571625,0.0022777888681635,0.0197664168366673,0.0504736614649634,1.3797599904813118e-08,1.786746927404511,0
UZB,2012,17.150381144924832,0.1635301040384389,0.0155088408020572,0.0134730198821423,0.0240111775394067,0.0520827475973228,3.007179954784343e-08,1.7457155307266483,3
PRT,2012,16.048183633614777,0.150602105363508,0.009240558232086,0.008951846394816,0.0150673186923344,0.0548595921911832,1.2094099926866372e-08,1.483874689458755,0
JPN,2012,18.623635125979867,0.1769314814020224,0.01292286394145,0.0128299895641496,0.0269865833288539,0.0554796375575928,2.141599977067748e-08,2.6616571615325,0
AFG,2012,17.20773465553092,0.17837095593658,0.0152801555352022,0.0018875504552681,0.0033062104578426,0.0582175084126301,2.0579699788237978e-08,0.378436435720245,3
LCA,2012,11.934733628178538,0.0784574173029662,0.0017845587274522,0.0012566440919699,0.0007120983977429,0.0528858481297381,1.5672799877181672e-08,0.8576017355254755,0
LUX,2012,13.21874051507934,0.1715081428333585,0.005839306019819,0.002607896479942,0.0210598347188553,0.0476865576764223,1.5620799877995307e-08,1.8164520818184269,0
BRB,2012,12.301817276401511,0.0771044077105017,0.000983533172642,0.0006231707887438,0.0004926626218385,0.0520256458036933,1.6578399862578327e-08,2.0082140323914683,0
IRL,2012,15.314419624121475,0.1167851717335165,0.0016039599681863,0.0032944224263457,0.0061023626530335,0.058430856806592,8.097819967212656e-09,1.264126727145683,0
USA,2012,19.560381061606424,0.1706881984191852,0.0178985932242027,0.0136545952499328,0.022632871315568,0.0456196568287983,1.506419988653494e-08,1.3609765531356006,0
DNK,2012,15.439633243399056,0.1327869430907186,0.0020052082255352,0.0025740163756355,0.0115961193643377,0.0539036015926133,9.114919958459116e-09,1.351776856237177,0
ISR,2012,15.82299010457971,0.294250339331058,0.0156358445763573,0.101392178713813,0.0505377410289841,0.0554810955810579,4.696379889720078e-08,1.4398351280479205,0
TJK,2012,15.899797257884805,0.1700443105551538,0.0184535215837468,0.0091394942932427,0.0086115757143335,0.0545659189622682,2.4345699703643453e-08,1.7509374747078,3
GBR,2012,17.92735800772143,0.1527728736595452,0.0031933587980568,0.0084692712593307,0.0285170199689611,0.0356733866065541,1.3401199910203921e-08,1.33500106673234,0
JAM,2012,14.797676517186051,0.1261702312585358,0.0121267794815177,0.0079184789304865,0.00753193562406,0.0593719210032481,1.9526299809361804e-08,1.0260415958332745,0
NLD,2012,16.61661754734463,0.1590781376569765,0.0037508009431939,0.0038361067250582,0.0260882324061655,0.0473813174145271,1.4742499891329348e-08,1.556037135706985,0
ATG,2012,11.149869634980924,0.0793852337387552,0.001420544548659,0.0028746631936942,0.0005493280916923,0.0544784595345833,1.3365299910684381e-08,1.495522388304206,0
URY,2012,14.990380303891662,0.0932344077886031,0.0198978453118201,0.0016546702777605,0.0036212045175349,0.0462739864730634,6.880499976329361e-09,1.264126727145683,0
BLZ,2012,12.726962722350018,0.1022302543980471,0.035927208979248,0.0007335688725507,0.0011124440046569,0.0500003190572447,1.4618499893149731e-08,0.7371640659767197,0
ITA,2012,17.866837217987165,0.2104709188301324,0.0137109804409819,0.0071108617895977,0.026827438568419,0.0546933375844614,1.8673999825640864e-08,1.4747630091074988,0
CRI,2012,15.3455110944746,0.1156449587090991,0.0347952061808526,0.0043269223552227,0.0084288948482273,0.0464936478041745,1.415269989985054e-08,0.7884573603642702,0
BEL,2012,16.229418398931884,0.1782721824664286,0.0040848068054639,0.0063584451741521,0.0288830069530476,0.044862568607703,1.8383399831025303e-08,1.9430489167742813,0
BRN,2012,12.796706974208576,0.2709253619327019,0.1191729581553119,0.003267370327238,0.0077054367252062,0.0482436781979599,2.4187899707472754e-08,1.308332819650179,0
DEU,2012,18.202966858412783,0.1654824091510806,0.0054714482898627,0.0042427916168541,0.0230926416118449,0.0498040796724823,1.4500499894867753e-08,2.2289385528257477,0
EST,2012,14.022965727654643,0.1489423057645061,0.0029865498170331,0.0085937289064963,0.0102135734295233,0.0524894277146289,1.0086399949132269e-08,1.87640694328834,0
AUT,2012,15.959371867246384,0.1692920747249321,0.0089847906117509,0.0034128695297951,0.0180764893572964,0.0519516670112178,1.4152499899853373e-08,2.1598687907924505,0
PAN,2012,15.107088607904956,0.1159408305046478,0.0206694867590434,0.0022739546043935,0.0056598507838871,0.0515149448362836,1.6338299866529978e-08,1.1378330018213911,0
CYP,2012,13.867084548452988,0.1309420069321216,0.0228479737532072,0.0133511267345245,0.0052575359050433,0.0671041292660493,1.2055599927331256e-08,1.2725655957915476,0
CHL,2012,16.651625540545684,0.311136555949735,0.024223735855585,0.0593938741689284,0.0258758313352952,0.0490754059516909,3.516829938159535e-08,1.1505720275988207,0
TON,2012,11.06550756698366,0.0504429442423247,0.0005311868952579,0.0002919233862217,2.9799555988821e-05,0.0482452667419134,5.501549984866473e-09,1.247032293786383,0
KOR,2012,17.647546167589155,0.4356471335814882,0.0305187083744954,0.0722921867556175,0.0674417529910732,0.0521805838742911,8.247539659890438e-08,2.431857428698185,0
TTO,2012,13.976106999165095,0.0839239695149606,0.0086652431052667,0.0010968202726692,0.0050627148048592,0.0525960222661869,1.6928099856719718e-08,1.2809338454620642,0
DOM,2012,16.114530620783107,0.131159915143311,0.0231179265936276,0.0034152075341172,0.0116721041860399,0.052408105408445,1.9526299809361804e-08,1.0043016091968684,0
SGP,2012,15.301944068352295,0.2327654385327016,0.0274196644605557,0.0622718977239494,0.0211336459996074,0.0588558712651072,3.965489921374448e-08,1.1600209167967532,0
SVN,2012,14.539689082257766,0.1971478684964765,0.0172209613881897,0.0089261184078121,0.0180904093461064,0.0524599762837477,1.6933999856619826e-08,1.713797927758343,0
COL,2012,17.65317289143587,0.1698144673757549,0.0529271625976474,0.002867562609567,0.0079539503020506,0.035278168285944,1.998959980020795e-08,0.924258901523332,0
ECU,2012,16.517073398909545,0.1535216531743255,0.040984084422977,0.0015562424263359,0.0079156424759982,0.038551389488932,1.7534799846265396e-08,0.9122827104766162,0
VCT,2012,10.914271585205237,0.0776267472823917,0.0013645276086144,0.0014798394972084,0.0005197818899851,0.052635201205603,1.6063799870977165e-08,1.229640551074514,0
MUS,2012,13.956207167749556,0.0727432708723892,0.0008451427662215,0.0012327618367922,0.0010744156087822,0.0506975406417134,9.301889956737421e-09,1.4951487660319729,0
PRY,2012,15.648142233251964,0.1490508888279097,0.1200886583311711,0.0006878104041827,0.0028265246130137,0.0414190681712503,1.0843999941203833e-08,0.6151856390902335,0
CUB,2012,16.20942714628417,0.1025710494118658,0.0115697446371347,0.0034579264750666,0.0034917696705445,0.0585915888726664,1.3927199903016553e-08,1.6174060820832772,0
GRD,2012,11.313869099109922,0.0767900376269727,0.0012250223536283,0.0007198738286489,0.0004030317717833,0.0518461060857436,1.6103499870338644e-08,1.4701758451005928,0
MLT,2012,12.761734397988876,0.1225330298839904,0.0022175673789317,0.0097155726065377,0.0093802406598573,0.0644334155044309,1.0228999947683781e-08,1.728109442151599,0
THA,2012,18.009174472356666,0.311238118175149,0.0550719059844731,0.0222594470375729,0.0155619010550657,0.0507753534675134,4.2561199094272153e-08,1.1378330018213911,0
ARG,2012,17.54910655626521,0.1207557133131808,0.0481207210947917,0.001773505409162,0.0103698923298915,0.0410429668364892,1.0639099943404776e-08,1.7191887763932197,0
BRA,2012,19.089712364819885,0.1393609089285162,0.0441723862445541,0.0065197064501246,0.0077978386754261,0.0471329069204747,1.4726899891559209e-08,1.2556160374777745,0
MEX,2012,18.61218677404901,0.2204528121201817,0.0576500591292612,0.2399300904721749,0.0221598683877029,0.0519932040909018,4.2558499094387065e-08,0.7030975114131134,0
PER,2012,17.20076746397187,0.1214874874720055,0.0533366228693005,0.0023956042474085,0.0044354259392036,0.0402569480977021,1.12190999370659e-08,0.9360933591703348,0
SUR,2012,13.16823694959422,0.0875877768393149,0.0297259193446645,0.0006105385833828,0.0002878575650354,0.0446132321300016,1.512449988562475e-08,1.383791230901772,0
SLV,2012,15.60506574287506,0.1919089183163779,0.0839868264779634,0.0106222337886979,0.0150179548675814,0.0520858825806981,2.276359974090926e-08,0.7371640659767197,0
WSM,2012,12.019907270724037,0.0510869939590804,0.0006316144895659,0.0004119741270045,0.0001984613052522,0.039374783470823,5.643269984076751e-09,1.247032293786383,0
KEN,2012,17.564100158948683,0.3036637378381131,0.0367171231317025,0.0043928244033647,0.0097490135604987,0.0468790387096677,3.616249934613681e-08,0.8754687373538999,0
MDV,2012,7.88442213121056,0.0965000961184779,0.0010373347821869,0.0004102908192093,0.0001363707010932,0.0552383408965339,1.3099199914205482e-08,1.7825505301427451,0
GRC,2012,16.140664002072782,0.1541128879702979,0.0135187485500486,0.012150551166535,0.0116932378406612,0.0595618371220894,1.3169499913282134e-08,1.6937790608678511,0
PNG,2012,15.755602370422434,0.0816424541657323,0.1092067114547088,0.0052403941182385,0.0009404696197762,0.028769357943273,7.542309971556781e-09,1.247032293786383,0
FJI,2012,13.52330173522087,0.0569564094384332,0.0086492194281505,0.002049311725582,0.0005021189171945,0.0440995502787411,5.524889984737796e-09,1.0769507918869303,0
TZA,2012,17.69218014184978,0.1536882963730746,0.0349045706505931,0.0013876018351286,0.0024848422208941,0.0446343196957423,1.5724899876363764e-08,0.5197853651374625,0
VEN,2012,17.195883815119576,0.1250025441763597,0.0556985453057956,0.002764315756206,0.0072182605614402,0.0455398592826201,1.89715998200392e-08,0.6383389440649502,0
JOR,2012,15.750246397753216,0.2448448510689545,0.0180382678074026,0.0604759218199618,0.0335429559212418,0.0592662299755033,3.896139924100468e-08,0.9555114450274363,0
LKA,2012,16.7651018191954,0.2118794747309009,0.0291172096082369,0.0186040573373078,0.0096811055063656,0.0555436054505222,3.3517599438285265e-08,1.5238800240724537,0
TUR,2012,18.093951756427543,0.1517447238349401,0.0150750561957872,0.0110968139842098,0.0146448330282566,0.0561964886488001,1.545879988051275e-08,1.297463147413275,0
HRV,2012,15.206707374885966,0.182055693122007,0.0201030547123635,0.0098988988374953,0.0128472742221529,0.0547081782338104,1.5111199885825818e-08,1.9315214116032136,1
SSD,2012,16.20906530155309,0.2462767586151387,0.1586382038130541,0.0011915308450934,0.0060324640460017,0.0414025965507836,3.362079943482092e-08,0.7178397931503169,1
NIC,2012,15.57827599667054,0.1042685841175103,0.0452492835968158,0.0080745042732281,0.0030221108193861,0.0470920646196893,1.4539899894295654e-08,0.6471032420585385,1
SYC,2012,11.073917585644562,0.0694771892528327,0.0007483898864152,0.0004020081838808,0.0001720072059123,0.0463722784839158,8.16774996664393e-09,1.4060969884160703,1
KWT,2012,14.96103529025734,0.2595095821980689,0.0511029248184139,0.1389849945423867,0.0627162192536122,0.0661809234477748,8.608779629444555e-08,1.220829921392359,1
NAM,2012,14.645037349870098,0.1664209740601673,0.0707943457240753,0.0017747841384974,0.0043026851599079,0.0492160157673543,1.7841199840845796e-08,0.7178397931503169,1
CZE,2012,16.16719324120085,0.1838797580009916,0.0076289206424854,0.0099233393997931,0.0202496646150083,0.0506407929414739,1.7290299850522767e-08,2.0769384114617173,1
CPV,2012,12.95840593138467,0.0904245353652391,0.0009886121619195,0.0006888806672183,0.0005802096458247,0.0599942478722718,3.4561399402754835e-08,1.1600209167967532,1
FSM,2012,10.377907353624677,0.0627720396399297,0.0007834140510614,0.0001804847116545,4.30990712216868e-05,0.0404868082244701,6.113189981314454e-09,1.247032293786383,1
COM,2012,13.174602482372006,0.0803139951794454,0.0016298321017977,0.0005891044438978,0.0004557831150936,0.0503137864946103,7.955799968352623e-09,1.1505720275988207,1
LTU,2012,14.912555665912608,0.1523186249247797,0.0031162085746712,0.0042151168997848,0.0065127409868442,0.053312878572835,1.2542299921345356e-08,2.1329823086078656,1
GTM,2012,16.54791003532531,0.2180345328771476,0.0818995654148861,0.0079243680946646,0.0125006325032515,0.0465564245153496,2.5579299672849714e-08,0.4824261492442927,1
KIR,2012,9.462328684257365,0.0563818098055282,0.0005234489766772,0.0001677239335546,1.4899888996102636e-05,0.0330093733271937,6.870429976398596e-09,0.9516578757114464,1
LBY,2012,15.646313782381782,0.1297500827247851,0.0086930764835746,0.0058270228787796,0.007903533631743,0.0635789428413801,3.565029936452807e-08,1.547562508716013,1
DZA,2012,17.416786703204192,0.2044785069011955,0.0281005229641337,0.0087466572236801,0.023192188981048,0.0612520767777238,3.0451099536365265e-08,0.9783261227936076,1
SVK,2012,15.501160027037448,0.1757207786787129,0.011943300993939,0.012895767999055,0.0162151785212508,0.0499722492589548,1.5010399887343945e-08,1.9329696377795784,1
IRN,2012,18.147917704943765,0.269634618202819,0.0309836303809805,0.0322764284780189,0.0353684980834785,0.0597646088976769,3.5708199362462245e-08,0.9745596399981308,1
GUY,2012,13.499437995861268,0.0864597922280542,0.0311416760200704,0.0003504295923775,0.0002467985427341,0.0430689285431598,1.5570499878779765e-08,1.0043016091968684,1
ETH,2012,18.33957436417184,0.2468189247409948,0.0448801184655203,0.0013950205062649,0.0063454768108647,0.0482939528592187,3.1978399488690975e-08,0.2851789422336623,1
LVA,2012,14.499754749267316,0.1602428758015958,0.0036947360488082,0.0032857480129055,0.0063883360594856,0.0525769938279862,1.3035699915035264e-08,1.928618651945252,1
HUN,2012,16.113550029256338,0.1701246889902758,0.0108558474818829,0.0172380454872627,0.0145477859460744,0.0514071486274848,1.4449699895603089e-08,2.079441541679836,1
ALB,2012,14.849028327400958,0.1652720040079663,0.0131683770866345,0.0084762726858205,0.0089510485685756,0.059602464455147,1.5232199883990045e-08,1.3532545070416904,1
MWI,2012,16.570557861422863,0.2208987809012797,0.0502135192901843,0.0020050485460343,0.0056514365068644,0.0418889162588138,2.607699965999504e-08,0.832909122935104,1
HTI,2012,16.093736959285152,0.1534650625597308,0.021614158032147,0.001199598194289,0.0073689286322003,0.0569259964979062,2.0530299789253397e-08,1.1704160207970933,1
RUS,2012,18.79211658285,0.1584997224453074,0.007081414494839,0.0127963967645945,0.0175574607557376,0.0504794195622246,1.2504899921813738e-08,2.233235014859253,1
SLB,2012,12.888575829206289,0.0532411068685618,0.0209994608051439,0.0002677281576182,4.36990451828169e-05,0.035485043082376,5.446259985169126e-09,1.247032293786383,1
POL,2012,17.469081439892566,0.1698019897114815,0.0050698634956258,0.0158429372765307,0.0169351867819318,0.0493274622209969,1.5612799878120242e-08,2.028148247292285,1
BOL,2012,16.14376499419685,0.1358763362189844,0.1258499226550646,0.0003756854213939,0.0018245125642359,0.0297400439197355,7.174079974266288e-09,0.7275486072772778,1
VNM,2012,18.28681493084412,0.3587188238923398,0.0436554143523533,0.010202636645147,0.0143756513950489,0.053837653155957,5.052109872380927e-08,1.184789984909162,1
SRB,2012,15.796385996820444,0.1718156516963262,0.0184527519183401,0.0293056498128225,0.010726847108151,0.0532711553592848,1.4501499894853248e-08,1.8484548129046,1
GAB,2012,14.240231411830022,0.1564818365687861,0.0515270535637452,0.0013765680952376,0.0018483707098877,0.0414767737630538,2.043829979113795e-08,1.0818051703517284,1
TUN,2012,16.152555455681767,0.1790699627538425,0.0144194393950758,0.0180194147879792,0.0141197080955187,0.0597735736727414,2.4040199711034395e-08,1.0260415958332745,1
ZAF,2012,17.77636231062704,0.3327165836916211,0.0344051610098768,0.0439843796253089,0.0306578592221455,0.0499933487538572,4.151909913808219e-08,1.1786549963416462,1
VUT,2012,12.096113795943545,0.0551578890127615,0.0049495348186446,0.0009392607564789,0.0001338680392741,0.0465807941815665,7.1077699747398035e-09,1.247032293786383,1
MAR,2012,17.316996466568153,0.1593385782377946,0.0200217895528875,0.0136342971049647,0.0113989830299293,0.0577749170059816,1.734609984955641e-08,0.6043159668533296,1
ROU,2012,16.80303998194991,0.1712212237583511,0.0127240320700879,0.0111582188843967,0.0136119910627141,0.0504445947545566,1.4364799896826264e-08,2.0228711901914416,1
HND,2012,15.853079458335678,0.136672370210688,0.0888093606478393,0.0033541216396841,0.0052322090899235,0.0441216555476333,1.5618599878029668e-08,0.4762341789963716,1
ZMB,2012,16.510462722407915,0.1984915237002569,0.059436220888875,0.0065576217226052,0.0051022811968462,0.0459354756484721,2.3112799732899243e-08,1.0986122886681098,1
TLS,2012,13.900143235590436,0.1062322256082844,0.0451487240715144,0.000673418203055,0.0009242337643626,0.0466056465816196,9.045189959092271e-09,0.3488947566197701,1
GNQ,2012,13.504594931311887,0.1346575151854287,0.0346604627298248,0.0017958145593653,0.0009915612406299,0.0443113138302164,2.020769979582443e-08,1.1314021114911006,1
LBN,2012,15.20531194477431,0.2842277230508149,0.0156549473555971,0.0377616810141286,0.0337035243028887,0.0585484489984032,3.893539924201733e-08,1.4929040961781488,1
IDN,2012,19.28731826881273,0.3394649447140238,0.0611646425672139,0.0214209475015211,0.0178424937635209,0.0534844119941039,4.9731998763364135e-08,0.5933268452777344,1
BTN,2012,13.711443461035248,0.3846420471866413,0.0541111265169526,0.0052406746442733,0.0085179193027917,0.0586685215873262,3.838979926311164e-08,1.0224509277025458,1
DJI,2012,13.548516002224275,0.115067151869372,0.0057268253872906,0.0022247244643329,0.0023781878681481,0.0605634225939125,3.45695994024714e-08,0.7419373447293773,1
BWA,2012,14.561064208352024,0.1247249222434523,0.0575262484582775,0.0052100112901657,0.0034825488810352,0.0511623566444079,6.959439975783097e-09,1.252762968495368,1
MDG,2012,16.91326662450352,0.1449595470474306,0.0404395681246018,0.0007029278882947,0.0032369404510207,0.042233463804807,1.1888899929327028e-08,0.2795238847503174,1
KHM,2012,16.510736818034285,0.2119208363716204,0.0618809147029019,0.0050038478457517,0.0061488331199976,0.0475012524239328,2.614509965821688e-08,0.5850050219402422,1
MYS,2012,17.130870373814464,0.2698309126187622,0.1030456771853885,0.0087084134582546,0.0183618241513718,0.0522491257471709,3.2298699478397e-08,1.0647107369924282,1
BIH,2012,15.165500657349025,0.1644111410857276,0.0233349645739647,0.0163657229991327,0.0081001609379434,0.0551910511959394,1.33042999114978e-08,1.2029723039923526,1
ZWE,2012,16.490849135008112,0.1895900149362481,0.0472936086982414,0.0035502005735767,0.0055657663466341,0.0458756202592562,1.803779983731889e-08,1.0508216248317612,1
RWA,2012,16.190786230156498,0.4495590431881161,0.0494875333319755,0.1253290465441855,0.012914700092629,0.0474780753782153,7.396579726453037e-08,0.5364933705145685,1
MRT,2012,15.121711355117467,0.1103982323279814,0.021208486651869,0.0012501582264581,0.0018699485559122,0.0532760827667899,8.696919621817934e-08,0.7178397931503169,1
AGO,2012,16.924350886684657,0.2395841222469727,0.0773329303101098,0.0017976003479415,0.0060678632259755,0.0481316352165147,2.6409499651269163e-08,0.7178397931503169,1
BGD,2012,18.82795823037697,0.5127608633812606,0.0431217135781262,0.0184914219636301,0.0218603743680067,0.0586949955877136,8.642399626544634e-08,0.4762341789963716,1
UGA,2012,17.385222724818746,0.3163337437142073,0.0682238989700223,0.0181023110087559,0.0071682446357254,0.0467435418030652,3.9642599214232156e-08,0.4054651081081644,1
SOM,2012,16.11237773881157,0.0858480997282539,0.0270233129335574,0.0003478774836109,0.0003570972331929,0.0502498785774653,1.4785399890695976e-08,0.6259384308664953,1
BGR,2012,15.80725808334564,0.1663621815841963,0.0176975720447592,0.034100801824052,0.0131278356494286,0.0530246053537553,1.4195399899245311e-08,2.028148247292285,1
LAO,2012,15.682216710624632,0.4083663813418327,0.1126039781273225,0.0047389096096644,0.0090606451011338,0.0510083228793588,4.4865698993534524e-08,0.9282193027394288,1
MOZ,2012,17.054353744010264,0.1390986998697702,0.0413506480383565,0.0008631413862752,0.0028594069965092,0.045189382535421,1.5556899878991433e-08,0.6205764877251099,1
MNE,2012,13.33217463940535,0.1747688484287853,0.0172061475936089,0.0085160512806538,0.0069687716077547,0.0589382867092731,1.5131999885511287e-08,1.5871923034867808,1
BHR,2012,13.51459850060187,0.1993112994473853,0.0255387549987005,0.0339222191621073,0.0356114421793493,0.0737079632867805,6.129609812139413e-08,1.1052568313867783,1
SEN,2012,16.423802365880555,0.1404982712185264,0.0199102048428412,0.0252246827232673,0.0035715793105453,0.0532087647242553,6.58969978287928e-08,0.5306282510621704,1
MLI,2012,16.600422168079003,0.1498265723351945,0.0479401725526966,0.0005971826509401,0.0033227166578779,0.0456424848285217,4.7192998886410414e-08,0.1988508587451651,1
LBR,2012,15.172343782948133,0.1793240796780527,0.0375289569789035,0.001051999454481,0.0024177379147995,0.0492178697389155,3.286019946010364e-08,0.7047463164032972,1
ARE,2012,15.907391162715706,0.2183470030467998,0.0503312208932241,0.0256436041569528,0.0534918519876378,0.0708634895585024,7.572549713282448e-08,0.8285518175661483,1
SDN,2012,17.444432177425423,0.1393099150087893,0.0301125304591721,0.0012674154895637,0.0035720017988075,0.0562594834567172,4.3036199073942776e-08,0.598836501088704,1
COG,2012,15.17465337185292,0.2224746052196536,0.1209411936436306,0.0043269253422699,0.0034937009134308,0.0403023769547022,2.7559599620234232e-08,0.7178397931503169,2
NPL,2012,17.163149831254703,0.6008835226416164,0.0682103691451673,0.0133816855312029,0.0153578649391748,0.0599069866284206,8.714259620308387e-08,0.2311117209633866,2
SYR,2012,16.796828245761088,0.2136836576810451,0.0177498551336849,0.0241195645272499,0.0223007162368851,0.0579381322136652,3.4745999396357754e-08,0.9282193027394288,2
MMR,2012,17.75987293374467,0.2983912447673696,0.0892224050313111,0.0036749630437623,0.006217529044749,0.0503908045637392,3.5507999369590994e-08,0.636576829071551,2
MKD,2012,14.549222437546828,0.1822061718040293,0.0201723373763574,0.03027759142351,0.0137193656441975,0.0550928895717049,1.6650599861378763e-08,1.7011051009599245,2
UKR,2012,17.572873441121395,0.1423932019213208,0.0048082478269467,0.0125999096961731,0.0107692726564941,0.0518014669416278,1.0929499940273016e-08,2.277267285009756,2
BDI,2012,16.13148362574304,0.3661101813619751,0.03842720898903,0.0104389292912906,0.0094951450936292,0.0469006992649574,4.9270198786223745e-08,0.688134638736401,2
MDA,2012,15.200816418178087,0.1418692222396456,0.0050504937583604,0.0128729291664011,0.0070219602294407,0.0547306453561116,1.1355099935530852e-08,1.9960599327407849,2
COD,2012,18.07285256431109,0.3134659162620036,0.2148617573348636,0.0134665861298042,0.0055505004328606,0.0372586873433026,3.9323699226823335e-08,0.7178397931503169,2
BLR,2012,16.068822716374,0.1354458221842827,0.0038682068319379,0.0046148770553902,0.0079218917926591,0.0504129229455776,9.20850995760167e-09,2.460443177609626,2
GEO,2012,15.22724215681144,0.1351720116977587,0.0185801529278021,0.0055506505970455,0.0055946815423335,0.0527690773845511,1.305929991472734e-08,1.3762440252663892,2
ARM,2012,14.919352640721613,0.1494683631575206,0.0101426133558017,0.0096135929752134,0.008208309464097,0.0554740545927498,1.8428399830197042e-08,1.6467336971777973,2
SWZ,2012,14.000798710059811,0.2050505891633403,0.0375500953712525,0.0084550590358079,0.0105637416881686,0.0472114472907148,2.3699399719169225e-08,1.1052568313867783,2
ERI,2012,15.421413180619128,0.137744493039922,0.0313769086781278,0.0016456361976837,0.0033892679370925,0.0567940592567059,2.5119599684502853e-08,0.8285518175661483,2
CHN,2012,21.01179776373717,0.5215904867581651,0.0240408675677903,0.0737674684031848,0.0628010554303228,0.0519329876144369,1.0115799488352989e-07,1.396244691973059,2
BEN,2012,16.127304183975212,0.2082014374732875,0.0270393281178134,0.0021232752548559,0.004779845316812,0.0505236941009156,4.427349901992863e-08,0.378436435720245,2
PHL,2012,18.276070822649636,0.168044487744388,0.0383409849597286,0.0357471527058554,0.0098288373345155,0.0500013686100899,2.2914699737458267e-08,0.6981347220709844,2
STP,2012,11.781003987308653,0.0896301214997834,0.0013337821170394,0.0002078813911662,0.000155799862571,0.0508015982141372,1.3262199912057028e-08,0.7178397931503169,2
IRQ,2012,17.309535501495613,0.2401871823525853,0.0341617458222483,0.026209701229237,0.0247394095441574,0.0612791904728202,5.807929831339753e-08,0.832909122935104,2
NGA,2012,18.93514549623056,0.3070246027430942,0.0330936405366826,0.0030488066621436,0.0093842924658404,0.0514494033784524,6.439609792657123e-08,0.7178397931503169,2
IND,2012,20.947593618622967,0.5155963985012276,0.0381378819107739,0.0326708876859717,0.0275873164505969,0.05968121385055,9.152809581130373e-08,1.015230679729059,2
BFA,2012,16.62497844457527,0.1569920530147734,0.0322602209957936,0.0008697436633027,0.003678219050723,0.045600175067792,3.9993699200252e-08,0.7178397931503169,2
GIN,2011,16.228063648152347,0.2603979062979719,0.0686553478655953,0.0020769207062469,0.00582447277838,0.0508913084342528,4.460859900503643e-08,0.262364264467491,2
NER,2011,16.648394760800638,0.1620979980685699,0.0274816571481626,0.0012385247115335,0.0049903604125386,0.051303053886269,5.804769831523233e-08,0.2546422183735807,2
QAT,2011,14.38624662858446,0.1884721936207892,0.0310618866071563,0.01536412995927,0.0298443488478722,0.0755033764282113,6.025279818480014e-08,0.7975071958841881,2
KAZ,2011,16.62127657029062,0.1309118065028715,0.0074810033839118,0.0116294431270798,0.0070815247115725,0.0547425862244325,1.5929499873125516e-08,2.065596134857783,2
EGY,2011,18.22888972898704,0.2634475229157581,0.0133176096566306,0.0391638499981411,0.0288474803800852,0.0611210043073021,5.310429858996671e-08,0.8754687373538999,2
GHA,2011,17.01998278567577,0.2157632243780445,0.0316041479301768,0.0021186740243059,0.0042510086457461,0.0491515033974859,3.838289926337652e-08,0.5187937934151676,2
LSO,2011,14.51006252135462,0.1660999687161958,0.0314260035667301,0.0247489934399659,0.0181821208669545,0.0504021578072199,1.1572699933036309e-08,0.7178397931503169,2
SLE,2011,15.501115981958357,0.2427512231372178,0.0542772132204228,0.0016297112988394,0.0045504121530752,0.0517572349643145,4.2633499091192373e-08,0.7178397931503169,2
TGO,2011,15.673881538824627,0.2201613433491523,0.0273547664001537,0.0022613013298698,0.0048715636415873,0.0499066622053947,4.115959915294368e-08,0.4446858212614457,2
CIV,2011,16.80763892825319,0.1848631807961779,0.0396433228796714,0.0014368702073998,0.0027079611613285,0.0476136040340085,3.0089499547311e-08,0.7178397931503169,2
GNB,2011,14.267782919541505,0.178196295425016,0.0460597046171209,0.0036302626156738,0.0029180184400963,0.0524886958274915,4.364229904767485e-08,0.7178397931503169,2
YEM,2011,16.98851988450386,0.1439391630194367,0.0309386808389862,0.0134646444525116,0.0093611375108751,0.0615408578464489,3.7782599286237595e-08,0.4637340162321401,2
SAU,2011,17.17295072315109,0.1394194167634367,0.0121488697202286,0.0431799477223006,0.0149304746717046,0.0660115892766216,5.6331698413369854e-08,1.1786549963416462,2
PRK,2011,16.992000430133608,0.4971131906120532,0.0142525718391261,0.0402468806939977,0.0346854346924278,0.0552518292954561,8.033899677282271e-08,2.669540346340334,2
CAF,2011,15.32871357377521,0.3012938154146856,0.3176449612432408,0.0011348707904693,0.0045911226489562,0.0360551068586887,3.559689936643037e-08,0.6931471805599453,2
TCD,2011,16.32402772533286,0.1711626184522422,0.1022563230333744,0.0006633869102381,0.003599129356581,0.0492654607797929,4.344439905629208e-08,0.3750059006234558,2
TKM,2011,15.4647390788228,0.1275510202925313,0.0093025220604532,0.0029392880574579,0.0047575190379978,0.0567225782151816,3.9791499208318296e-08,1.536867219599265,3
AUS,2011,16.89689768284285,0.0853440947634238,0.0407481172313954,0.0119404660514427,0.0197988606224191,0.044239144177678,8.402999964694794e-09,1.5602476682433286,0
CAN,2011,17.293608846547126,0.1546339301858496,0.0061453227648824,0.0088383980334527,0.0161416842142102,0.0432108052222052,1.2686499919526362e-08,1.3297240096314962,0
OMN,2011,15.026731510881666,0.1299023454664113,0.0155422520268498,0.0109316066702786,0.010958975465468,0.0648553177364092,5.10330986978114e-08,0.924258901523332,3
CMR,2011,16.859024028756473,0.2159784600456506,0.0718032114463247,0.0044076321025444,0.0036189895504618,0.0453626762950013,3.512559938309612e-08,1.2947271675944,3
PAK,2011,18.962326174985947,0.5138792032431149,0.0376215438171762,0.0315948920807579,0.0294476941275189,0.0593889412746112,9.297919567743445e-08,0.3576744442718159,3
AZE,2011,16.02265014539788,0.1348692614038467,0.0143146862532343,0.0091323548178096,0.0050268730758513,0.0536260562614203,1.877759982370087e-08,1.6331544390514163,3
KGZ,2011,15.581063431190566,0.1307390600651223,0.0104278791850478,0.007833574282103,0.0109683867158207,0.0590932503281278,1.6195499868852894e-08,1.7817091333745536,3
FRA,2011,17.966506308399893,0.1697832454980939,0.0068601055760415,0.0047654073883452,0.0187126413203742,0.0509412986806055,1.5996299872059193e-08,2.0149030205422647,0
FIN,2011,15.446476024838253,0.1327909237951322,0.0031969602723684,0.0020806170144845,0.0247699578918294,0.0498052814593788,7.2476699737356404e-09,1.87640694328834,0
ISL,2011,12.539201656939593,0.1060939526271639,0.0010392228208583,0.0012586665468187,0.0011151869478223,0.0545171054363759,5.943039982340138e-09,1.4562867329399256,0
MNG,2011,14.832275115049576,0.1244641507747063,0.0064466148540953,0.0129305301987811,0.0051563033893551,0.0585181678253706,1.4039099901451836e-08,2.0681277817795625,3
NOR,2011,15.327196743241572,0.1325220680528064,0.005765899208595,0.0074663344255451,0.0140548443159899,0.0517364007507887,8.293139965611915e-09,1.6486586255873816,0
ESP,2011,17.609498710132645,0.1474865394022702,0.012127138106016,0.0107661217676309,0.0161368488860058,0.0561265362931929,1.2329999923985553e-08,1.3937663759585917,0
SWE,2011,15.984659788627775,0.1253240047209405,0.0025682382510445,0.0017037867307195,0.0073470849509202,0.0565829408985213,7.878389968965485e-09,1.308332819650179,0
UZB,2011,17.135170141055728,0.1521531875958835,0.014809101943708,0.0133614065140483,0.0229678988091826,0.0521765389917169,2.987309955379896e-08,1.766441661243765,3
NZL,2011,15.195844241992752,0.0629735306159829,0.0085626833670602,0.0060692189735509,0.003763363655274,0.0446904244636883,5.896119982617884e-09,1.3402504226184837,0
CHE,2011,15.879981450341685,0.1834457654678458,0.0103863347995329,0.0025579077628014,0.0227007609019518,0.049077298110873,1.4532099894409036e-08,1.80005827204275,0
LCA,2011,11.926848107096276,0.0783119310511121,0.0018847657126894,0.0013512296778558,0.0008002367251656,0.0530828602324854,1.4614999893200889e-08,0.904218150639886,0
AFG,2011,17.17673866789307,0.1616826854932017,0.0152978125038479,0.0018572542351237,0.0032259041715834,0.0590496382948771,1.994289980114037e-08,0.371563556432483,3
BRB,2011,12.299103684610769,0.0768350285672484,0.0009951127110703,0.0006519104601928,0.000540274025701,0.0519892853440693,1.5175299884855137e-08,1.9797938434286968,0
PRT,2011,16.052691357814968,0.1593175178436756,0.0111902400657627,0.0099045971341301,0.0164215895930657,0.0545727775036746,1.4332599897288292e-08,1.4747630091074988,0
JPN,2011,18.624747908106176,0.1793104947598747,0.0128972764196932,0.013560109734959,0.0294222356351965,0.0550244153578786,2.2877899738300852e-08,2.6651427000909336,0
LUX,2011,13.197479309966663,0.1803987594032942,0.0058448008249235,0.0028479477442217,0.0238366112037484,0.0464797575709138,1.6778699859237618e-08,1.8373699804801076,0
TJK,2011,15.877005758083008,0.1600505001813325,0.0186029147915847,0.0091671688162776,0.0083582284869713,0.0554816223640463,2.433519970389903e-08,1.7715567619105357,3
USA,2011,19.55284265385257,0.1712132835758855,0.0172030110238541,0.0139555881993621,0.0233978225162463,0.0451712091460622,1.5792799875293735e-08,1.3711807233098423,0
BLZ,2011,12.704510658688267,0.1132740472072265,0.0353644652622753,0.0008505421864225,0.0015643727306584,0.0508276901466566,1.4992599887610972e-08,0.7419373447293773,0
ATG,2011,11.1391616196766,0.0776631797642845,0.0014564628428775,0.0030408389593584,0.0005992054405574,0.0546309063997763,1.2860599917302484e-08,1.144222799920162,0
URY,2011,14.98711130379155,0.0783151877544923,0.0125287583056856,0.0015501498965824,0.003087977286726,0.0455353291353811,7.0742099749777775e-09,1.275362800412609,0
IRL,2011,15.311198118282416,0.1134043922625878,0.0016783487844041,0.0034985808227222,0.0067103114167874,0.0581553786500855,9.067739958888049e-09,1.2864740258376797,0
ISR,2011,15.805185966796325,0.2729090773778287,0.0131706469953356,0.0962968964756414,0.0471736621432789,0.0557364867688044,4.35366990522779e-08,1.4516138272405332,0
GBR,2011,17.920942793459325,0.1507647437241371,0.0033436487709118,0.008741618476375,0.0287671734521598,0.0354366477127405,1.3888999903547842e-08,1.3532545070416904,0
DNK,2011,15.435420277140542,0.1317701187418807,0.00212401168927,0.0028578364924093,0.0131137378425752,0.052980143666034,1.0530099944558497e-08,1.4182774069729414,0
JAM,2011,14.793906644475776,0.1287365120356761,0.0139157275719911,0.008274674259141,0.0080270706922541,0.0596048636469797,1.6903699857132466e-08,1.0296194171811583,0
CRI,2011,15.33415358349884,0.1117049561648999,0.031897678528977,0.0041877202467334,0.0084355048755012,0.0456714777170032,1.2527999921524607e-08,0.7975071958841881,0
ITA,2011,17.86604408289059,0.2183608717135365,0.0127143322320403,0.0075327415307782,0.0294593720558088,0.0532117800260372,2.0387899792166773e-08,1.4951487660319729,0
NLD,2011,16.61292890596867,0.1664276832070398,0.0040671110797091,0.0042515035373567,0.0300056198794025,0.0453436294917266,1.6639099861570176e-08,1.597365331199831,0
BEL,2011,16.222926370799122,0.1843083950563153,0.0042731988668856,0.006917470040155,0.0311702080838675,0.0439283081229493,1.9556699808767745e-08,1.9530276168241771,0
TON,2011,11.057306676026142,0.0500205678646408,0.00052290925912,0.0002930050698217,2.879958528796245e-05,0.0466937932012651,5.3151199858747505e-09,1.247032293786383,0
CHL,2011,16.640682777484287,0.3237969434282035,0.0248666481770075,0.0603257526889178,0.0263891433995097,0.0491589201960126,3.617739934559789e-08,1.1662709371419244,0
DOM,2011,16.102230019812247,0.1302354552353785,0.0222596641505448,0.0035172063715477,0.0117767421462012,0.0529257782200345,1.8020999837621785e-08,0.947789398933526,0
EST,2011,14.0265047801599,0.1469194988871742,0.0040873085622285,0.0087828684459381,0.0121946718209102,0.053107383669838,1.0682299942944237e-08,1.8500283773520307,0
TTO,2011,13.970611403384058,0.0849085122686232,0.0089090889489172,0.0011336142165374,0.0051459498592965,0.0533485776889034,1.5887299873796854e-08,1.2484680442124871,0
BRN,2011,12.78228581740831,0.2841600752446254,0.1180313248300753,0.0031930148979493,0.0075040113491397,0.0483900816588188,2.283209973934761e-08,1.3454723665996355,0
DEU,2011,18.20233354970546,0.1723802436167938,0.005687584980636,0.004648185428814,0.0259071898146914,0.0480872422329174,1.5824799874787854e-08,2.2321626286975,0
AUT,2011,15.955694927415122,0.1751704585310204,0.0088887418243045,0.0037028360332225,0.0202682492695987,0.0507855075394651,1.5531499879386253e-08,2.1598687907924505,0
PAN,2011,15.090563855178448,0.108761651731715,0.0196379313816109,0.0021778018670887,0.0052366537635872,0.0509623621307369,1.3204899912815308e-08,1.1216775615991057,0
CYP,2011,13.85618507921088,0.1263293979083568,0.0177174960967494,0.0134851542151243,0.0056002741500588,0.0669859654945552,1.1602899932686355e-08,1.2837077723447896,0
KOR,2011,17.642530081232106,0.4547523315802936,0.0308277899398491,0.0756223464099821,0.0722349332538954,0.0504213388590333,8.796319613123796e-08,2.3683728335320486,0
ECU,2011,16.501253032988846,0.1504928716245971,0.0375875206046905,0.0015653991232138,0.0079978041307062,0.0393012648585051,1.7950799838884393e-08,0.9555114450274363,0
COL,2011,17.64327324850435,0.1579445189671291,0.0484121594012974,0.0027771840519358,0.0075488118897319,0.035014193754449,1.817649983480743e-08,0.9122827104766162,0
SVN,2011,14.538324447564976,0.2037831879009397,0.0167902780579182,0.0098221038205523,0.0200981493115216,0.0510329588280564,1.853419982824172e-08,1.728109442151599,0
VCT,2011,10.915671021767729,0.0774373998815055,0.0013958353683898,0.001553296010895,0.0005570877977737,0.0529693097595325,1.4876799889340412e-08,1.2584609896100056,0
CUB,2011,16.208030807535714,0.1049843438140691,0.0124001592547304,0.0034773639557805,0.0034680593242534,0.0590505313053419,1.2112999926637617e-08,1.6174060820832772,0
MUS,2011,13.952312209956844,0.0802949690837204,0.0009377002216977,0.0014168278252652,0.0013301679342481,0.0499706471539412,8.744359961768084e-09,1.4678743481123135,0
SGP,2011,15.281547490952226,0.2226806545940521,0.0235402151769299,0.0561690984621649,0.0184343219854492,0.0580068348629079,3.4484699405402754e-08,1.144222799920162,0
SUR,2011,13.158589650154164,0.0900555575167538,0.031150485327115,0.0006054756626107,0.0002566630592188,0.0458395848798608,1.3498399908896598e-08,1.3937663759585917,0
THA,2011,18.00566808433104,0.3006685933719129,0.0498518318293993,0.0205617077491523,0.0142164260359116,0.0522637588889139,3.9591899216240754e-08,1.128171090909654,0
GRD,2011,11.309756707503237,0.076956955016669,0.0012387933785405,0.0007303242483117,0.0004343786439352,0.0526623798420361,1.48424998898501e-08,1.4747630091074988,0
PER,2011,17.18727978221381,0.1138750565547596,0.0483098526478426,0.0022368294307111,0.0039035163570772,0.0414355671532507,1.0322399946724031e-08,0.9360933591703348,0
PRY,2011,15.634737780636716,0.1355503923222454,0.1096207381096055,0.0006342408267583,0.0027431640826853,0.0408721323475819,1.0413299945781591e-08,0.6043159668533296,0
MLT,2011,12.759992442063185,0.1199584987308197,0.0021015841242755,0.0103348064379077,0.0090111771150337,0.0648090160575588,1.1871099929538492e-08,1.667706820558076,0
MEX,2011,18.5983087417107,0.2300956033033472,0.0616187082546258,0.2375887291506637,0.0219306888171804,0.0530085465492955,4.1548999136840323e-08,0.708035793053696,0
WSM,2011,12.01274927006344,0.0501166810995435,0.0006113850660562,0.0003917262652472,0.0001804437190528,0.0405517185960198,5.202189986468611e-09,1.247032293786383,0
ARG,2011,17.538608796030413,0.1127072511853822,0.0417197964954227,0.0018082261732202,0.0099076170696602,0.0413493065449782,1.1026399939209252e-08,1.682688374173693,0
BRA,2011,19.080546249880047,0.1368396976436435,0.0416577066555692,0.0066052770471199,0.0077995959176142,0.045540809045026,1.4808699890351204e-08,1.2669476034873244,0
KEN,2011,17.53691732673927,0.2980913546538332,0.036306388901952,0.0042295249358186,0.0092943127500414,0.0474305715664125,3.4655999399480854e-08,0.8754687373538999,0
PNG,2011,15.733277650237335,0.0781387039005216,0.1143286583815191,0.005414694049497,0.0009010639199472,0.027829419771345,7.013179975407653e-09,1.247032293786383,0
MDV,2011,7.850119133518619,0.1021834726972317,0.0010868721404316,0.0003938524299483,0.0001325852101925,0.0556034807563639,1.0994699939558289e-08,1.7825505301427451,0
SLV,2011,15.60203302299306,0.1861297032578296,0.0743483170542864,0.0104360277348243,0.0145030573887552,0.0511340837924877,2.237139974976024e-08,0.7178397931503169,0
GRC,2011,16.144695250921163,0.1506101481066881,0.0111332497405447,0.0122307248169136,0.0113227441086653,0.0587636015142819,1.3828999904379381e-08,1.6992786164338898,0
FJI,2011,13.514897114571252,0.056943397003263,0.0104088395833591,0.0023026508634755,0.000533914442314,0.0423567880201431,5.193749986512481e-09,1.0647107369924282,0
TZA,2011,17.65953964050442,0.1470948231420251,0.0382027577124033,0.0013040443644324,0.0022396281595001,0.0439463427822608,1.4537599894329097e-08,0.5653138090500605,0
JOR,2011,15.718956360112388,0.2348750711456503,0.0160523931663248,0.0598372653444275,0.0327353952128031,0.0585638107267837,3.711439931126068e-08,0.9555114450274363,0
VEN,2011,17.181815059850823,0.1227109305019178,0.0545506388262309,0.0028203710119362,0.0073170976287315,0.0455466391611631,1.7419799848275285e-08,0.6626879730752367,0
LKA,2011,16.759724182792965,0.2120179466572667,0.0275638038462031,0.0177083564292835,0.0093649139855926,0.0548820198147507,3.1991899488259176e-08,1.5085119938441398,1
TUR,2011,18.07678661080956,0.1499189208377871,0.0134334902773306,0.0112719729409606,0.0150003126589957,0.0552382679043812,1.6538899863232397e-08,1.2864740258376797,1
SYC,2011,11.06800789285663,0.0708662155483939,0.0007411702654479,0.0003572701714111,0.0001486739474809,0.0480007937292186,7.797269969601291e-09,1.4469189829363254,1
SSD,2011,16.166778273154844,0.2416251802015531,0.1702665428817623,0.0012051285408038,0.0058943899012072,0.0424759547466151,3.3899899425398406e-08,0.7178397931503169,1
NIC,2011,15.5665025624353,0.1093313458661814,0.0453995396360485,0.0091248575705583,0.0035447778448105,0.047092899147159,1.3396099910272252e-08,0.6523251860396903,1
KWT,2011,14.910591154208598,0.2454183805914114,0.0470703909687808,0.1326608369258474,0.0558882482988978,0.0653376233320754,8.539489635385574e-08,1.264126727145683,1
CPV,2011,12.946433963266909,0.0891748809262713,0.0009637024895511,0.0006539271430327,0.0005378233470922,0.0617945280806356,3.1038899518293354e-08,1.1346227261911428,1
HRV,2011,15.210420076812044,0.188426228643004,0.0187780496545454,0.0106896070261368,0.0143725808501538,0.0532541612445603,1.713979985311363e-08,1.9387416595767009,1
FSM,2011,10.372172813115675,0.0575881642062526,0.0007160026089434,0.0001699135638727,4.219910960504969e-05,0.038326487378623,5.668099983936321e-09,1.247032293786383,1
NAM,2011,14.62171402066142,0.1633783943520227,0.062313484766571,0.001721650109566,0.0043036997843759,0.0483141796116093,1.7407199848494693e-08,0.7178397931503169,1
COM,2011,13.149582921441764,0.0799427257524338,0.0016457280464055,0.000602160664871,0.000448886235497,0.0498919069885772,7.0336799752636726e-09,1.1505720275988207,1
CZE,2011,16.16648155818883,0.1929263491830185,0.0073110073367458,0.0108093063824899,0.0222576260251143,0.0488811537601627,1.936019981259133e-08,2.093097868127322,1
ALB,2011,14.849542603735584,0.1563214973256207,0.0116665345604752,0.009307902758244,0.0091390582962043,0.0581988207885478,1.4903199888947316e-08,1.355835153635182,1
LBY,2011,15.645866547180146,0.1276038804588279,0.00840410536936,0.0055202413923047,0.0080055717274882,0.0630268848228663,3.5691899363044155e-08,1.547562508716013,1
DZA,2011,17.397314037806716,0.1636422395487363,0.0241398793737029,0.0075033007016506,0.0202941221790536,0.0606441599504159,2.5785199667561736e-08,0.9858167945227652,1
KIR,2011,9.446891242165933,0.0528723644499351,0.0004803506131695,0.0001671120360058,1.2799918080699045e-05,0.0339903206786103,7.265029973609669e-09,0.9516578757114464,1
HTI,2011,16.080078424604196,0.15669225500136,0.0198129046943474,0.0012121969922645,0.0078894234932241,0.0572391123908191,1.8763799823959913e-08,1.1704160207970933,1
GUY,2011,13.49554881787155,0.0881607333098611,0.0319663309433816,0.0003328136114055,0.0002053449152896,0.0446930302608456,1.3777899905084738e-08,1.003254488682343,1
LTU,2011,14.928485044732318,0.151433529716035,0.0033595792883895,0.0042203119423064,0.0063183411763591,0.0537538225294854,1.3684599906365864e-08,2.131796772013764,1
GTM,2011,16.526779205639844,0.222114443564431,0.0842975243204683,0.008055454530217,0.0126006305556832,0.0456526602067798,2.6029099661242983e-08,0.5007752879124893,1
HND,2011,15.83822553489686,0.1581980037792987,0.0894889245823907,0.0037910568544344,0.0061762546120854,0.044679054149524,1.9188399815902658e-08,0.4510756193602167,1
IRN,2011,18.135095601405524,0.2600539700991466,0.0313122204157098,0.0306993777515209,0.0339504680459228,0.0590159982097034,3.504569938589947e-08,0.8415671856782186,1
VNM,2011,18.275389462784847,0.3684759422400952,0.0407746522796289,0.0105890763167937,0.0144800344558299,0.0557750060375783,5.435189852293553e-08,1.1662709371419244,1
SLB,2011,12.865793695866506,0.0532291183706625,0.0227160976441528,0.0002454688700516,3.2199481591128475e-05,0.0352699843481187,5.331019985790113e-09,1.247032293786383,1
LVA,2011,14.511533250274727,0.1613390480613483,0.004858787949023,0.0032917940959893,0.0063245249621567,0.0532354707049322,1.4186099899377284e-08,1.928618651945252,1
MWI,2011,16.53887162394266,0.2178000538263581,0.0479210265787569,0.0019819596198124,0.0056208503813714,0.0415266623104147,2.5224699681857263e-08,0.832909122935104,1
ETH,2011,18.313606066847804,0.2444345081453688,0.0439544317919461,0.0013452467497083,0.0062263897419832,0.0482695552785669,3.374959943048226e-08,0.2851789422336623,1
HUN,2011,16.116796188021954,0.175144110440697,0.0097168937078475,0.0188253244010449,0.0161581078212912,0.0496552467890948,1.7057699854517436e-08,2.105352923464337,1
BOL,2011,16.12788801289941,0.152480564532218,0.1325853880532653,0.0004787403855321,0.00224251767662,0.030821419516208,9.876559951226781e-09,0.712949807856125,1
POL,2011,17.468904506005387,0.1710399371272837,0.0045994781644961,0.0168754059847253,0.0178012916455993,0.048913578045507,1.7429799848101043e-08,2.028148247292285,1
RUS,2011,18.791757021338867,0.1453540927671121,0.0061352766408689,0.0126457266910281,0.0162276761388495,0.0495622740671976,1.2510499921743694e-08,2.252343876557299,1
VUT,2011,12.07161219289159,0.0564247558898695,0.0053871880098967,0.0009655946633877,0.0001801697684524,0.0451278694775681,7.343489973036577e-09,1.247032293786383,1
TUN,2011,16.141313711565218,0.1725352685683923,0.0116224083896775,0.0170146857727662,0.0131587279433172,0.0595528975390015,2.4403199702241924e-08,1.0296194171811583,1
MAR,2011,17.30304756067744,0.1538372707197543,0.0195860136410573,0.0131675954473153,0.0109188913499477,0.0580359048632314,1.7671499843859045e-08,0.6043159668533296,1
SRB,2011,15.805758624973723,0.1764447982591168,0.0168130728319864,0.032078210332032,0.0117840396701556,0.0519390529360652,1.6686499860780363e-08,1.8453002361560848,1
SVK,2011,15.500463299607317,0.1819156285829118,0.0102462979416771,0.0140782093289464,0.0178645838359177,0.048840852659907,1.7537599846216294e-08,1.9530276168241771,1
ZAF,2011,17.76543377352677,0.3299295153376137,0.0358388076829344,0.0445469716904756,0.0306148822567624,0.0485307893701158,4.0966399160877056e-08,1.1786549963416462,1
TLS,2011,13.87677764629607,0.1027609248476848,0.0378506866338478,0.0006136346877186,0.0008163017350632,0.0465925921876293,8.779609961459225e-09,0.3488947566197701,1
IDN,2011,19.274538550424225,0.33186968181114,0.0575050438123932,0.0208159744707716,0.0173661359702262,0.0526175304937244,4.8334798831873596e-08,0.4700036292457355,1
ROU,2011,16.811657488036367,0.1715880019092392,0.0104378921738479,0.0114202658108175,0.0141628920795246,0.0499529602997479,1.5871599874046157e-08,2.009555414215669,1
GNQ,2011,13.47421398693302,0.1457397751293818,0.036452652914672,0.0017327030027723,0.0009252528215605,0.0457765173605815,1.8842199822485752e-08,1.1314021114911006,1
GAB,2011,14.2166951979261,0.1710138845279117,0.0547325048674277,0.0013646734095186,0.001807315820418,0.0431339613753279,1.962379980745324e-08,1.0818051703517284,1
ZMB,2011,16.478866384188876,0.1937268114053343,0.0532298351814417,0.00654019720864,0.0050203210732858,0.0462393056600012,2.180039976237128e-08,1.0986122886681098,1
LBN,2011,15.143352180614428,0.2699948084462164,0.0129519748743131,0.0358762844734681,0.0321299348222071,0.0590089319553132,3.6418899336831884e-08,1.4929040961781488,1
BTN,2011,13.697997858263832,0.3746805054201372,0.0581423293585048,0.0050169520238193,0.0080620045322608,0.0558308976019722,3.5042599386008114e-08,1.0296194171811583,1
KHM,2011,16.49452133427845,0.2245303916064997,0.0581351784278415,0.0050604323867729,0.006062717530951,0.0503920911362813,2.7327999626590212e-08,0.5850050219402422,1
MYS,2011,17.115377003555984,0.2780120006523751,0.1014213051457762,0.0081669762747189,0.0175654403841757,0.0532166684562937,3.1420599506372954e-08,1.0647107369924282,1
DJI,2011,13.534438643534054,0.1205143723800831,0.0062295450296344,0.0023431566630316,0.0025033150906014,0.060394068182777,3.177919949504124e-08,0.8185203854830044,1
MRT,2011,15.096226460234002,0.10969403976401,0.022493426396039,0.0011800724405476,0.0018471339971391,0.0539587667462612,8.150979667807643e-08,0.7178397931503169,1
BWA,2011,14.540894224413597,0.1449015441392903,0.0568039072321281,0.0054720629175524,0.0046634979698251,0.0500450450586043,1.0413399945780553e-08,1.2669476034873244,1
MDG,2011,16.88473802353201,0.1518576723223639,0.0466876010462187,0.0007409864017558,0.0033101982435868,0.0421892274268928,1.302189991521506e-08,0.2776317365982795,1
AGO,2011,16.892115457790993,0.2677166609569724,0.0740198719873019,0.0019954836974246,0.0071293854283448,0.0490584783740131,2.9666599559946434e-08,0.7178397931503169,1
ZWE,2011,16.46829028617924,0.1945912931052177,0.0472115206719827,0.0035996405134156,0.0057734485256008,0.0448565182696202,1.8619599826655252e-08,1.01160091167848,1
BIH,2011,15.166814256438936,0.1622012584956846,0.020831263754527,0.0175260122835136,0.0087145666208783,0.0544908582782293,1.3799299904789662e-08,1.1939224684724346,1
RWA,2011,16.166037483968033,0.4363818345551091,0.0494617500337244,0.1248028359924244,0.0122969407557894,0.0464404287220795,7.037879752341238e-08,0.5423242908253617,1
SOM,2011,16.08762384339423,0.0860498788984518,0.0267346267474036,0.0003480514230756,0.0003664838365942,0.0502560218317339,1.4053499901249573e-08,0.6259384308664953,1
MOZ,2011,17.025570900798723,0.1367242070386227,0.0418729994610195,0.0008633791809079,0.0027845305938187,0.0446451435296909,1.490449988892794e-08,0.6151856390902335,1
LAO,2011,15.66565010523733,0.3300858160671043,0.0958150859541231,0.0041588280736403,0.0065405508878645,0.0526416236532437,3.3731499431092975e-08,0.8415671856782186,1
UGA,2011,17.351527567411274,0.3091077209068588,0.0728701701070402,0.018262713806403,0.0066088394323072,0.0463344831280752,3.7342799302757664e-08,0.4054651081081644,1
SEN,2011,16.391971093022544,0.1465437322255414,0.0218817360195948,0.025187843114222,0.0037107147743042,0.0545353010700689,5.780659832919857e-08,0.5306282510621704,1
LBR,2011,15.146773744888296,0.1617375361394858,0.0388899680785433,0.0008240373879137,0.0015561016455855,0.0480647718888796,2.5150499683726183e-08,0.7047463164032972,1
MNE,2011,13.330624817403656,0.1534405328754471,0.0150164437318567,0.0088964142920237,0.0061987271325006,0.0586671748329117,1.2713899919178374e-08,1.589235205116581,1
BGD,2011,18.81571321586684,0.5134502701662189,0.0470749778875787,0.0178241743894677,0.021591172972804,0.0571379381218386,8.345269651782362e-08,0.4252677354043441,1
MLI,2011,16.569805506091175,0.158810584728854,0.0523654423814291,0.0006564065180961,0.0037416512841699,0.0457866369959581,4.17780991272952e-08,0.2151113796169455,1
ARE,2011,15.887586080765765,0.2029284104500063,0.0461468527455543,0.0236452008315051,0.0470616683236768,0.070269302923599,7.386539727195147e-08,0.8153648132841945,1
NPL,2011,17.15096171137078,0.6082688760436941,0.061614190384855,0.012665111805353,0.0141449715293153,0.0588008981858272,8.28666965665552e-08,0.2311117209633866,1
MMR,2011,17.751536779183905,0.2740283689264804,0.086176335689668,0.0033503652531362,0.0053003502927131,0.0484104728220698,2.993029955208858e-08,0.6312717768418579,2
SDN,2011,17.42237315296606,0.1335447652851082,0.0287912961335835,0.0011892315837206,0.0031676706297193,0.0572259572715515,4.3463499055462116e-08,0.6097655716208943,2
COG,2011,15.1470152801275,0.2496362645069887,0.1245657374840644,0.0045149353229625,0.0038780655736465,0.0423579003256718,2.8530899592993883e-08,0.7178397931503169,2
SYR,2011,16.818467097059223,0.208652139373874,0.0156493575366071,0.023589999081795,0.0223903458704258,0.0573704287914232,3.4107699418332424e-08,0.9360933591703348,2
BGR,2011,15.811853176289205,0.1692865574557141,0.0153700364920966,0.0351934154269215,0.0139566897186318,0.0521933144878633,1.5313099882754492e-08,2.004179057179289,2
BHR,2011,13.496068831438974,0.1895484663279872,0.0235517503471395,0.0332529133219674,0.0317887063892466,0.0740807006331144,6.210549807145352e-08,1.118414915964289,2
MKD,2011,14.547788769771584,0.1780503690777572,0.017862459131648,0.0311295640655201,0.0136468023577419,0.0545047353473021,1.7169499852604138e-08,1.713797927758343,2
PHL,2011,18.25979013320024,0.1634370432023733,0.0343249271729593,0.0337214815973712,0.0094394508712599,0.0503647849858274,2.2596099744708142e-08,0.712949807856125,2
COD,2011,18.040176079589,0.3232198923601486,0.2156637617032852,0.0136632620584527,0.0055794747417032,0.0383932224364135,3.798059927873703e-08,0.7178397931503169,2
BDI,2011,16.097708723612108,0.3508380615353121,0.0376156305047359,0.0099911993249714,0.0090737418107368,0.0463989041105217,4.6001398941935634e-08,0.585933096252796,2
UKR,2011,17.576671527077664,0.141724670615471,0.0045054820554656,0.0137076750674703,0.011318083172178,0.0509001133887415,1.2825599917751992e-08,2.2925347571405443,2
MDA,2011,15.20183629359198,0.1411992767411226,0.00462812668051,0.0134446137790005,0.0073350714673483,0.054299384269252,1.286739991721501e-08,1.9726911717329556,2
ARM,2011,14.915621473130528,0.1430989483722106,0.0100478835204944,0.009341413817645,0.0073627612280627,0.054613560434448,2.0184699796288946e-08,1.6467336971777973,2
SWZ,2011,13.985465546319354,0.2057088413915438,0.0399687150608585,0.0086964589456261,0.01074055220938,0.046557108845393,2.2824199739527956e-08,1.1052568313867783,2
STP,2011,11.759685303502954,0.1001681561605154,0.0014760341254655,0.0002032103513778,0.0001593762989229,0.0517630111938923,1.2425299922805962e-08,0.7178397931503169,2
BEN,2011,16.09990105155202,0.2120491198754935,0.026635022451282,0.0020800142696891,0.0046487328780945,0.0516477222527682,4.121099915082677e-08,0.3852624007906449,2
ERI,2011,15.39919376083264,0.1357500253877027,0.0289620902637757,0.0015962113765214,0.0032850473187502,0.0573885803040822,2.5264899680842422e-08,0.8458682675776092,2
CHN,2011,21.00677509476185,0.5246412440606796,0.024573832853411,0.0741961668358851,0.0634075665369414,0.0529543305626619,1.0384499460810837e-07,1.3137236682850553,2
BHS,2011,12.46988935468901,0.0926998339960315,0.0023524168964364,0.0023084075758953,0.0015515397394795,0.0622026278217985,8.901969960377464e-09,1.358409157630355,0
BLR,2011,16.068735102350608,0.1331068839084462,0.0040698220278405,0.0047038007629275,0.0074460641297758,0.0506631592839556,1.0003899949960992e-08,2.457877977400081,2
GEO,2011,15.239390023724196,0.1340237477728319,0.0158743678565586,0.005509526646126,0.0054114775081212,0.0521773772551203,1.4724399891596024e-08,1.449269160281279,2
IND,2011,20.9348106006065,0.531597100987238,0.0377703031632164,0.0330004816006143,0.027708246358546,0.0586140881901434,9.091079586761349e-08,1.0260415958332745,2
NGA,2011,18.9077304832818,0.3051793275065098,0.0344454624627205,0.0029726871839894,0.0090432651379726,0.052854771145327,6.120029812726171e-08,0.7178397931503169,2
BFA,2011,16.59477735402446,0.1658936741857397,0.0330928607733204,0.000944415898881,0.0039941676815765,0.0470898250204594,3.7830599284422875e-08,0.7178397931503169,2
IRQ,2011,17.275470555102153,0.2255155782326662,0.0326908156638793,0.0241077752648936,0.0227081697635683,0.0606008353359516,5.832919829885229e-08,0.7654678421395715,2
GMB,2011,14.221346797194762,0.1572812086047338,0.0234205619256497,0.0112245325746339,0.0037544990394614,0.0539933758494326,4.9955898752204076e-08,0.7178397931503169,2
GIN,2010,16.19930155600925,0.2458125435213869,0.0663596855604939,0.001874690668844,0.0052397216512529,0.0492157864559339,4.440899901392039e-08,0.262364264467491,2
KAZ,2010,16.605333563720308,0.1372078207730962,0.008248151283994,0.0115837999761699,0.0068206474100026,0.0550872774392148,1.6665299861133892e-08,2.0881534822818573,2
GHA,2010,16.99485384868408,0.2029775723017897,0.0304095334709751,0.0019401167557793,0.0038130172014564,0.0483316970046993,3.415889941658479e-08,0.5306282510621704,2
NER,2010,16.605212221845466,0.1659507593774588,0.0264019372037806,0.0012939544797034,0.0051507441131678,0.0503237706424743,5.8273298302111325e-08,0.2546422183735807,2
LSO,2010,14.498073047807372,0.1875591574190334,0.035585151925083,0.0247747760441307,0.0184436749267763,0.0514802761495177,1.3645499906900165e-08,0.7178397931503169,2
TGO,2010,15.645616497729952,0.214482242235391,0.027985211398578,0.0021139879520873,0.0046327532079772,0.048457714000402,3.732339930348192e-08,0.4510756193602167,2
PRK,2010,16.98674355883651,0.4935270891311663,0.0175943663719639,0.0396477460002365,0.0343819308751157,0.0557069210143104,7.957359683402126e-08,2.72785282839839,2
CIV,2010,16.782352292514098,0.1740650899511352,0.0387756612477569,0.0013589482114664,0.0024426243626761,0.0468540321345952,2.6893699638364457e-08,0.7178397931503169,2
YEM,2010,16.961489222519383,0.1396280751544725,0.0253109725859285,0.0123370595567941,0.0089788254311936,0.0602416609687899,3.30906994525028e-08,0.4700036292457355,2
EGY,2010,18.20602834244885,0.2808263080623858,0.0149585361574086,0.0401753890359791,0.0298542440312137,0.0618597687202368,5.6180998421847684e-08,0.8754687373538999,2
SLE,2010,15.478517225560324,0.20478686802496,0.0488079516302818,0.0012989649795794,0.0031648326297819,0.0498434231282068,3.8367099263982844e-08,0.7178397931503169,2
GNB,2010,14.242072057402082,0.1803391330899289,0.0483097992888851,0.003822568666244,0.0025840624330184,0.0520430482329535,4.2634599091145475e-08,0.7178397931503169,2
CAF,2010,15.308273812764067,0.2908057908096143,0.2848848215408027,0.0009765210480827,0.0038811774771888,0.0363496122199823,3.267719946610031e-08,0.6931471805599453,2
TCD,2010,16.288787832943395,0.1731150710277548,0.0839035655759823,0.0006588239278478,0.0037420298649274,0.0483756558189488,4.1145899153507484e-08,0.3750059006234558,2
SAU,2010,17.148834449969232,0.1424314187591605,0.0130165588311889,0.0449141287066141,0.0160513146187103,0.0650536485154738,5.4876898494262984e-08,1.1969481893889715,2
QAT,2010,14.334411196861735,0.2128661319014106,0.0394040607671571,0.0156281822943273,0.0332554979278938,0.0762794111890024,6.14201981137796e-08,0.7975071958841881,2
TKM,2010,15.45148864154232,0.1350978397303906,0.0105709134994428,0.0032748239059378,0.0052053237649116,0.0570730579510273,4.059859917587686e-08,1.5496879080283263,2
CAN,2010,17.28284612062566,0.1612893473714054,0.0062283773259161,0.0090860009920654,0.0167438726997527,0.0436713541933469,1.2513999921699904e-08,1.3270750014599193,0
CMR,2010,16.832752086011176,0.2177844939837142,0.0660676826239689,0.0043220594304336,0.0035731247797122,0.0457842840336068,3.386769942648946e-08,1.2947271675944,3
OMN,2010,14.930218303666823,0.1326204626037232,0.0166192185643284,0.0108881632281066,0.0116673381303731,0.064087557533705,4.9987698750614975e-08,0.9932517730102832,3
PAK,2010,18.940341100721604,0.5369909677451611,0.0376879207577605,0.0321005295084765,0.0316323712988553,0.0592639749745157,9.533929545520923e-08,0.3506568716131693,3
ISL,2010,12.531402138871291,0.1108749899571869,0.0011831238328971,0.0014062627488792,0.0013079812194904,0.0538794813315523,4.475259989986024e-09,1.5216989981260935,0
AUS,2010,16.880730736722473,0.086715242562825,0.0387007934030441,0.0128190912303336,0.0208497279145413,0.0439677527203426,8.978319959694886e-09,1.5602476682433286,0
AZE,2010,16.00837168372148,0.1447319548552128,0.0196642353675173,0.0100599931568695,0.0055517415242546,0.0534355639197016,2.0865399782317546e-08,1.7047480922384253,3
KGZ,2010,15.563772096170426,0.1303701652061822,0.0097054909813426,0.0076840072550582,0.0103231583740528,0.05822473432858,1.6795399858957273e-08,1.80005827204275,3
FRA,2010,17.96168853943023,0.1720623051796813,0.0063348066759424,0.0049787872438648,0.0181928960993256,0.0509194577623723,1.575039987596245e-08,2.0241930674493576,0
NOR,2010,15.314072700313538,0.1385104674330526,0.0059643428921628,0.0080141189903151,0.0146256734948241,0.0504330859149168,7.0605799750741055e-09,1.667706820558076,0
UZB,2010,17.119724184075128,0.1574539858992715,0.0153658808490977,0.0138569396155501,0.0230337232476423,0.0520359262895076,3.058639953223608e-08,1.7783364488959144,3
MNG,2010,14.81427537286038,0.1287232746286219,0.0073423240470798,0.0115811626999578,0.0045291927041769,0.0593416402966907,1.66067998621071e-08,2.028148247292285,3
ESP,2010,17.61172836297978,0.1433922691054805,0.0115163752523965,0.0107887377077391,0.0146970325671337,0.0573671066580819,1.1531599933511102e-08,1.4085449700547104,0
SWE,2010,15.976490241290982,0.1329944343632349,0.0026086275705771,0.001717043037533,0.0076376834970249,0.0547303719798418,7.3214599731981124e-09,1.316408233655724,0
FIN,2010,15.441499345887369,0.1404481581795765,0.0033756331342246,0.0022259597124225,0.0248907958775957,0.0480624034331323,7.823619969395486e-09,1.925707441737794,0
CHE,2010,15.86817914241787,0.1846480841624578,0.0084671116251791,0.0025803739697431,0.021372553140986,0.0493023392590341,1.4227399898790548e-08,1.8229350866965048,0
AFG,2010,17.144751112101165,0.166288910530554,0.0146013446353049,0.0017999541102373,0.0032793590195769,0.0585384817611234,2.1151399776309144e-08,0.3663777194001176,3
NZL,2010,15.188820631886458,0.0652739662564996,0.0100770752959993,0.0063019966392401,0.0040024554780491,0.0451180620595353,5.428159985267541e-09,1.3217558399823195,0
LCA,2010,11.918899843378258,0.0805399163525046,0.0022630822964214,0.0015426005796901,0.0009697006882793,0.0517089247554566,1.2808399917972446e-08,0.8576017355254755,0
TJK,2010,15.853682666496454,0.1634130405613207,0.0180265264526532,0.0092040276857489,0.0079100201410666,0.0550723925489195,2.5180499682971213e-08,1.790091412127358,3
BRB,2010,12.296382663516551,0.0787308814517999,0.0010527506635112,0.0007197768984468,0.0006458404001837,0.0503612129493576,1.3289599911693268e-08,2.063058062429312,0
JPN,2010,18.62585945332471,0.1870922306781402,0.0142001657164245,0.0140365648751881,0.0309814868331023,0.055268446974139,2.4350599703524144e-08,2.6741486494265287,0
PRT,2010,16.057178852524952,0.1525735267749635,0.0116852052858938,0.009649851060171,0.0140019051992931,0.0571683490934218,1.4336299897235253e-08,1.4747630091074988,0
LUX,2010,13.175756209219884,0.1832069630394677,0.0063314619259119,0.003052382736334,0.0238557532529631,0.0468443105764488,1.647509986428554e-08,1.8500283773520307,0
USA,2010,19.545246986556016,0.1734063516882285,0.0173605822436282,0.0143377622814591,0.0240964456498775,0.0454662638206548,1.566509987730232e-08,1.3937663759585917,0
ISR,2010,15.787059086865227,0.3086252299783711,0.0171167824654891,0.1089931289217486,0.0548180191404781,0.055638802584951,4.913759879274817e-08,1.4539530095937054,0
BLZ,2010,12.681542899269562,0.1116555649929157,0.0368876523360472,0.0007772058972363,0.0011058892789735,0.0506689342378775,1.3174099913221546e-08,0.7514160886839212,0
IRL,2010,15.307966200793262,0.1226028363998924,0.0019176062173926,0.0038718566795443,0.0075820375700974,0.0567009930211257,7.257279973665943e-09,1.316408233655724,0
JAM,2010,14.790122509801664,0.1368606210882558,0.013428627036423,0.0084586188037701,0.0085222006694534,0.05997746807704,1.8822199822862398e-08,1.0331844833456545,0
URY,2010,14.983831582271884,0.0869391906342575,0.0157990668698703,0.0016355687279555,0.0034108873044575,0.0457399310789966,7.177059974244905e-09,1.2837077723447896,0
DNK,2010,15.431189488665645,0.1377394515622185,0.0023373372977318,0.0029408215422943,0.0122265314113325,0.0525435235310016,8.837959960945231e-09,1.5040773967762742,0
ITA,2010,17.865250318231368,0.2072405770855014,0.0105778408582691,0.0075229634167306,0.0266975613367048,0.0543188946680429,1.9166199816328388e-08,1.5238800240724537,0
NLD,2010,16.60922660751623,0.1700266583389218,0.0041981982207803,0.0042785728391966,0.0287816828867742,0.0458907609546913,1.5422199881077876e-08,1.6253112615903906,0
ATG,2010,11.128337553660405,0.0868962774492651,0.0020558203524756,0.0036864546684997,0.0009532455170922,0.0540249850285138,1.4111499900432785e-08,1.495522388304206,0
GBR,2010,17.91448615852255,0.1642082764972571,0.0037892596789388,0.0102683575050538,0.0328724448935645,0.0332345716568763,1.373519990567214e-08,1.366091653802371,0
CRI,2010,15.32266559394677,0.1179482602282743,0.030294074581021,0.0040239151832319,0.0080420577923966,0.0459701646127378,1.24156999229252e-08,0.8020015854720274,0
TON,2010,11.04903781493702,0.0514049331557113,0.0005303643319703,0.0003005708240637,3.0099547004090096e-05,0.0447565502735735,5.8885899826622545e-09,1.247032293786383,0
BEL,2010,16.216391919776022,0.1922703950717514,0.0045827989172875,0.0074457762810735,0.0324320036520558,0.0434824167387874,1.9503499809806745e-08,1.958685340544036,0
DOM,2010,16.089776227759177,0.1371974167886738,0.0232993624680131,0.0037800127415407,0.0122254082276293,0.0525346151474329,2.0094499798105536e-08,0.9555114450274363,0
PAN,2010,15.07376143743451,0.1118145413551074,0.0174622181249706,0.0021222883520604,0.0048294683216133,0.0502494830508461,1.3007999915395968e-08,1.1410330045520618,0
DEU,2010,18.20169983966404,0.1785083306796107,0.0059154223392334,0.0049524782097615,0.0255982267882616,0.0478323317643204,1.5269499883421184e-08,2.234306252240751,0
AUT,2010,15.952004417786664,0.1819384492509638,0.0074424610521162,0.003823904549072,0.0200429886031646,0.049825132614473,1.4985999887709904e-08,2.157559320943788,0
CYP,2010,13.845165491507387,0.1366245572296738,0.0190672442232185,0.0153185466597958,0.0068966493477176,0.0667974513081404,1.510669988589381e-08,1.2864740258376797,0
CHL,2010,16.629618943696705,0.3218135322965536,0.0250637524899255,0.0600891636607711,0.0261314793639312,0.0500534299865101,3.4846299392867704e-08,1.1085626195212777,0
KOR,2010,17.637488706633675,0.4665157756248278,0.0361596337882151,0.0761482609197587,0.0755367235735745,0.0523516751088897,8.999869595011724e-08,2.2905125117597764,0
BRN,2010,12.767653672546212,0.2066350723328663,0.1187198136317406,0.0030486421644171,0.0070484720553811,0.0468580277137851,1.997789980044176e-08,1.3376291891386096,0
SVN,2010,14.536957948099316,0.2036224443074745,0.0127156493776215,0.0098663916868104,0.0188296609806738,0.0513121492531614,1.7341099849643127e-08,1.7191887763932197,0
TTO,2010,13.965085447670685,0.0909821117610309,0.0114593649555928,0.0012361126978103,0.0059507342084028,0.0529645166564512,1.5681899877039005e-08,1.1151415906193205,0
ECU,2010,16.48517835507387,0.1628303361057037,0.0407933816309103,0.001573237812157,0.0078630540056735,0.0393168277804163,1.6493099863988832e-08,0.947789398933526,0
COL,2010,17.633274621703634,0.1791241973503885,0.0517139077673394,0.0028859177306296,0.0075595802355089,0.0349621737215105,1.9936199801273972e-08,0.9202827531436926,0
EST,2010,14.030031351929518,0.1596823206241858,0.0049593062865582,0.0095604518899444,0.0119800290274458,0.0513022864264901,1.1785399930552172e-08,1.8357763546448291,0
WSM,2010,12.005539723910104,0.0521976739130772,0.0006431091609658,0.0004204505982581,0.0002185151238312,0.0386084245351216,4.9519999877388485e-09,1.247032293786383,0
VCT,2010,10.917068502644067,0.0795711651302086,0.0015737290386119,0.0017225216074788,0.0006589948152114,0.0516272977345755,1.3061199914702528e-08,1.4154485507724637,0
MUS,2010,13.94840202212825,0.0806639583496744,0.0009080406063146,0.0013116863631882,0.0012201363308319,0.0501694881624617,9.232389957381487e-09,1.4816045409242156,0
SGP,2010,15.260726218128484,0.2091889946065005,0.0268326917182957,0.0604075592012262,0.0210335860221878,0.0558798409629252,3.5953999353654965e-08,1.1600209167967532,0
MLT,2010,12.758247446431245,0.1192310108341639,0.0020100664621606,0.0097883355544203,0.0071820035587255,0.0659441989646839,1.478809989065605e-08,1.691939133945844,0
SUR,2010,13.148848372960112,0.0923770560358013,0.0337352464143946,0.0006269464280103,0.0002755840232345,0.0442421520313115,1.2418299922892914e-08,1.3787660946990992,0
CUB,2010,16.206632517213976,0.1071745310365955,0.0114143279931332,0.0034157606417571,0.0032554103969157,0.0593111821386317,1.2168599925962588e-08,1.715598108262491,0
GRD,2010,11.305627334272703,0.0794603873887543,0.0013966991614614,0.0007734478121105,0.0005456281179016,0.0516061445720045,1.3431399909798748e-08,1.4855739252117144,0
PER,2010,17.173607692831414,0.1321526283156988,0.0569335168858576,0.0022250706931516,0.0038034347631204,0.0421936551735268,1.0979399939726388e-08,0.9521403847678525,0
THA,2010,18.002149358273822,0.296754171237384,0.0612504146731159,0.0202490149053065,0.0141208764805525,0.0511049172456751,4.1727299129416245e-08,1.085189268335969,0
PRY,2010,15.621151206287047,0.1495907135371904,0.0786949259775394,0.0006713346044886,0.0028332694986486,0.0423602266152138,1.5004899887426488e-08,0.6097655716208943,0
ARG,2010,17.527999662623156,0.1163325370806573,0.0375771719328818,0.0018470870838731,0.0103538177582093,0.0416732853299042,1.1039899939060303e-08,1.7303272297095538,0
BRA,2010,19.071295339432567,0.1496773866964238,0.0447860574706755,0.0064873237378957,0.0079298236758841,0.0465150353230422,1.6810399858705228e-08,1.2781522025001877,0
MEX,2010,18.584235395759567,0.2156944160697688,0.0546005700671482,0.2339428444691587,0.0209313939209378,0.0517906757546348,3.904599923770496e-08,0.7178397931503169,0
KEN,2010,17.508974892183765,0.2899625591641735,0.0376965724329943,0.0041734719378433,0.0088603756816442,0.0459194444202849,3.42679994128521e-08,0.8754687373538999,0
PNG,2010,15.71044313271202,0.094194942704,0.1224397124874917,0.0055222701599797,0.0012541152685969,0.02588026,9.145189958182749e-09,1.247032293786383,0
GRC,2010,16.148710313059333,0.1546434646745728,0.0116102356170045,0.0126167332367106,0.012524174090864,0.0591220630336176,1.4865499889508456e-08,1.7011051009599245,0
SLV,2010,15.598991079416631,0.1859070022288466,0.0705269011948231,0.0099871281959395,0.0135851308181924,0.0511299017436984,2.132709977257741e-08,0.7466879474879751,0
FJI,2010,13.50642125713229,0.0601477081111702,0.0102708032587769,0.0022283374110331,0.0006061882307833,0.0416739006637856,6.034659981791439e-09,1.1600209167967532,0
MDV,2010,7.814601552028292,0.1007042320753208,0.0010553898801248,0.0003619474891039,0.0001303625024397,0.0528540481839733,1.0855599941077974e-08,1.7825505301427451,0
VEN,2010,17.167545547288686,0.1432315831605565,0.0635236203624639,0.0030787737086084,0.0080851489179465,0.0461031545178129,2.1456799769802872e-08,0.6383389440649502,0
TZA,2010,17.625797683908075,0.1499483047766297,0.0402507862918928,0.0012787650313712,0.0024251409670359,0.0440850180815897,1.5407499881304473e-08,0.5538851132264376,0
JOR,2010,15.686655543578356,0.2376465588315225,0.0189820779925624,0.0595698502109815,0.0322443076050041,0.0600449951925023,3.7160399309552354e-08,0.959350221334602,0
TUR,2010,18.05932166944027,0.1562250610956803,0.0167957543184779,0.0121207006285126,0.0151696656054619,0.0561971431805392,1.7390299848788732e-08,1.316408233655724,1
SSD,2010,16.122623791438475,0.2284239653567874,0.1463537909326954,0.0010143593635467,0.0053435428116725,0.0401292661408447,2.995669955129807e-08,0.7178397931503169,1
CPV,2010,12.934316904505495,0.0896252584895986,0.0009806250300709,0.000677885183912,0.0006332264697941,0.0601453102726387,2.03994997919302e-08,1.1085626195212777,1
NIC,2010,15.554588863141529,0.1146396220823508,0.0446215752822739,0.0095028891819133,0.0034170871022557,0.047092558523702,1.2666699919777356e-08,0.6418538861723948,1
SYC,2010,11.062063067876528,0.0697386034930405,0.0007408125306246,0.0004092812330084,0.0001790489697764,0.045298713315175,6.619559978090713e-09,1.4973884086254776,1
LKA,2010,16.754317471519162,0.2111683888163627,0.0272054430297354,0.0176323848069616,0.0087403069902741,0.0545948999217671,3.0734699527689115e-08,1.4973884086254776,1
HND,2010,15.823147641402365,0.1421908250326475,0.0788182155196913,0.003602239139053,0.0049437843348023,0.0451491280976007,1.4277299898079352e-08,0.4762341789963716,1
FSM,2010,10.366405197892377,0.0662211185263076,0.0007676612726731,0.0001788380075301,3.779928559800287e-05,0.0404979215057354,6.492669978922618e-09,1.247032293786383,1
NAM,2010,14.597833696949545,0.1453775254327822,0.0630279151216028,0.0014739521985593,0.0031313870859365,0.0490262450054681,1.556149987891986e-08,0.7178397931503169,1
COM,2010,13.12392126326973,0.0798928078237306,0.0017868426454148,0.0005593945097126,0.0004120750853986,0.0487759866959468,6.577239978369958e-09,1.1505720275988207,1
HRV,2010,15.214119048023438,0.18220478330953,0.0129291916188105,0.0107043415651361,0.0129295933904205,0.0541072773945419,1.5541299879234e-08,1.912501086924184,1
CZE,2010,16.16576936927681,0.2031931027890104,0.0068787450924759,0.0113660015856528,0.0231595248409368,0.0481801954488305,1.9112999817346623e-08,2.122261538862764,1
ALB,2010,14.850056612172123,0.1449571949539024,0.0100440947740259,0.0085378317656602,0.0075053800389003,0.0597806353058848,1.3713199905974073e-08,1.3787660946990992,1
KIR,2010,9.4312117438447,0.0608462292596914,0.0005447296078838,0.0001699845518074,1.4199899180954418e-05,0.0373476939320141,7.302019973340252e-09,0.8415671856782186,1
HTI,2010,16.06623074797054,0.1544327337605933,0.0188694253319774,0.0011673703580065,0.0072206264194586,0.0573828502550997,2.010539979788645e-08,0.5068176023684519,1
DZA,2010,17.37745464491216,0.1550720937664525,0.0211317690859494,0.0062819302939873,0.0177261876927043,0.0618313608494309,2.4839999691487204e-08,0.9969486348916096,1
GTM,2010,16.505192206753055,0.2221608822530795,0.0758466686017824,0.0077742113563562,0.0119643972985982,0.0468908888666401,2.473359969412452e-08,0.4457536270222758,1
KWT,2010,14.857466597274978,0.2635908265479615,0.0565178589506851,0.1514531865757896,0.0640361146400597,0.0672332169941695,8.948969599579703e-08,1.252762968495368,1
LBY,2010,15.645419111869687,0.1261328767278332,0.0084464094409621,0.0052438081744201,0.0074338930202622,0.0634612948576839,4.4398399014391066e-08,1.547562508716013,1
SLB,2010,12.842480412692518,0.05596957895571,0.0215414656205849,0.0003146884803858,3.9799208001014304e-05,0.0351615208676756,5.5754999844569e-09,1.247032293786383,1
GUY,2010,13.491644468925486,0.0932701102768536,0.0350914996733228,0.0003627491985532,0.0002961881319642,0.0432024173953039,1.3706699906063191e-08,1.003254488682343,1
IRN,2010,18.122106953636344,0.254401760783801,0.0350656485852152,0.0306054950441617,0.033342916935013,0.0596371452846073,3.58215993584065e-08,0.9707789171582248,1
LTU,2010,14.94416465195026,0.1629570788463286,0.0039400617523344,0.0044070835256549,0.0067533844773086,0.052662198156532,1.4155899899805251e-08,2.0992441689760155,1
VUT,2010,12.04649520912606,0.0553990241322733,0.0054156568217744,0.0009690303384084,0.000147073184209,0.0430188044623468,6.965429975741392e-09,1.247032293786383,1
ETH,2010,18.286945397387797,0.2466713015206303,0.0440744426120018,0.0013480329951117,0.0063442277610958,0.0465790755265946,3.313949945088678e-08,0.2851789422336623,1
HUN,2010,16.120031843327542,0.1755096558883525,0.0077218665015864,0.0190033815137563,0.0155399894642635,0.0489766093347018,1.6046699871251712e-08,2.1041341542702074,1
VNM,2010,18.26383194320163,0.3654706308232793,0.0447839662546444,0.0100531483395464,0.0140969425555378,0.0545053536998021,5.3967398543759925e-08,1.1052568313867783,1
BOL,2010,16.11175488170249,0.1886041507389223,0.1327950218200781,0.0005475420714771,0.0025175562940621,0.0338725839720756,1.4871699889416271e-08,0.7227059828014898,1
POL,2010,17.468727540547988,0.1831359767306549,0.0046591184318543,0.0179124479144854,0.0191352468042151,0.0479584455261171,1.7280699850688706e-08,2.028148247292285,1
MWI,2010,16.506148421031423,0.2094781459335107,0.0471383893115661,0.0018419475725392,0.0050450005567539,0.0419645101507085,2.4728799694243233e-08,0.832909122935104,1
MAR,2010,17.288901327060533,0.1413949465586108,0.0166791189248086,0.0115260451986549,0.0089669207312304,0.0588742464671635,1.6755899859619912e-08,0.6097655716208943,1
LVA,2010,14.523174631692596,0.175384521103387,0.0060158872091756,0.0034289434482622,0.0069146208138326,0.0510460613765204,1.5122899885648948e-08,1.8991179875485544,1
TUN,2010,16.12994415241259,0.1670036781620106,0.0109330992632053,0.0160187204791311,0.0118963974228129,0.0602377031935118,2.771109961604748e-08,1.0367368849500225,1
SRB,2010,15.815044222047256,0.1709738527861916,0.013019465741606,0.0322186975039055,0.0106281307978487,0.0524836366067921,1.5719799876443946e-08,1.8421356765531216,1
GNQ,2010,13.44288102808392,0.1475810714152301,0.0380746460923196,0.001750872328088,0.0008726281492842,0.0454439562786033,1.7412999848393717e-08,1.1314021114911006,1
ZMB,2010,16.446239053938918,0.1822225943973382,0.0526590200096081,0.0060234734049771,0.0043956678809312,0.0463234946980633,2.05768997882956e-08,1.0986122886681098,1
GAB,2010,14.19259165096485,0.1711136994189755,0.0577275200904837,0.0013610623342921,0.0017350349559637,0.0431154466207671,1.935159981275779e-08,1.0818051703517284,1
DJI,2010,13.520160279829629,0.1146270572358307,0.0060279751965294,0.0023741794043197,0.0024710594163558,0.0583445386641469,3.017489954473771e-08,0.8185203854830044,1
TLS,2010,13.852853027552706,0.0901929618765717,0.0467992502816335,0.0005903726957402,0.0007859410673903,0.0389423544889505,7.553839971469751e-09,0.3646431135879093,1
ZAF,2010,17.75438448262585,0.3277396807433052,0.0349309830959569,0.0437399016057545,0.0299589056846314,0.0497669111368102,4.086389916507087e-08,1.1786549963416462,1
MRT,2010,15.070075065570268,0.1126683039103427,0.0212248791418545,0.0012351808499568,0.0021135349107215,0.0521210452436935,6.693289775999355e-08,0.7178397931503169,1
LBN,2010,15.077298340044893,0.2962992955570895,0.0168284077064272,0.0377241274812492,0.0359017837104535,0.0583052873657826,4.0505299179660364e-08,1.4929040961781488,1
IDN,2010,19.261593394305272,0.3339951762387118,0.0586902533078895,0.0211596003093566,0.0196319980339527,0.0486822356456229,4.9647498767562914e-08,0.4446858212614457,1
ROU,2010,16.82020136674431,0.1722847747206541,0.0083120192562831,0.0113609898611712,0.0133342158824756,0.050565508819565,1.5262599883526522e-08,2.0268315914075385,1
BTN,2010,13.684369004540685,0.3699018621000992,0.0572740936487815,0.0047481655992298,0.0077102028468562,0.0568405609849687,3.4304199411610944e-08,0.9895411936137476,1
RUS,2010,18.79139733049675,0.213461842458922,0.0098360876940035,0.0135757412030481,0.0177429212828352,0.0511181034271019,1.5951399872776422e-08,2.271094425902674,1
KHM,2010,16.478038568549596,0.2199042111123948,0.0655200951736159,0.0051541574805737,0.0060795728883646,0.0491601723499333,2.881499958484789e-08,0.5877866649021191,1
BIH,2010,15.168126132249728,0.1578191026431543,0.0142354415886033,0.0173600436749772,0.0077275861477949,0.0553355781501285,1.2673199919695e-08,1.181727195378616,1
MDG,2010,16.85537158005612,0.1514905757426631,0.0443300803852482,0.0007137991847365,0.0032233474294272,0.0432001820765478,1.3265399912014582e-08,0.2851789422336623,1
SVK,2010,15.499766088265432,0.1841194961984689,0.0084413463738874,0.0141934428404911,0.0175446888943158,0.0480543061939359,1.638109986582978e-08,2.009555414215669,1
MYS,2010,17.099639805741866,0.2427560664225655,0.1080248968398093,0.008268053251023,0.0182832854453752,0.051053063567293,3.0315199540494335e-08,1.068153081183401,1
BWA,2010,14.52030902786752,0.1628373260042271,0.0601489246904956,0.0055309142553369,0.0051277953566006,0.0502366884313338,1.3112699914028551e-08,1.244154593958768,1
ZWE,2010,16.44521076666398,0.1888356969708462,0.0499016138993322,0.0033206196350733,0.0053253073473082,0.0451553569737278,1.8763699823961783e-08,1.0224509277025458,1
AGO,2010,16.858806194903824,0.259260355398769,0.0827527129053897,0.0018574099456488,0.0067750395016062,0.0472529404307685,2.8821199584669224e-08,0.7178397931503169,1
MOZ,2010,16.9959349907958,0.1404318414209409,0.0423878099112466,0.0008168902542845,0.0027755575739164,0.0443482589376985,1.633779986653815e-08,0.6151856390902335,1
RWA,2010,16.140660661319576,0.4265201716935171,0.0496828018403334,0.1219643519788227,0.0120851465513253,0.0467780080778758,6.805879768399998e-08,0.5538851132264376,1
LBR,2010,15.12053268168198,0.1534072052327881,0.0378890759563557,0.0008108231940121,0.0014921641691089,0.0468127319551856,2.399989971200241e-08,0.5877866649021191,1
SOM,2010,16.062241605824227,0.0845568044062711,0.0290422591473899,0.000334529038921,0.0003161240275339,0.0484172052312699,1.3341399911003524e-08,0.6259384308664953,1
UGA,2010,17.316657336753135,0.3002685545633717,0.0656391030875101,0.0181476360042619,0.0063935069071799,0.0464268128749041,3.6828299321838185e-08,0.4054651081081644,1
MNE,2010,13.329072605989992,0.1443252251795894,0.0123359997125752,0.0079996007028351,0.0050209777679616,0.0597436320205408,1.1831499930007806e-08,1.589235205116581,1
SEN,2010,16.359093183170348,0.1558540882030916,0.0233543790185396,0.0271351861017989,0.0041645890481845,0.0535647770165109,5.2888598601398053e-08,0.5306282510621704,1
NPL,2010,17.138623206424782,0.5949970541219728,0.0664287401100544,0.0123537956617853,0.0136032241744529,0.0594327760733213,8.066819674632094e-08,0.2231435513142097,1
SDN,2010,17.39981653079423,0.1396674848707108,0.0277275916469417,0.0011487888892921,0.0036075499595558,0.0559163702721304,3.842369926180965e-08,0.5423242908253617,1
MKD,2010,14.5463530436417,0.1632949671026849,0.0153703338857912,0.0308665554972403,0.0122543201747475,0.0553570832909464,1.552899987942508e-08,1.7227665977411035,1
LAO,2010,15.648804417498438,0.4494457976545651,0.1318134768518542,0.0053874237365383,0.0109274612265475,0.0511310423365998,5.5836398441148284e-08,0.7227059828014898,1
MLI,2010,16.538221777189694,0.1608523071038951,0.0518089231281998,0.0006367462340821,0.0039948927793588,0.0440676429495452,4.498459898819291e-08,0.2231435513142097,1
ARE,2010,15.867380819883076,0.212710885412192,0.0509807858618475,0.0243121899949685,0.0523524402944488,0.070308747840165,7.51003971799651e-08,0.8197798314933114,1
COG,2010,15.11859155957734,0.2508098127616856,0.1154739682554241,0.0045932418946141,0.0041298245232369,0.0423940685934717,2.9120999575983687e-08,0.7178397931503169,2
SYR,2010,16.839647608905903,0.2101857443751576,0.019411764644815,0.0234977292454166,0.0218219028725772,0.0589315582813349,3.614489934677311e-08,0.9321640810304452,2
BGR,2010,15.816427250897991,0.1685689221787779,0.0132023343827877,0.0349164621797378,0.0133347595839421,0.0525829937084173,1.5607699878199852e-08,2.0255131996542803,2
MMR,2010,17.743130548576303,0.3226145436472776,0.1025245526133981,0.0036766707549774,0.0067722137074538,0.0484813951532403,3.797809927883198e-08,0.6259384308664953,2
BGD,2010,18.80331640024933,0.4807154151678998,0.0412850002765452,0.0163775428954039,0.0185926082634327,0.0561333259108516,7.530769716437532e-08,0.4317824164255378,2
ARM,2010,14.911876328432282,0.1495565047474988,0.0132456349736215,0.0094233335986636,0.0071068514004538,0.0556614866845955,2.0634899787100453e-08,1.6389967146756448,2
COD,2010,18.006395668231722,0.3188920924786982,0.2083427303586692,0.0137565266060736,0.0057418390466635,0.0382462211704332,3.925989922933014e-08,0.7178397931503169,2
BDI,2010,16.062753083001297,0.3543717207554149,0.0393587305515189,0.0093077026296971,0.0094074151842924,0.0468297055326259,4.6893498900499866e-08,0.585933096252796,2
STP,2010,11.737902214948516,0.0994670770138554,0.0015247769365845,0.0002305174288158,0.0001759345226142,0.0511707169871256,1.1121199938159456e-08,0.7178397931503169,2
CHN,2010,21.00172707118153,0.5147391774151923,0.0230283044952288,0.0717652506233265,0.0605291857331449,0.0523629968968942,1.0068499493126575e-07,1.2556160374777745,2
GEO,2010,15.25139208936935,0.1389045618860499,0.0235687813285183,0.0057506612063965,0.0053772506391982,0.0526001223877537,1.4631999892952289e-08,1.4883995840570443,2
BEN,2010,16.07172577871801,0.2063364658113873,0.0268694444984983,0.001968932379857,0.0045410776817897,0.0500635314697167,3.8004699277821415e-08,0.3576744442718159,2
PHL,2010,18.243239989958152,0.1618161778256518,0.0430030530020396,0.0356517027674078,0.0099386594979293,0.0489100453161752,2.20020997579538e-08,0.7030975114131134,2
ERI,2010,15.376469397634994,0.1377955773024466,0.0310522534781654,0.0017602698156406,0.0034685177316042,0.0558028905793856,2.398039971247021e-08,0.8197798314933114,2
BHS,2010,12.455631266616717,0.0968796448222549,0.0024084752934824,0.0022510255399044,0.0013541567157924,0.0638013261588297,7.730309970121154e-09,1.366091653802371,0
BHR,2010,13.477189306969082,0.2155544145270011,0.0300941841417934,0.0372061709019069,0.0374703427252923,0.0738063179179653,6.544709785833865e-08,1.015230679729059,2
SWZ,2010,13.9698936022214,0.21746156898295,0.0373196621079559,0.008958955444503,0.0114074054378931,0.0470202464862089,2.56191996718283e-08,1.1052568313867783,2
UKR,2010,17.58045524190999,0.1492043396888596,0.0052483821160361,0.0134077105882804,0.0109892780892441,0.0518106384199696,1.2746999918756997e-08,2.325324579963535,2
IND,2010,20.921862058864534,0.5160864849367337,0.0383116414189087,0.0313899353731016,0.0262963600460118,0.0586232404108485,8.637249626989585e-08,1.0331844833456545,2
NGA,2010,18.879542650837333,0.2971716414774503,0.0323541237263746,0.0028228161031402,0.008597262403432,0.0524996805295566,5.770359833514734e-08,0.7178397931503169,2
BFA,2010,16.563635677154622,0.1722412895160816,0.0378427401459498,0.0009777118839287,0.0043328904578707,0.045593578391038,4.146389914037252e-08,0.7178397931503169,2
BLR,2010,16.068647480650323,0.1459293223207408,0.0050537323552026,0.0049638526732468,0.0083205698505187,0.0502907778075355,1.0828999941366381e-08,2.474856313934499,2
GMB,2010,14.184183782789074,0.1726989005162752,0.0269785607456852,0.0120188968252871,0.004295467257019,0.0526428093722275,4.9166698791317855e-08,0.7178397931503169,2
IRQ,2010,17.24020413956475,0.2334150963151635,0.042219529513146,0.0246479091521633,0.0231446326483799,0.061874063121434,6.13442981184385e-08,0.7419373447293773,2
MDA,2010,15.20285512991966,0.1469656359670184,0.0047939894477135,0.0128834053795098,0.0067067056871734,0.0547136037542876,1.2705999919278782e-08,1.9544450515051504,2
